


Using shader api: shaderapiempty.dll
materialPath: D:\SteamLibrary\steamapps\common\Portal 2\portal2\materials
Loading D:\SteamLibrary\steamapps\common\Portal 2\sdk_content\maps\custom maps\cd_special_stage\cd_special_stage.vmf
ConVarRef gpu_level doesn't point to an existing ConVar
fixing up env_cubemap materials on brush sides...
0...1...2...3...4...5...6...7...8...9...100...1...2...3...4...5...6...7...8...9...10Processing areas...done (0)
Building Faces...done (0)
FixTjuncs...
PruneNodes...
WriteBSP...
done (0)
writing D:\SteamLibrary\steamapps\common\Portal 2\sdk_content\maps\custom maps\cd_special_stage\cd_special_stage.prt...Building visibility clusters...
done (0)
Finding displacement neighbors...
Finding lightmap sample positions...
Displacement Alpha : 0...1...2...3...4...5...6...7...8...9...10
Building Physics collision data...
done (0) (2281 bytes)
Placing detail props : 0...1...2...3...4...5...6...7...8...9...10
Compacting texture/material tables...
Reduced 3 texinfos to 3
Reduced 1 texdatas to 1 (25 bytes to 25)
Writing D:\SteamLibrary\steamapps\common\Portal 2\sdk_content\maps\custom maps\cd_special_stage\cd_special_stage.bsp

nummapplanes:     (    40 / 65536 )
nummapbrushes:    (     6 /  8192 )
nummapbrushsides: (    36 / 65536 )
num_map_overlays: (     0 /   512 )
nummodels:        (     1 /  1024 )
num_entities:     (     4 / 16384 )

0 seconds elapsed



24 threads
reading d:\steamlibrary\steamapps\common\portal 2\sdk_content\maps\custom maps\cd_special_stage\cd_special_stage.bsp
reading d:\steamlibrary\steamapps\common\portal 2\sdk_content\maps\custom maps\cd_special_stage\cd_special_stage.prt
   4 portalclusters
   4 numportals
0...1...2...3...4...5...6...7...8...9...100...1...2...3...4...5...6...7...8...9...10Optimized: 0 visible clusters (0.00%)
Total clusters visible: 16
Average clusters visible: 4
Building PAS...
Average clusters audible: 4
visdatasize:44  compressed from 64
writing d:\steamlibrary\steamapps\common\portal 2\sdk_content\maps\custom maps\cd_special_stage\cd_special_stage.bsp
0 seconds elapsed



[Reading texlights from 'lights.rad']
[59 texlights parsed from 'lights.rad']

Loading d:\steamlibrary\steamapps\common\portal 2\sdk_content\maps\custom maps\cd_special_stage\cd_special_stage.bsp
42 faces
56888 square feet [8192000.00 square inches]
0 Displacements
0 Square Feet [0.00 Square Inches]
42 patches before subdivision
5334 patches after subdivision
0 direct lights
0...1...2...3...4...5...6...7...8...9...100...1...2...3...4...5...6...7...8...9...10transfers 592432, max 256
transfer lists:   4.5 megs
0...1...2...3...4...5...6...7...8...9...10	Bounce #1 added RGB(0, 0, 0)
Build Patch/Sample Hash Table(s).....Done<0.0007 sec>
0...1...2...3...4...5...6...7...8...9...10FinalLightFace Done
0 of 0 (0% of) surface lights went in leaf ambient cubes.
0...1...2...3...4...5...6...7...8...9...10Writing leaf ambient...done
Ready to Finish

Object names       Objects/Maxobjs  Memory / Maxmem  Fullness 
------------       ---------------  ---------------  -------- 
models                   1/1024           48/49152    ( 0.1%) 
brushes                  6/8192           72/98304    ( 0.1%) 
brushsides              36/65536         288/524288   ( 0.1%) 
planes                  40/65536         800/1310720  ( 0.1%) 
vertexes                49/65536         588/786432   ( 0.1%) 
nodes                   27/65536         864/2097152  ( 0.0%) 
texinfos                 3/12288         216/884736   ( 0.0%) 
texdata                  1/2048           32/65536    ( 0.0%) 
dispinfos                0/0               0/0        ( 0.0%) 
disp_verts               0/0               0/0        ( 0.0%) 
disp_tris                0/0               0/0        ( 0.0%) 
disp_multiblend          0/0               0/0        ( 0.0%) 
disp_lmsamples           0/0               0/0        ( 0.0%) 
faces                   42/65536        2352/3670016  ( 0.1%) 
hdr faces                0/65536           0/3670016  ( 0.0%) 
origfaces                6/65536         336/3670016  ( 0.0%) 
facebrushes              0/0               0/0        ( 0.0%) 
facebrushlists          42/0             168/0        ( 0.0%) 
leaves                  29/65536         928/2097152  ( 0.0%) 
leaffaces               42/65536          84/131072   ( 0.1%) 
leafbrushes             16/65536          32/131072   ( 0.0%) 
areas                    2/256            16/2048     ( 0.8%) 
surfedges              200/512000        800/2048000  ( 0.0%) 
edges                  101/256000        404/1024000  ( 0.0%) 
LDR worldlights          0/8192            0/819200   ( 0.0%) 
HDR worldlights          0/8192            0/819200   ( 0.0%) 
leafwaterdata            0/32768           0/393216   ( 0.0%) 
waterstrips              0/32768           0/327680   ( 0.0%) 
waterverts               0/65536           0/786432   ( 0.0%) 
waterindices             0/65536           0/131072   ( 0.0%) 
cubemapsamples           0/1024            0/16384    ( 0.0%) 
overlays                 0/512             0/180224   ( 0.0%) 
LDR lightdata         [variable]      554600/0        ( 0.0%) 
HDR lightdata         [variable]           0/0        ( 0.0%) 
visdata               [variable]          44/16777216 ( 0.0%) 
entdata               [variable]         898/393216   ( 0.2%) 
LDR ambient table       29/65536         116/262144   ( 0.0%) 
HDR ambient table       29/65536         116/262144   ( 0.0%) 
LDR leaf ambient         4/65536         112/1835008  ( 0.0%) 
HDR leaf ambient        29/65536         812/1835008  ( 0.0%) 
occluders                0/0               0/0        ( 0.0%) 
occluder polygons        0/0               0/0        ( 0.0%) 
occluder vert ind        0/0               0/0        ( 0.0%) 
detail props          [variable]           1/12       ( 8.3%) 
static props          [variable]           1/12       ( 8.3%) 
pakfile               [variable]       74462/0        ( 0.0%) 
physics               [variable]        2281/4194304  ( 0.1%) 
physics terrain       [variable]           2/1048576  ( 0.0%) 

Level flags = 1

Total triangle count: 92
Writing d:\steamlibrary\steamapps\common\portal 2\sdk_content\maps\custom maps\cd_special_stage\cd_special_stage.bsp
0 seconds elapsed



Using shader api: shaderapiempty.dll
materialPath: D:\SteamLibrary\steamapps\common\Portal 2\portal2\materials
Loading D:\SteamLibrary\steamapps\common\Portal 2\sdk_content\maps\custom maps\cd_special_stage\cd_special_stage.vmf
ConVarRef gpu_level doesn't point to an existing ConVar
fixing up env_cubemap materials on brush sides...
0...1...2...3...4...5...6...7...8...9...100...1...2...3...4...5...6...7...8...9...10Processing areas...done (0)
Building Faces...done (0)
FixTjuncs...
PruneNodes...
WriteBSP...
done (0)
writing D:\SteamLibrary\steamapps\common\Portal 2\sdk_content\maps\custom maps\cd_special_stage\cd_special_stage.prt...Building visibility clusters...
done (0)
Finding displacement neighbors...
Finding lightmap sample positions...
Displacement Alpha : 0...1...2...3...4...5...6...7...8...9...10
Building Physics collision data...
done (0) (2281 bytes)
Placing detail props : 0...1...2...3...4...5...6...7...8...9...10
Compacting texture/material tables...
Reduced 3 texinfos to 3
Reduced 1 texdatas to 1 (25 bytes to 25)
Writing D:\SteamLibrary\steamapps\common\Portal 2\sdk_content\maps\custom maps\cd_special_stage\cd_special_stage.bsp

nummapplanes:     (    40 / 65536 )
nummapbrushes:    (     6 /  8192 )
nummapbrushsides: (    36 / 65536 )
num_map_overlays: (     0 /   512 )
nummodels:        (     1 /  1024 )
num_entities:     (     7 / 16384 )

0 seconds elapsed



24 threads
reading d:\steamlibrary\steamapps\common\portal 2\sdk_content\maps\custom maps\cd_special_stage\cd_special_stage.bsp
reading d:\steamlibrary\steamapps\common\portal 2\sdk_content\maps\custom maps\cd_special_stage\cd_special_stage.prt
   4 portalclusters
   4 numportals
0...1...2...3...4...5...6...7...8...9...100...1...2...3...4...5...6...7...8...9...10Optimized: 0 visible clusters (0.00%)
Total clusters visible: 16
Average clusters visible: 4
Building PAS...
Average clusters audible: 4
visdatasize:44  compressed from 64
writing d:\steamlibrary\steamapps\common\portal 2\sdk_content\maps\custom maps\cd_special_stage\cd_special_stage.bsp
0 seconds elapsed



[Reading texlights from 'lights.rad']
[59 texlights parsed from 'lights.rad']

Loading d:\steamlibrary\steamapps\common\portal 2\sdk_content\maps\custom maps\cd_special_stage\cd_special_stage.bsp
42 faces
56888 square feet [8192000.00 square inches]
0 Displacements
0 Square Feet [0.00 Square Inches]
42 patches before subdivision
5334 patches after subdivision
0 direct lights
0...1...2...3...4...5...6...7...8...9...100...1...2...3...4...5...6...7...8...9...10transfers 592432, max 256
transfer lists:   4.5 megs
0...1...2...3...4...5...6...7...8...9...10	Bounce #1 added RGB(0, 0, 0)
Build Patch/Sample Hash Table(s).....Done<0.0007 sec>
0...1...2...3...4...5...6...7...8...9...10FinalLightFace Done
0 of 0 (0% of) surface lights went in leaf ambient cubes.
0...1...2...3...4...5...6...7...8...9...10Writing leaf ambient...done
Ready to Finish

Object names       Objects/Maxobjs  Memory / Maxmem  Fullness 
------------       ---------------  ---------------  -------- 
models                   1/1024           48/49152    ( 0.1%) 
brushes                  6/8192           72/98304    ( 0.1%) 
brushsides              36/65536         288/524288   ( 0.1%) 
planes                  40/65536         800/1310720  ( 0.1%) 
vertexes                49/65536         588/786432   ( 0.1%) 
nodes                   27/65536         864/2097152  ( 0.0%) 
texinfos                 3/12288         216/884736   ( 0.0%) 
texdata                  1/2048           32/65536    ( 0.0%) 
dispinfos                0/0               0/0        ( 0.0%) 
disp_verts               0/0               0/0        ( 0.0%) 
disp_tris                0/0               0/0        ( 0.0%) 
disp_multiblend          0/0               0/0        ( 0.0%) 
disp_lmsamples           0/0               0/0        ( 0.0%) 
faces                   42/65536        2352/3670016  ( 0.1%) 
hdr faces                0/65536           0/3670016  ( 0.0%) 
origfaces                6/65536         336/3670016  ( 0.0%) 
facebrushes              0/0               0/0        ( 0.0%) 
facebrushlists          42/0             168/0        ( 0.0%) 
leaves                  29/65536         928/2097152  ( 0.0%) 
leaffaces               42/65536          84/131072   ( 0.1%) 
leafbrushes             16/65536          32/131072   ( 0.0%) 
areas                    2/256            16/2048     ( 0.8%) 
surfedges              200/512000        800/2048000  ( 0.0%) 
edges                  101/256000        404/1024000  ( 0.0%) 
LDR worldlights          0/8192            0/819200   ( 0.0%) 
HDR worldlights          0/8192            0/819200   ( 0.0%) 
leafwaterdata            0/32768           0/393216   ( 0.0%) 
waterstrips              0/32768           0/327680   ( 0.0%) 
waterverts               0/65536           0/786432   ( 0.0%) 
waterindices             0/65536           0/131072   ( 0.0%) 
cubemapsamples           0/1024            0/16384    ( 0.0%) 
overlays                 0/512             0/180224   ( 0.0%) 
LDR lightdata         [variable]      554600/0        ( 0.0%) 
HDR lightdata         [variable]           0/0        ( 0.0%) 
visdata               [variable]          44/16777216 ( 0.0%) 
entdata               [variable]        1871/393216   ( 0.5%) 
LDR ambient table       29/65536         116/262144   ( 0.0%) 
HDR ambient table       29/65536         116/262144   ( 0.0%) 
LDR leaf ambient         4/65536         112/1835008  ( 0.0%) 
HDR leaf ambient        29/65536         812/1835008  ( 0.0%) 
occluders                0/0               0/0        ( 0.0%) 
occluder polygons        0/0               0/0        ( 0.0%) 
occluder vert ind        0/0               0/0        ( 0.0%) 
detail props          [variable]           1/12       ( 8.3%) 
static props          [variable]           1/12       ( 8.3%) 
pakfile               [variable]       74462/0        ( 0.0%) 
physics               [variable]        2281/4194304  ( 0.1%) 
physics terrain       [variable]           2/1048576  ( 0.0%) 

Level flags = 1

Total triangle count: 92
Writing d:\steamlibrary\steamapps\common\portal 2\sdk_content\maps\custom maps\cd_special_stage\cd_special_stage.bsp
0 seconds elapsed



Using shader api: shaderapiempty.dll
materialPath: D:\SteamLibrary\steamapps\common\Portal 2\portal2\materials
Loading D:\SteamLibrary\steamapps\common\Portal 2\sdk_content\maps\custom maps\cd_special_stage\cd_special_stage.vmf
ConVarRef gpu_level doesn't point to an existing ConVar
fixing up env_cubemap materials on brush sides...
0...1...2...3...4...5...6...7...8...9...100...1...2...3...4...5...6...7...8...9...10Processing areas...done (0)
Building Faces...done (0)
FixTjuncs...
PruneNodes...
WriteBSP...
done (0)
writing D:\SteamLibrary\steamapps\common\Portal 2\sdk_content\maps\custom maps\cd_special_stage\cd_special_stage.prt...Building visibility clusters...
done (0)
Finding displacement neighbors...
Finding lightmap sample positions...
Displacement Alpha : 0...1...2...3...4...5...6...7...8...9...10
Building Physics collision data...
done (0) (2281 bytes)
Placing detail props : 0...1...2...3...4...5...6...7...8...9...10
Compacting texture/material tables...
Reduced 3 texinfos to 3
Reduced 1 texdatas to 1 (25 bytes to 25)
Writing D:\SteamLibrary\steamapps\common\Portal 2\sdk_content\maps\custom maps\cd_special_stage\cd_special_stage.bsp

nummapplanes:     (    40 / 65536 )
nummapbrushes:    (     6 /  8192 )
nummapbrushsides: (    36 / 65536 )
num_map_overlays: (     0 /   512 )
nummodels:        (     1 /  1024 )
num_entities:     (     7 / 16384 )

0 seconds elapsed



24 threads
reading d:\steamlibrary\steamapps\common\portal 2\sdk_content\maps\custom maps\cd_special_stage\cd_special_stage.bsp
reading d:\steamlibrary\steamapps\common\portal 2\sdk_content\maps\custom maps\cd_special_stage\cd_special_stage.prt
   4 portalclusters
   4 numportals
0...1...2...3...4...5...6...7...8...9...100...1...2...3...4...5...6...7...8...9...10Optimized: 0 visible clusters (0.00%)
Total clusters visible: 16
Average clusters visible: 4
Building PAS...
Average clusters audible: 4
visdatasize:44  compressed from 64
writing d:\steamlibrary\steamapps\common\portal 2\sdk_content\maps\custom maps\cd_special_stage\cd_special_stage.bsp
0 seconds elapsed



[Reading texlights from 'lights.rad']
[59 texlights parsed from 'lights.rad']

Loading d:\steamlibrary\steamapps\common\portal 2\sdk_content\maps\custom maps\cd_special_stage\cd_special_stage.bsp
42 faces
56888 square feet [8192000.00 square inches]
0 Displacements
0 Square Feet [0.00 Square Inches]
42 patches before subdivision
5334 patches after subdivision
0 direct lights
0...1...2...3...4...5...6...7...8...9...100...1...2...3...4...5...6...7...8...9...10transfers 592432, max 256
transfer lists:   4.5 megs
0...1...2...3...4...5...6...7...8...9...10	Bounce #1 added RGB(0, 0, 0)
Build Patch/Sample Hash Table(s).....Done<0.0007 sec>
0...1...2...3...4...5...6...7...8...9...10FinalLightFace Done
0 of 0 (0% of) surface lights went in leaf ambient cubes.
0...1...2...3...4...5...6...7...8...9...10Writing leaf ambient...done
Ready to Finish

Object names       Objects/Maxobjs  Memory / Maxmem  Fullness 
------------       ---------------  ---------------  -------- 
models                   1/1024           48/49152    ( 0.1%) 
brushes                  6/8192           72/98304    ( 0.1%) 
brushsides              36/65536         288/524288   ( 0.1%) 
planes                  40/65536         800/1310720  ( 0.1%) 
vertexes                49/65536         588/786432   ( 0.1%) 
nodes                   27/65536         864/2097152  ( 0.0%) 
texinfos                 3/12288         216/884736   ( 0.0%) 
texdata                  1/2048           32/65536    ( 0.0%) 
dispinfos                0/0               0/0        ( 0.0%) 
disp_verts               0/0               0/0        ( 0.0%) 
disp_tris                0/0               0/0        ( 0.0%) 
disp_multiblend          0/0               0/0        ( 0.0%) 
disp_lmsamples           0/0               0/0        ( 0.0%) 
faces                   42/65536        2352/3670016  ( 0.1%) 
hdr faces                0/65536           0/3670016  ( 0.0%) 
origfaces                6/65536         336/3670016  ( 0.0%) 
facebrushes              0/0               0/0        ( 0.0%) 
facebrushlists          42/0             168/0        ( 0.0%) 
leaves                  29/65536         928/2097152  ( 0.0%) 
leaffaces               42/65536          84/131072   ( 0.1%) 
leafbrushes             16/65536          32/131072   ( 0.0%) 
areas                    2/256            16/2048     ( 0.8%) 
surfedges              200/512000        800/2048000  ( 0.0%) 
edges                  101/256000        404/1024000  ( 0.0%) 
LDR worldlights          0/8192            0/819200   ( 0.0%) 
HDR worldlights          0/8192            0/819200   ( 0.0%) 
leafwaterdata            0/32768           0/393216   ( 0.0%) 
waterstrips              0/32768           0/327680   ( 0.0%) 
waterverts               0/65536           0/786432   ( 0.0%) 
waterindices             0/65536           0/131072   ( 0.0%) 
cubemapsamples           0/1024            0/16384    ( 0.0%) 
overlays                 0/512             0/180224   ( 0.0%) 
LDR lightdata         [variable]      554600/0        ( 0.0%) 
HDR lightdata         [variable]           0/0        ( 0.0%) 
visdata               [variable]          44/16777216 ( 0.0%) 
entdata               [variable]        1873/393216   ( 0.5%) 
LDR ambient table       29/65536         116/262144   ( 0.0%) 
HDR ambient table       29/65536         116/262144   ( 0.0%) 
LDR leaf ambient         4/65536         112/1835008  ( 0.0%) 
HDR leaf ambient        29/65536         812/1835008  ( 0.0%) 
occluders                0/0               0/0        ( 0.0%) 
occluder polygons        0/0               0/0        ( 0.0%) 
occluder vert ind        0/0               0/0        ( 0.0%) 
detail props          [variable]           1/12       ( 8.3%) 
static props          [variable]           1/12       ( 8.3%) 
pakfile               [variable]       74462/0        ( 0.0%) 
physics               [variable]        2281/4194304  ( 0.1%) 
physics terrain       [variable]           2/1048576  ( 0.0%) 

Level flags = 1

Total triangle count: 92
Writing d:\steamlibrary\steamapps\common\portal 2\sdk_content\maps\custom maps\cd_special_stage\cd_special_stage.bsp
0 seconds elapsed



Using shader api: shaderapiempty.dll
materialPath: D:\SteamLibrary\steamapps\common\Portal 2\portal2\materials
Loading D:\SteamLibrary\steamapps\common\Portal 2\sdk_content\maps\custom maps\cd_special_stage\cd_special_stage.vmf
ConVarRef gpu_level doesn't point to an existing ConVar
fixing up env_cubemap materials on brush sides...
0...1...2...3...4...5...6...7...8...9...100...1...2...3...4...5...6...7...8...9...10Processing areas...done (0)
Building Faces...done (0)
FixTjuncs...
PruneNodes...
WriteBSP...
done (0)
writing D:\SteamLibrary\steamapps\common\Portal 2\sdk_content\maps\custom maps\cd_special_stage\cd_special_stage.prt...Building visibility clusters...
done (0)
Finding displacement neighbors...
Finding lightmap sample positions...
Displacement Alpha : 0...1...2...3...4...5...6...7...8...9...10
Building Physics collision data...
done (0) (2281 bytes)
Placing detail props : 0...1...2...3...4...5...6...7...8...9...10
Compacting texture/material tables...
Reduced 3 texinfos to 3
Reduced 1 texdatas to 1 (25 bytes to 25)
Writing D:\SteamLibrary\steamapps\common\Portal 2\sdk_content\maps\custom maps\cd_special_stage\cd_special_stage.bsp

nummapplanes:     (    40 / 65536 )
nummapbrushes:    (     6 /  8192 )
nummapbrushsides: (    36 / 65536 )
num_map_overlays: (     0 /   512 )
nummodels:        (     1 /  1024 )
num_entities:     (     7 / 16384 )

0 seconds elapsed



24 threads
reading d:\steamlibrary\steamapps\common\portal 2\sdk_content\maps\custom maps\cd_special_stage\cd_special_stage.bsp
reading d:\steamlibrary\steamapps\common\portal 2\sdk_content\maps\custom maps\cd_special_stage\cd_special_stage.prt
   4 portalclusters
   4 numportals
0...1...2...3...4...5...6...7...8...9...100...1...2...3...4...5...6...7...8...9...10Optimized: 0 visible clusters (0.00%)
Total clusters visible: 16
Average clusters visible: 4
Building PAS...
Average clusters audible: 4
visdatasize:44  compressed from 64
writing d:\steamlibrary\steamapps\common\portal 2\sdk_content\maps\custom maps\cd_special_stage\cd_special_stage.bsp
0 seconds elapsed



[Reading texlights from 'lights.rad']
[59 texlights parsed from 'lights.rad']

Loading d:\steamlibrary\steamapps\common\portal 2\sdk_content\maps\custom maps\cd_special_stage\cd_special_stage.bsp
42 faces
56888 square feet [8192000.00 square inches]
0 Displacements
0 Square Feet [0.00 Square Inches]
42 patches before subdivision
5334 patches after subdivision
0 direct lights
0...1...2...3...4...5...6...7...8...9...100...1...2...3...4...5...6...7...8...9...10transfers 592432, max 256
transfer lists:   4.5 megs
0...1...2...3...4...5...6...7...8...9...10	Bounce #1 added RGB(0, 0, 0)
Build Patch/Sample Hash Table(s).....Done<0.0007 sec>
0...1...2...3...4...5...6...7...8...9...10FinalLightFace Done
0 of 0 (0% of) surface lights went in leaf ambient cubes.
0...1...2...3...4...5...6...7...8...9...10Writing leaf ambient...done
Ready to Finish

Object names       Objects/Maxobjs  Memory / Maxmem  Fullness 
------------       ---------------  ---------------  -------- 
models                   1/1024           48/49152    ( 0.1%) 
brushes                  6/8192           72/98304    ( 0.1%) 
brushsides              36/65536         288/524288   ( 0.1%) 
planes                  40/65536         800/1310720  ( 0.1%) 
vertexes                49/65536         588/786432   ( 0.1%) 
nodes                   27/65536         864/2097152  ( 0.0%) 
texinfos                 3/12288         216/884736   ( 0.0%) 
texdata                  1/2048           32/65536    ( 0.0%) 
dispinfos                0/0               0/0        ( 0.0%) 
disp_verts               0/0               0/0        ( 0.0%) 
disp_tris                0/0               0/0        ( 0.0%) 
disp_multiblend          0/0               0/0        ( 0.0%) 
disp_lmsamples           0/0               0/0        ( 0.0%) 
faces                   42/65536        2352/3670016  ( 0.1%) 
hdr faces                0/65536           0/3670016  ( 0.0%) 
origfaces                6/65536         336/3670016  ( 0.0%) 
facebrushes              0/0               0/0        ( 0.0%) 
facebrushlists          42/0             168/0        ( 0.0%) 
leaves                  29/65536         928/2097152  ( 0.0%) 
leaffaces               42/65536          84/131072   ( 0.1%) 
leafbrushes             16/65536          32/131072   ( 0.0%) 
areas                    2/256            16/2048     ( 0.8%) 
surfedges              200/512000        800/2048000  ( 0.0%) 
edges                  101/256000        404/1024000  ( 0.0%) 
LDR worldlights          0/8192            0/819200   ( 0.0%) 
HDR worldlights          0/8192            0/819200   ( 0.0%) 
leafwaterdata            0/32768           0/393216   ( 0.0%) 
waterstrips              0/32768           0/327680   ( 0.0%) 
waterverts               0/65536           0/786432   ( 0.0%) 
waterindices             0/65536           0/131072   ( 0.0%) 
cubemapsamples           0/1024            0/16384    ( 0.0%) 
overlays                 0/512             0/180224   ( 0.0%) 
LDR lightdata         [variable]      554600/0        ( 0.0%) 
HDR lightdata         [variable]           0/0        ( 0.0%) 
visdata               [variable]          44/16777216 ( 0.0%) 
entdata               [variable]        1929/393216   ( 0.5%) 
LDR ambient table       29/65536         116/262144   ( 0.0%) 
HDR ambient table       29/65536         116/262144   ( 0.0%) 
LDR leaf ambient         4/65536         112/1835008  ( 0.0%) 
HDR leaf ambient        29/65536         812/1835008  ( 0.0%) 
occluders                0/0               0/0        ( 0.0%) 
occluder polygons        0/0               0/0        ( 0.0%) 
occluder vert ind        0/0               0/0        ( 0.0%) 
detail props          [variable]           1/12       ( 8.3%) 
static props          [variable]           1/12       ( 8.3%) 
pakfile               [variable]       74462/0        ( 0.0%) 
physics               [variable]        2281/4194304  ( 0.1%) 
physics terrain       [variable]           2/1048576  ( 0.0%) 

Level flags = 1

Total triangle count: 92
Writing d:\steamlibrary\steamapps\common\portal 2\sdk_content\maps\custom maps\cd_special_stage\cd_special_stage.bsp
0 seconds elapsed



Using shader api: shaderapiempty.dll
materialPath: D:\SteamLibrary\steamapps\common\Portal 2\portal2\materials
Loading D:\SteamLibrary\steamapps\common\Portal 2\sdk_content\maps\custom maps\cd_special_stage\cd_special_stage.vmf
ConVarRef gpu_level doesn't point to an existing ConVar
fixing up env_cubemap materials on brush sides...
0...1...2...3...4...5...6...7...8...9...100...1...2...3...4...5...6...7...8...9...10Processing areas...done (0)
Building Faces...done (0)
FixTjuncs...
PruneNodes...
WriteBSP...
done (0)
writing D:\SteamLibrary\steamapps\common\Portal 2\sdk_content\maps\custom maps\cd_special_stage\cd_special_stage.prt...Building visibility clusters...
done (0)
Finding displacement neighbors...
Finding lightmap sample positions...
Displacement Alpha : 0...1...2...3...4...5...6...7...8...9...10
Building Physics collision data...
done (0) (2281 bytes)
Placing detail props : 0...1...2...3...4...5...6...7...8...9...10
Compacting texture/material tables...
Reduced 3 texinfos to 3
Reduced 1 texdatas to 1 (25 bytes to 25)
Writing D:\SteamLibrary\steamapps\common\Portal 2\sdk_content\maps\custom maps\cd_special_stage\cd_special_stage.bsp

nummapplanes:     (    40 / 65536 )
nummapbrushes:    (     6 /  8192 )
nummapbrushsides: (    36 / 65536 )
num_map_overlays: (     0 /   512 )
nummodels:        (     1 /  1024 )
num_entities:     (     7 / 16384 )

0 seconds elapsed



24 threads
reading d:\steamlibrary\steamapps\common\portal 2\sdk_content\maps\custom maps\cd_special_stage\cd_special_stage.bsp
reading d:\steamlibrary\steamapps\common\portal 2\sdk_content\maps\custom maps\cd_special_stage\cd_special_stage.prt
   4 portalclusters
   4 numportals
0...1...2...3...4...5...6...7...8...9...100...1...2...3...4...5...6...7...8...9...10Optimized: 0 visible clusters (0.00%)
Total clusters visible: 16
Average clusters visible: 4
Building PAS...
Average clusters audible: 4
visdatasize:44  compressed from 64
writing d:\steamlibrary\steamapps\common\portal 2\sdk_content\maps\custom maps\cd_special_stage\cd_special_stage.bsp
0 seconds elapsed



[Reading texlights from 'lights.rad']
[59 texlights parsed from 'lights.rad']

Loading d:\steamlibrary\steamapps\common\portal 2\sdk_content\maps\custom maps\cd_special_stage\cd_special_stage.bsp
42 faces
56888 square feet [8192000.00 square inches]
0 Displacements
0 Square Feet [0.00 Square Inches]
42 patches before subdivision
5334 patches after subdivision
0 direct lights
0...1...2...3...4...5...6...7...8...9...100...1...2...3...4...5...6...7...8...9...10transfers 592432, max 256
transfer lists:   4.5 megs
0...1...2...3...4...5...6...7...8...9...10	Bounce #1 added RGB(0, 0, 0)
Build Patch/Sample Hash Table(s).....Done<0.0007 sec>
0...1...2...3...4...5...6...7...8...9...10FinalLightFace Done
0 of 0 (0% of) surface lights went in leaf ambient cubes.
0...1...2...3...4...5...6...7...8...9...10Writing leaf ambient...done
Ready to Finish

Object names       Objects/Maxobjs  Memory / Maxmem  Fullness 
------------       ---------------  ---------------  -------- 
models                   1/1024           48/49152    ( 0.1%) 
brushes                  6/8192           72/98304    ( 0.1%) 
brushsides              36/65536         288/524288   ( 0.1%) 
planes                  40/65536         800/1310720  ( 0.1%) 
vertexes                49/65536         588/786432   ( 0.1%) 
nodes                   27/65536         864/2097152  ( 0.0%) 
texinfos                 3/12288         216/884736   ( 0.0%) 
texdata                  1/2048           32/65536    ( 0.0%) 
dispinfos                0/0               0/0        ( 0.0%) 
disp_verts               0/0               0/0        ( 0.0%) 
disp_tris                0/0               0/0        ( 0.0%) 
disp_multiblend          0/0               0/0        ( 0.0%) 
disp_lmsamples           0/0               0/0        ( 0.0%) 
faces                   42/65536        2352/3670016  ( 0.1%) 
hdr faces                0/65536           0/3670016  ( 0.0%) 
origfaces                6/65536         336/3670016  ( 0.0%) 
facebrushes              0/0               0/0        ( 0.0%) 
facebrushlists          42/0             168/0        ( 0.0%) 
leaves                  29/65536         928/2097152  ( 0.0%) 
leaffaces               42/65536          84/131072   ( 0.1%) 
leafbrushes             16/65536          32/131072   ( 0.0%) 
areas                    2/256            16/2048     ( 0.8%) 
surfedges              200/512000        800/2048000  ( 0.0%) 
edges                  101/256000        404/1024000  ( 0.0%) 
LDR worldlights          0/8192            0/819200   ( 0.0%) 
HDR worldlights          0/8192            0/819200   ( 0.0%) 
leafwaterdata            0/32768           0/393216   ( 0.0%) 
waterstrips              0/32768           0/327680   ( 0.0%) 
waterverts               0/65536           0/786432   ( 0.0%) 
waterindices             0/65536           0/131072   ( 0.0%) 
cubemapsamples           0/1024            0/16384    ( 0.0%) 
overlays                 0/512             0/180224   ( 0.0%) 
LDR lightdata         [variable]      554600/0        ( 0.0%) 
HDR lightdata         [variable]           0/0        ( 0.0%) 
visdata               [variable]          44/16777216 ( 0.0%) 
entdata               [variable]        1934/393216   ( 0.5%) 
LDR ambient table       29/65536         116/262144   ( 0.0%) 
HDR ambient table       29/65536         116/262144   ( 0.0%) 
LDR leaf ambient         4/65536         112/1835008  ( 0.0%) 
HDR leaf ambient        29/65536         812/1835008  ( 0.0%) 
occluders                0/0               0/0        ( 0.0%) 
occluder polygons        0/0               0/0        ( 0.0%) 
occluder vert ind        0/0               0/0        ( 0.0%) 
detail props          [variable]           1/12       ( 8.3%) 
static props          [variable]           1/12       ( 8.3%) 
pakfile               [variable]       74462/0        ( 0.0%) 
physics               [variable]        2281/4194304  ( 0.1%) 
physics terrain       [variable]           2/1048576  ( 0.0%) 

Level flags = 1

Total triangle count: 92
Writing d:\steamlibrary\steamapps\common\portal 2\sdk_content\maps\custom maps\cd_special_stage\cd_special_stage.bsp
0 seconds elapsed



Using shader api: shaderapiempty.dll
materialPath: D:\SteamLibrary\steamapps\common\Portal 2\portal2\materials
Loading D:\SteamLibrary\steamapps\common\Portal 2\sdk_content\maps\custom maps\cd_special_stage\cd_special_stage.vmf
ConVarRef gpu_level doesn't point to an existing ConVar
fixing up env_cubemap materials on brush sides...
0...1...2...3...4...5...6...7...8...9...100...1...2...3...4...5...6...7...8...9...10Processing areas...done (0)
Building Faces...done (0)
FixTjuncs...
PruneNodes...
WriteBSP...
done (0)
writing D:\SteamLibrary\steamapps\common\Portal 2\sdk_content\maps\custom maps\cd_special_stage\cd_special_stage.prt...Building visibility clusters...
done (0)
Finding displacement neighbors...
Finding lightmap sample positions...
Displacement Alpha : 0...1...2...3...4...5...6...7...8...9...10
Building Physics collision data...
done (0) (2281 bytes)
Placing detail props : 0...1...2...3...4...5...6...7...8...9...10
Compacting texture/material tables...
Reduced 3 texinfos to 3
Reduced 1 texdatas to 1 (25 bytes to 25)
Writing D:\SteamLibrary\steamapps\common\Portal 2\sdk_content\maps\custom maps\cd_special_stage\cd_special_stage.bsp

nummapplanes:     (    40 / 65536 )
nummapbrushes:    (     6 /  8192 )
nummapbrushsides: (    36 / 65536 )
num_map_overlays: (     0 /   512 )
nummodels:        (     1 /  1024 )
num_entities:     (     7 / 16384 )

0 seconds elapsed



24 threads
reading d:\steamlibrary\steamapps\common\portal 2\sdk_content\maps\custom maps\cd_special_stage\cd_special_stage.bsp
reading d:\steamlibrary\steamapps\common\portal 2\sdk_content\maps\custom maps\cd_special_stage\cd_special_stage.prt
   4 portalclusters
   4 numportals
0...1...2...3...4...5...6...7...8...9...100...1...2...3...4...5...6...7...8...9...10Optimized: 0 visible clusters (0.00%)
Total clusters visible: 16
Average clusters visible: 4
Building PAS...
Average clusters audible: 4
visdatasize:44  compressed from 64
writing d:\steamlibrary\steamapps\common\portal 2\sdk_content\maps\custom maps\cd_special_stage\cd_special_stage.bsp
0 seconds elapsed



[Reading texlights from 'lights.rad']
[59 texlights parsed from 'lights.rad']

Loading d:\steamlibrary\steamapps\common\portal 2\sdk_content\maps\custom maps\cd_special_stage\cd_special_stage.bsp
42 faces
56888 square feet [8192000.00 square inches]
0 Displacements
0 Square Feet [0.00 Square Inches]
42 patches before subdivision
5334 patches after subdivision
0 direct lights
0...1...2...3...4...5...6...7...8...9...100...1...2...3...4...5...6...7...8...9...10transfers 592432, max 256
transfer lists:   4.5 megs
0...1...2...3...4...5...6...7...8...9...10	Bounce #1 added RGB(0, 0, 0)
Build Patch/Sample Hash Table(s).....Done<0.0007 sec>
0...1...2...3...4...5...6...7...8...9...10FinalLightFace Done
0 of 0 (0% of) surface lights went in leaf ambient cubes.
0...1...2...3...4...5...6...7...8...9...10Writing leaf ambient...done
Ready to Finish

Object names       Objects/Maxobjs  Memory / Maxmem  Fullness 
------------       ---------------  ---------------  -------- 
models                   1/1024           48/49152    ( 0.1%) 
brushes                  6/8192           72/98304    ( 0.1%) 
brushsides              36/65536         288/524288   ( 0.1%) 
planes                  40/65536         800/1310720  ( 0.1%) 
vertexes                49/65536         588/786432   ( 0.1%) 
nodes                   27/65536         864/2097152  ( 0.0%) 
texinfos                 3/12288         216/884736   ( 0.0%) 
texdata                  1/2048           32/65536    ( 0.0%) 
dispinfos                0/0               0/0        ( 0.0%) 
disp_verts               0/0               0/0        ( 0.0%) 
disp_tris                0/0               0/0        ( 0.0%) 
disp_multiblend          0/0               0/0        ( 0.0%) 
disp_lmsamples           0/0               0/0        ( 0.0%) 
faces                   42/65536        2352/3670016  ( 0.1%) 
hdr faces                0/65536           0/3670016  ( 0.0%) 
origfaces                6/65536         336/3670016  ( 0.0%) 
facebrushes              0/0               0/0        ( 0.0%) 
facebrushlists          42/0             168/0        ( 0.0%) 
leaves                  29/65536         928/2097152  ( 0.0%) 
leaffaces               42/65536          84/131072   ( 0.1%) 
leafbrushes             16/65536          32/131072   ( 0.0%) 
areas                    2/256            16/2048     ( 0.8%) 
surfedges              200/512000        800/2048000  ( 0.0%) 
edges                  101/256000        404/1024000  ( 0.0%) 
LDR worldlights          0/8192            0/819200   ( 0.0%) 
HDR worldlights          0/8192            0/819200   ( 0.0%) 
leafwaterdata            0/32768           0/393216   ( 0.0%) 
waterstrips              0/32768           0/327680   ( 0.0%) 
waterverts               0/65536           0/786432   ( 0.0%) 
waterindices             0/65536           0/131072   ( 0.0%) 
cubemapsamples           0/1024            0/16384    ( 0.0%) 
overlays                 0/512             0/180224   ( 0.0%) 
LDR lightdata         [variable]      554600/0        ( 0.0%) 
HDR lightdata         [variable]           0/0        ( 0.0%) 
visdata               [variable]          44/16777216 ( 0.0%) 
entdata               [variable]        1934/393216   ( 0.5%) 
LDR ambient table       29/65536         116/262144   ( 0.0%) 
HDR ambient table       29/65536         116/262144   ( 0.0%) 
LDR leaf ambient         4/65536         112/1835008  ( 0.0%) 
HDR leaf ambient        29/65536         812/1835008  ( 0.0%) 
occluders                0/0               0/0        ( 0.0%) 
occluder polygons        0/0               0/0        ( 0.0%) 
occluder vert ind        0/0               0/0        ( 0.0%) 
detail props          [variable]           1/12       ( 8.3%) 
static props          [variable]           1/12       ( 8.3%) 
pakfile               [variable]       74462/0        ( 0.0%) 
physics               [variable]        2281/4194304  ( 0.1%) 
physics terrain       [variable]           2/1048576  ( 0.0%) 

Level flags = 1

Total triangle count: 92
Writing d:\steamlibrary\steamapps\common\portal 2\sdk_content\maps\custom maps\cd_special_stage\cd_special_stage.bsp
0 seconds elapsed



Using shader api: shaderapiempty.dll
materialPath: D:\SteamLibrary\steamapps\common\Portal 2\portal2\materials
Loading D:\SteamLibrary\steamapps\common\Portal 2\sdk_content\maps\custom maps\cd_special_stage\cd_special_stage.vmf
ConVarRef gpu_level doesn't point to an existing ConVar
fixing up env_cubemap materials on brush sides...
0...1...2...3...4...5...6...7...8...9...100...1...2...3...4...5...6...7...8...9...10Processing areas...done (0)
Building Faces...done (0)
FixTjuncs...
PruneNodes...
WriteBSP...
done (0)
writing D:\SteamLibrary\steamapps\common\Portal 2\sdk_content\maps\custom maps\cd_special_stage\cd_special_stage.prt...Building visibility clusters...
done (0)
Finding displacement neighbors...
Finding lightmap sample positions...
Displacement Alpha : 0...1...2...3...4...5...6...7...8...9...10
Building Physics collision data...
done (0) (2281 bytes)
Placing detail props : 0...1...2...3...4...5...6...7...8...9...10
Compacting texture/material tables...
Reduced 3 texinfos to 3
Reduced 1 texdatas to 1 (25 bytes to 25)
Writing D:\SteamLibrary\steamapps\common\Portal 2\sdk_content\maps\custom maps\cd_special_stage\cd_special_stage.bsp

nummapplanes:     (    40 / 65536 )
nummapbrushes:    (     6 /  8192 )
nummapbrushsides: (    36 / 65536 )
num_map_overlays: (     0 /   512 )
nummodels:        (     1 /  1024 )
num_entities:     (     7 / 16384 )

0 seconds elapsed



24 threads
reading d:\steamlibrary\steamapps\common\portal 2\sdk_content\maps\custom maps\cd_special_stage\cd_special_stage.bsp
reading d:\steamlibrary\steamapps\common\portal 2\sdk_content\maps\custom maps\cd_special_stage\cd_special_stage.prt
   4 portalclusters
   4 numportals
0...1...2...3...4...5...6...7...8...9...100...1...2...3...4...5...6...7...8...9...10Optimized: 0 visible clusters (0.00%)
Total clusters visible: 16
Average clusters visible: 4
Building PAS...
Average clusters audible: 4
visdatasize:44  compressed from 64
writing d:\steamlibrary\steamapps\common\portal 2\sdk_content\maps\custom maps\cd_special_stage\cd_special_stage.bsp
0 seconds elapsed



[Reading texlights from 'lights.rad']
[59 texlights parsed from 'lights.rad']

Loading d:\steamlibrary\steamapps\common\portal 2\sdk_content\maps\custom maps\cd_special_stage\cd_special_stage.bsp
42 faces
56888 square feet [8192000.00 square inches]
0 Displacements
0 Square Feet [0.00 Square Inches]
42 patches before subdivision
5334 patches after subdivision
0 direct lights
0...1...2...3...4...5...6...7...8...9...100...1...2...3...4...5...6...7...8...9...10transfers 592432, max 256
transfer lists:   4.5 megs
0...1...2...3...4...5...6...7...8...9...10	Bounce #1 added RGB(0, 0, 0)
Build Patch/Sample Hash Table(s).....Done<0.0007 sec>
0...1...2...3...4...5...6...7...8...9...10FinalLightFace Done
0 of 0 (0% of) surface lights went in leaf ambient cubes.
0...1...2...3...4...5...6...7...8...9...10Writing leaf ambient...done
Ready to Finish

Object names       Objects/Maxobjs  Memory / Maxmem  Fullness 
------------       ---------------  ---------------  -------- 
models                   1/1024           48/49152    ( 0.1%) 
brushes                  6/8192           72/98304    ( 0.1%) 
brushsides              36/65536         288/524288   ( 0.1%) 
planes                  40/65536         800/1310720  ( 0.1%) 
vertexes                49/65536         588/786432   ( 0.1%) 
nodes                   27/65536         864/2097152  ( 0.0%) 
texinfos                 3/12288         216/884736   ( 0.0%) 
texdata                  1/2048           32/65536    ( 0.0%) 
dispinfos                0/0               0/0        ( 0.0%) 
disp_verts               0/0               0/0        ( 0.0%) 
disp_tris                0/0               0/0        ( 0.0%) 
disp_multiblend          0/0               0/0        ( 0.0%) 
disp_lmsamples           0/0               0/0        ( 0.0%) 
faces                   42/65536        2352/3670016  ( 0.1%) 
hdr faces                0/65536           0/3670016  ( 0.0%) 
origfaces                6/65536         336/3670016  ( 0.0%) 
facebrushes              0/0               0/0        ( 0.0%) 
facebrushlists          42/0             168/0        ( 0.0%) 
leaves                  29/65536         928/2097152  ( 0.0%) 
leaffaces               42/65536          84/131072   ( 0.1%) 
leafbrushes             16/65536          32/131072   ( 0.0%) 
areas                    2/256            16/2048     ( 0.8%) 
surfedges              200/512000        800/2048000  ( 0.0%) 
edges                  101/256000        404/1024000  ( 0.0%) 
LDR worldlights          0/8192            0/819200   ( 0.0%) 
HDR worldlights          0/8192            0/819200   ( 0.0%) 
leafwaterdata            0/32768           0/393216   ( 0.0%) 
waterstrips              0/32768           0/327680   ( 0.0%) 
waterverts               0/65536           0/786432   ( 0.0%) 
waterindices             0/65536           0/131072   ( 0.0%) 
cubemapsamples           0/1024            0/16384    ( 0.0%) 
overlays                 0/512             0/180224   ( 0.0%) 
LDR lightdata         [variable]      554600/0        ( 0.0%) 
HDR lightdata         [variable]           0/0        ( 0.0%) 
visdata               [variable]          44/16777216 ( 0.0%) 
entdata               [variable]        2468/393216   ( 0.6%) 
LDR ambient table       29/65536         116/262144   ( 0.0%) 
HDR ambient table       29/65536         116/262144   ( 0.0%) 
LDR leaf ambient         4/65536         112/1835008  ( 0.0%) 
HDR leaf ambient        29/65536         812/1835008  ( 0.0%) 
occluders                0/0               0/0        ( 0.0%) 
occluder polygons        0/0               0/0        ( 0.0%) 
occluder vert ind        0/0               0/0        ( 0.0%) 
detail props          [variable]           1/12       ( 8.3%) 
static props          [variable]           1/12       ( 8.3%) 
pakfile               [variable]       74462/0        ( 0.0%) 
physics               [variable]        2281/4194304  ( 0.1%) 
physics terrain       [variable]           2/1048576  ( 0.0%) 

Level flags = 1

Total triangle count: 92
Writing d:\steamlibrary\steamapps\common\portal 2\sdk_content\maps\custom maps\cd_special_stage\cd_special_stage.bsp
0 seconds elapsed



Using shader api: shaderapiempty.dll
materialPath: D:\SteamLibrary\steamapps\common\Portal 2\portal2\materials
Loading D:\SteamLibrary\steamapps\common\Portal 2\sdk_content\maps\custom maps\cd_special_stage\cd_special_stage.vmf
ConVarRef gpu_level doesn't point to an existing ConVar
fixing up env_cubemap materials on brush sides...
0...1...2...3...4...5...6...7...8...9...100...1...2...3...4...5...6...7...8...9...10Processing areas...done (0)
Building Faces...done (0)
FixTjuncs...
PruneNodes...
WriteBSP...
done (0)
writing D:\SteamLibrary\steamapps\common\Portal 2\sdk_content\maps\custom maps\cd_special_stage\cd_special_stage.prt...Building visibility clusters...
done (0)
Finding displacement neighbors...
Finding lightmap sample positions...
Displacement Alpha : 0...1...2...3...4...5...6...7...8...9...10
Building Physics collision data...
done (0) (2281 bytes)
Placing detail props : 0...1...2...3...4...5...6...7...8...9...10
Compacting texture/material tables...
Reduced 3 texinfos to 3
Reduced 1 texdatas to 1 (25 bytes to 25)
Writing D:\SteamLibrary\steamapps\common\Portal 2\sdk_content\maps\custom maps\cd_special_stage\cd_special_stage.bsp

nummapplanes:     (    40 / 65536 )
nummapbrushes:    (     6 /  8192 )
nummapbrushsides: (    36 / 65536 )
num_map_overlays: (     0 /   512 )
nummodels:        (     1 /  1024 )
num_entities:     (     7 / 16384 )

0 seconds elapsed



24 threads
reading d:\steamlibrary\steamapps\common\portal 2\sdk_content\maps\custom maps\cd_special_stage\cd_special_stage.bsp
reading d:\steamlibrary\steamapps\common\portal 2\sdk_content\maps\custom maps\cd_special_stage\cd_special_stage.prt
   4 portalclusters
   4 numportals
0...1...2...3...4...5...6...7...8...9...100...1...2...3...4...5...6...7...8...9...10Optimized: 0 visible clusters (0.00%)
Total clusters visible: 16
Average clusters visible: 4
Building PAS...
Average clusters audible: 4
visdatasize:44  compressed from 64
writing d:\steamlibrary\steamapps\common\portal 2\sdk_content\maps\custom maps\cd_special_stage\cd_special_stage.bsp
0 seconds elapsed



[Reading texlights from 'lights.rad']
[59 texlights parsed from 'lights.rad']

Loading d:\steamlibrary\steamapps\common\portal 2\sdk_content\maps\custom maps\cd_special_stage\cd_special_stage.bsp
42 faces
56888 square feet [8192000.00 square inches]
0 Displacements
0 Square Feet [0.00 Square Inches]
42 patches before subdivision
5334 patches after subdivision
0 direct lights
0...1...2...3...4...5...6...7...8...9...100...1...2...3...4...5...6...7...8...9...10transfers 592432, max 256
transfer lists:   4.5 megs
0...1...2...3...4...5...6...7...8...9...10	Bounce #1 added RGB(0, 0, 0)
Build Patch/Sample Hash Table(s).....Done<0.0007 sec>
0...1...2...3...4...5...6...7...8...9...10FinalLightFace Done
0 of 0 (0% of) surface lights went in leaf ambient cubes.
0...1...2...3...4...5...6...7...8...9...10Writing leaf ambient...done
Ready to Finish

Object names       Objects/Maxobjs  Memory / Maxmem  Fullness 
------------       ---------------  ---------------  -------- 
models                   1/1024           48/49152    ( 0.1%) 
brushes                  6/8192           72/98304    ( 0.1%) 
brushsides              36/65536         288/524288   ( 0.1%) 
planes                  40/65536         800/1310720  ( 0.1%) 
vertexes                49/65536         588/786432   ( 0.1%) 
nodes                   27/65536         864/2097152  ( 0.0%) 
texinfos                 3/12288         216/884736   ( 0.0%) 
texdata                  1/2048           32/65536    ( 0.0%) 
dispinfos                0/0               0/0        ( 0.0%) 
disp_verts               0/0               0/0        ( 0.0%) 
disp_tris                0/0               0/0        ( 0.0%) 
disp_multiblend          0/0               0/0        ( 0.0%) 
disp_lmsamples           0/0               0/0        ( 0.0%) 
faces                   42/65536        2352/3670016  ( 0.1%) 
hdr faces                0/65536           0/3670016  ( 0.0%) 
origfaces                6/65536         336/3670016  ( 0.0%) 
facebrushes              0/0               0/0        ( 0.0%) 
facebrushlists          42/0             168/0        ( 0.0%) 
leaves                  29/65536         928/2097152  ( 0.0%) 
leaffaces               42/65536          84/131072   ( 0.1%) 
leafbrushes             16/65536          32/131072   ( 0.0%) 
areas                    2/256            16/2048     ( 0.8%) 
surfedges              200/512000        800/2048000  ( 0.0%) 
edges                  101/256000        404/1024000  ( 0.0%) 
LDR worldlights          0/8192            0/819200   ( 0.0%) 
HDR worldlights          0/8192            0/819200   ( 0.0%) 
leafwaterdata            0/32768           0/393216   ( 0.0%) 
waterstrips              0/32768           0/327680   ( 0.0%) 
waterverts               0/65536           0/786432   ( 0.0%) 
waterindices             0/65536           0/131072   ( 0.0%) 
cubemapsamples           0/1024            0/16384    ( 0.0%) 
overlays                 0/512             0/180224   ( 0.0%) 
LDR lightdata         [variable]      554600/0        ( 0.0%) 
HDR lightdata         [variable]           0/0        ( 0.0%) 
visdata               [variable]          44/16777216 ( 0.0%) 
entdata               [variable]        2468/393216   ( 0.6%) 
LDR ambient table       29/65536         116/262144   ( 0.0%) 
HDR ambient table       29/65536         116/262144   ( 0.0%) 
LDR leaf ambient         4/65536         112/1835008  ( 0.0%) 
HDR leaf ambient        29/65536         812/1835008  ( 0.0%) 
occluders                0/0               0/0        ( 0.0%) 
occluder polygons        0/0               0/0        ( 0.0%) 
occluder vert ind        0/0               0/0        ( 0.0%) 
detail props          [variable]           1/12       ( 8.3%) 
static props          [variable]           1/12       ( 8.3%) 
pakfile               [variable]       74462/0        ( 0.0%) 
physics               [variable]        2281/4194304  ( 0.1%) 
physics terrain       [variable]           2/1048576  ( 0.0%) 

Level flags = 1

Total triangle count: 92
Writing d:\steamlibrary\steamapps\common\portal 2\sdk_content\maps\custom maps\cd_special_stage\cd_special_stage.bsp
0 seconds elapsed



Using shader api: shaderapiempty.dll
materialPath: D:\SteamLibrary\steamapps\common\Portal 2\portal2\materials
Loading D:\SteamLibrary\steamapps\common\Portal 2\sdk_content\maps\custom maps\cd_special_stage\cd_special_stage.vmf
ConVarRef gpu_level doesn't point to an existing ConVar
fixing up env_cubemap materials on brush sides...
0...1...2...3...4...5...6...7...8...9...100...1...2...3...4...5...6...7...8...9...10Processing areas...done (0)
Building Faces...done (0)
FixTjuncs...
PruneNodes...
WriteBSP...
done (0)
writing D:\SteamLibrary\steamapps\common\Portal 2\sdk_content\maps\custom maps\cd_special_stage\cd_special_stage.prt...Building visibility clusters...
done (0)
Finding displacement neighbors...
Finding lightmap sample positions...
Displacement Alpha : 0...1...2...3...4...5...6...7...8...9...10
Building Physics collision data...
done (0) (2281 bytes)
Placing detail props : 0...1...2...3...4...5...6...7...8...9...10
Compacting texture/material tables...
Reduced 3 texinfos to 3
Reduced 1 texdatas to 1 (25 bytes to 25)
Writing D:\SteamLibrary\steamapps\common\Portal 2\sdk_content\maps\custom maps\cd_special_stage\cd_special_stage.bsp

nummapplanes:     (    40 / 65536 )
nummapbrushes:    (     6 /  8192 )
nummapbrushsides: (    36 / 65536 )
num_map_overlays: (     0 /   512 )
nummodels:        (     1 /  1024 )
num_entities:     (     8 / 16384 )

0 seconds elapsed



24 threads
reading d:\steamlibrary\steamapps\common\portal 2\sdk_content\maps\custom maps\cd_special_stage\cd_special_stage.bsp
reading d:\steamlibrary\steamapps\common\portal 2\sdk_content\maps\custom maps\cd_special_stage\cd_special_stage.prt
   4 portalclusters
   4 numportals
0...1...2...3...4...5...6...7...8...9...100...1...2...3...4...5...6...7...8...9...10Optimized: 0 visible clusters (0.00%)
Total clusters visible: 16
Average clusters visible: 4
Building PAS...
Average clusters audible: 4
visdatasize:44  compressed from 64
writing d:\steamlibrary\steamapps\common\portal 2\sdk_content\maps\custom maps\cd_special_stage\cd_special_stage.bsp
0 seconds elapsed



[Reading texlights from 'lights.rad']
[59 texlights parsed from 'lights.rad']

Loading d:\steamlibrary\steamapps\common\portal 2\sdk_content\maps\custom maps\cd_special_stage\cd_special_stage.bsp
42 faces
56888 square feet [8192000.00 square inches]
0 Displacements
0 Square Feet [0.00 Square Inches]
42 patches before subdivision
5334 patches after subdivision
0 direct lights
0...1...2...3...4...5...6...7...8...9...100...1...2...3...4...5...6...7...8...9...10transfers 592432, max 256
transfer lists:   4.5 megs
0...1...2...3...4...5...6...7...8...9...10	Bounce #1 added RGB(0, 0, 0)
Build Patch/Sample Hash Table(s).....Done<0.0007 sec>
0...1...2...3...4...5...6...7...8...9...10FinalLightFace Done
0 of 0 (0% of) surface lights went in leaf ambient cubes.
0...1...2...3...4...5...6...7...8...9...10Writing leaf ambient...done
Ready to Finish

Object names       Objects/Maxobjs  Memory / Maxmem  Fullness 
------------       ---------------  ---------------  -------- 
models                   1/1024           48/49152    ( 0.1%) 
brushes                  6/8192           72/98304    ( 0.1%) 
brushsides              36/65536         288/524288   ( 0.1%) 
planes                  40/65536         800/1310720  ( 0.1%) 
vertexes                49/65536         588/786432   ( 0.1%) 
nodes                   27/65536         864/2097152  ( 0.0%) 
texinfos                 3/12288         216/884736   ( 0.0%) 
texdata                  1/2048           32/65536    ( 0.0%) 
dispinfos                0/0               0/0        ( 0.0%) 
disp_verts               0/0               0/0        ( 0.0%) 
disp_tris                0/0               0/0        ( 0.0%) 
disp_multiblend          0/0               0/0        ( 0.0%) 
disp_lmsamples           0/0               0/0        ( 0.0%) 
faces                   42/65536        2352/3670016  ( 0.1%) 
hdr faces                0/65536           0/3670016  ( 0.0%) 
origfaces                6/65536         336/3670016  ( 0.0%) 
facebrushes              0/0               0/0        ( 0.0%) 
facebrushlists          42/0             168/0        ( 0.0%) 
leaves                  29/65536         928/2097152  ( 0.0%) 
leaffaces               42/65536          84/131072   ( 0.1%) 
leafbrushes             16/65536          32/131072   ( 0.0%) 
areas                    2/256            16/2048     ( 0.8%) 
surfedges              200/512000        800/2048000  ( 0.0%) 
edges                  101/256000        404/1024000  ( 0.0%) 
LDR worldlights          0/8192            0/819200   ( 0.0%) 
HDR worldlights          0/8192            0/819200   ( 0.0%) 
leafwaterdata            0/32768           0/393216   ( 0.0%) 
waterstrips              0/32768           0/327680   ( 0.0%) 
waterverts               0/65536           0/786432   ( 0.0%) 
waterindices             0/65536           0/131072   ( 0.0%) 
cubemapsamples           0/1024            0/16384    ( 0.0%) 
overlays                 0/512             0/180224   ( 0.0%) 
LDR lightdata         [variable]      554600/0        ( 0.0%) 
HDR lightdata         [variable]           0/0        ( 0.0%) 
visdata               [variable]          44/16777216 ( 0.0%) 
entdata               [variable]        2452/393216   ( 0.6%) 
LDR ambient table       29/65536         116/262144   ( 0.0%) 
HDR ambient table       29/65536         116/262144   ( 0.0%) 
LDR leaf ambient         4/65536         112/1835008  ( 0.0%) 
HDR leaf ambient        29/65536         812/1835008  ( 0.0%) 
occluders                0/0               0/0        ( 0.0%) 
occluder polygons        0/0               0/0        ( 0.0%) 
occluder vert ind        0/0               0/0        ( 0.0%) 
detail props          [variable]           1/12       ( 8.3%) 
static props          [variable]           1/12       ( 8.3%) 
pakfile               [variable]       74462/0        ( 0.0%) 
physics               [variable]        2281/4194304  ( 0.1%) 
physics terrain       [variable]           2/1048576  ( 0.0%) 

Level flags = 1

Total triangle count: 92
Writing d:\steamlibrary\steamapps\common\portal 2\sdk_content\maps\custom maps\cd_special_stage\cd_special_stage.bsp
0 seconds elapsed



Using shader api: shaderapiempty.dll
materialPath: D:\SteamLibrary\steamapps\common\Portal 2\portal2\materials
Loading D:\SteamLibrary\steamapps\common\Portal 2\sdk_content\maps\custom maps\cd_special_stage\cd_special_stage.vmf
ConVarRef gpu_level doesn't point to an existing ConVar
fixing up env_cubemap materials on brush sides...
0...1...2...3...4...5...6...7...8...9...100...1...2...3...4...5...6...7...8...9...10Processing areas...done (0)
Building Faces...done (0)
FixTjuncs...
PruneNodes...
WriteBSP...
done (0)
writing D:\SteamLibrary\steamapps\common\Portal 2\sdk_content\maps\custom maps\cd_special_stage\cd_special_stage.prt...Building visibility clusters...
done (0)
Finding displacement neighbors...
Finding lightmap sample positions...
Displacement Alpha : 0...1...2...3...4...5...6...7...8...9...10
Building Physics collision data...
done (0) (2281 bytes)
Placing detail props : 0...1...2...3...4...5...6...7...8...9...10
Compacting texture/material tables...
Reduced 3 texinfos to 3
Reduced 1 texdatas to 1 (25 bytes to 25)
Writing D:\SteamLibrary\steamapps\common\Portal 2\sdk_content\maps\custom maps\cd_special_stage\cd_special_stage.bsp

nummapplanes:     (    40 / 65536 )
nummapbrushes:    (     6 /  8192 )
nummapbrushsides: (    36 / 65536 )
num_map_overlays: (     0 /   512 )
nummodels:        (     1 /  1024 )
num_entities:     (     8 / 16384 )

0 seconds elapsed



24 threads
reading d:\steamlibrary\steamapps\common\portal 2\sdk_content\maps\custom maps\cd_special_stage\cd_special_stage.bsp
reading d:\steamlibrary\steamapps\common\portal 2\sdk_content\maps\custom maps\cd_special_stage\cd_special_stage.prt
   4 portalclusters
   4 numportals
0...1...2...3...4...5...6...7...8...9...100...1...2...3...4...5...6...7...8...9...10Optimized: 0 visible clusters (0.00%)
Total clusters visible: 16
Average clusters visible: 4
Building PAS...
Average clusters audible: 4
visdatasize:44  compressed from 64
writing d:\steamlibrary\steamapps\common\portal 2\sdk_content\maps\custom maps\cd_special_stage\cd_special_stage.bsp
0 seconds elapsed



[Reading texlights from 'lights.rad']
[59 texlights parsed from 'lights.rad']

Loading d:\steamlibrary\steamapps\common\portal 2\sdk_content\maps\custom maps\cd_special_stage\cd_special_stage.bsp
42 faces
56888 square feet [8192000.00 square inches]
0 Displacements
0 Square Feet [0.00 Square Inches]
42 patches before subdivision
5334 patches after subdivision
0 direct lights
0...1...2...3...4...5...6...7...8...9...100...1...2...3...4...5...6...7...8...9...10transfers 592432, max 256
transfer lists:   4.5 megs
0...1...2...3...4...5...6...7...8...9...10	Bounce #1 added RGB(0, 0, 0)
Build Patch/Sample Hash Table(s).....Done<0.0007 sec>
0...1...2...3...4...5...6...7...8...9...10FinalLightFace Done
0 of 0 (0% of) surface lights went in leaf ambient cubes.
0...1...2...3...4...5...6...7...8...9...10Writing leaf ambient...done
Ready to Finish

Object names       Objects/Maxobjs  Memory / Maxmem  Fullness 
------------       ---------------  ---------------  -------- 
models                   1/1024           48/49152    ( 0.1%) 
brushes                  6/8192           72/98304    ( 0.1%) 
brushsides              36/65536         288/524288   ( 0.1%) 
planes                  40/65536         800/1310720  ( 0.1%) 
vertexes                49/65536         588/786432   ( 0.1%) 
nodes                   27/65536         864/2097152  ( 0.0%) 
texinfos                 3/12288         216/884736   ( 0.0%) 
texdata                  1/2048           32/65536    ( 0.0%) 
dispinfos                0/0               0/0        ( 0.0%) 
disp_verts               0/0               0/0        ( 0.0%) 
disp_tris                0/0               0/0        ( 0.0%) 
disp_multiblend          0/0               0/0        ( 0.0%) 
disp_lmsamples           0/0               0/0        ( 0.0%) 
faces                   42/65536        2352/3670016  ( 0.1%) 
hdr faces                0/65536           0/3670016  ( 0.0%) 
origfaces                6/65536         336/3670016  ( 0.0%) 
facebrushes              0/0               0/0        ( 0.0%) 
facebrushlists          42/0             168/0        ( 0.0%) 
leaves                  29/65536         928/2097152  ( 0.0%) 
leaffaces               42/65536          84/131072   ( 0.1%) 
leafbrushes             16/65536          32/131072   ( 0.0%) 
areas                    2/256            16/2048     ( 0.8%) 
surfedges              200/512000        800/2048000  ( 0.0%) 
edges                  101/256000        404/1024000  ( 0.0%) 
LDR worldlights          0/8192            0/819200   ( 0.0%) 
HDR worldlights          0/8192            0/819200   ( 0.0%) 
leafwaterdata            0/32768           0/393216   ( 0.0%) 
waterstrips              0/32768           0/327680   ( 0.0%) 
waterverts               0/65536           0/786432   ( 0.0%) 
waterindices             0/65536           0/131072   ( 0.0%) 
cubemapsamples           0/1024            0/16384    ( 0.0%) 
overlays                 0/512             0/180224   ( 0.0%) 
LDR lightdata         [variable]      554600/0        ( 0.0%) 
HDR lightdata         [variable]           0/0        ( 0.0%) 
visdata               [variable]          44/16777216 ( 0.0%) 
entdata               [variable]        2487/393216   ( 0.6%) 
LDR ambient table       29/65536         116/262144   ( 0.0%) 
HDR ambient table       29/65536         116/262144   ( 0.0%) 
LDR leaf ambient         4/65536         112/1835008  ( 0.0%) 
HDR leaf ambient        29/65536         812/1835008  ( 0.0%) 
occluders                0/0               0/0        ( 0.0%) 
occluder polygons        0/0               0/0        ( 0.0%) 
occluder vert ind        0/0               0/0        ( 0.0%) 
detail props          [variable]           1/12       ( 8.3%) 
static props          [variable]           1/12       ( 8.3%) 
pakfile               [variable]       74462/0        ( 0.0%) 
physics               [variable]        2281/4194304  ( 0.1%) 
physics terrain       [variable]           2/1048576  ( 0.0%) 

Level flags = 1

Total triangle count: 92
Writing d:\steamlibrary\steamapps\common\portal 2\sdk_content\maps\custom maps\cd_special_stage\cd_special_stage.bsp
0 seconds elapsed



Using shader api: shaderapiempty.dll
materialPath: D:\SteamLibrary\steamapps\common\Portal 2\portal2\materials
Loading D:\SteamLibrary\steamapps\common\Portal 2\sdk_content\maps\custom maps\cd_special_stage\cd_special_stage.vmf
ConVarRef gpu_level doesn't point to an existing ConVar
fixing up env_cubemap materials on brush sides...
0...1...2...3...4...5...6...7...8...9...100...1...2...3...4...5...6...7...8...9...10Processing areas...done (0)
Building Faces...done (0)
FixTjuncs...
PruneNodes...
WriteBSP...
done (0)
writing D:\SteamLibrary\steamapps\common\Portal 2\sdk_content\maps\custom maps\cd_special_stage\cd_special_stage.prt...Building visibility clusters...
done (0)
Finding displacement neighbors...
Finding lightmap sample positions...
Displacement Alpha : 0...1...2...3...4...5...6...7...8...9...10
Building Physics collision data...
done (0) (2281 bytes)
Placing detail props : 0...1...2...3...4...5...6...7...8...9...10
Compacting texture/material tables...
Reduced 3 texinfos to 3
Reduced 1 texdatas to 1 (25 bytes to 25)
Writing D:\SteamLibrary\steamapps\common\Portal 2\sdk_content\maps\custom maps\cd_special_stage\cd_special_stage.bsp

nummapplanes:     (    40 / 65536 )
nummapbrushes:    (     6 /  8192 )
nummapbrushsides: (    36 / 65536 )
num_map_overlays: (     0 /   512 )
nummodels:        (     1 /  1024 )
num_entities:     (    10 / 16384 )

0 seconds elapsed



24 threads
reading d:\steamlibrary\steamapps\common\portal 2\sdk_content\maps\custom maps\cd_special_stage\cd_special_stage.bsp
reading d:\steamlibrary\steamapps\common\portal 2\sdk_content\maps\custom maps\cd_special_stage\cd_special_stage.prt
   4 portalclusters
   4 numportals
0...1...2...3...4...5...6...7...8...9...100...1...2...3...4...5...6...7...8...9...10Optimized: 0 visible clusters (0.00%)
Total clusters visible: 16
Average clusters visible: 4
Building PAS...
Average clusters audible: 4
visdatasize:44  compressed from 64
writing d:\steamlibrary\steamapps\common\portal 2\sdk_content\maps\custom maps\cd_special_stage\cd_special_stage.bsp
0 seconds elapsed



[Reading texlights from 'lights.rad']
[59 texlights parsed from 'lights.rad']

Loading d:\steamlibrary\steamapps\common\portal 2\sdk_content\maps\custom maps\cd_special_stage\cd_special_stage.bsp
42 faces
56888 square feet [8192000.00 square inches]
0 Displacements
0 Square Feet [0.00 Square Inches]
42 patches before subdivision
5334 patches after subdivision
0 direct lights
0...1...2...3...4...5...6...7...8...9...100...1...2...3...4...5...6...7...8...9...10transfers 592432, max 256
transfer lists:   4.5 megs
0...1...2...3...4...5...6...7...8...9...10	Bounce #1 added RGB(0, 0, 0)
Build Patch/Sample Hash Table(s).....Done<0.0007 sec>
0...1...2...3...4...5...6...7...8...9...10FinalLightFace Done
0 of 0 (0% of) surface lights went in leaf ambient cubes.
0...1...2...3...4...5...6...7...8...9...10Writing leaf ambient...done
Ready to Finish

Object names       Objects/Maxobjs  Memory / Maxmem  Fullness 
------------       ---------------  ---------------  -------- 
models                   1/1024           48/49152    ( 0.1%) 
brushes                  6/8192           72/98304    ( 0.1%) 
brushsides              36/65536         288/524288   ( 0.1%) 
planes                  40/65536         800/1310720  ( 0.1%) 
vertexes                49/65536         588/786432   ( 0.1%) 
nodes                   27/65536         864/2097152  ( 0.0%) 
texinfos                 3/12288         216/884736   ( 0.0%) 
texdata                  1/2048           32/65536    ( 0.0%) 
dispinfos                0/0               0/0        ( 0.0%) 
disp_verts               0/0               0/0        ( 0.0%) 
disp_tris                0/0               0/0        ( 0.0%) 
disp_multiblend          0/0               0/0        ( 0.0%) 
disp_lmsamples           0/0               0/0        ( 0.0%) 
faces                   42/65536        2352/3670016  ( 0.1%) 
hdr faces                0/65536           0/3670016  ( 0.0%) 
origfaces                6/65536         336/3670016  ( 0.0%) 
facebrushes              0/0               0/0        ( 0.0%) 
facebrushlists          42/0             168/0        ( 0.0%) 
leaves                  29/65536         928/2097152  ( 0.0%) 
leaffaces               42/65536          84/131072   ( 0.1%) 
leafbrushes             16/65536          32/131072   ( 0.0%) 
areas                    2/256            16/2048     ( 0.8%) 
surfedges              200/512000        800/2048000  ( 0.0%) 
edges                  101/256000        404/1024000  ( 0.0%) 
LDR worldlights          0/8192            0/819200   ( 0.0%) 
HDR worldlights          0/8192            0/819200   ( 0.0%) 
leafwaterdata            0/32768           0/393216   ( 0.0%) 
waterstrips              0/32768           0/327680   ( 0.0%) 
waterverts               0/65536           0/786432   ( 0.0%) 
waterindices             0/65536           0/131072   ( 0.0%) 
cubemapsamples           0/1024            0/16384    ( 0.0%) 
overlays                 0/512             0/180224   ( 0.0%) 
LDR lightdata         [variable]      554600/0        ( 0.0%) 
HDR lightdata         [variable]           0/0        ( 0.0%) 
visdata               [variable]          44/16777216 ( 0.0%) 
entdata               [variable]        3122/393216   ( 0.8%) 
LDR ambient table       29/65536         116/262144   ( 0.0%) 
HDR ambient table       29/65536         116/262144   ( 0.0%) 
LDR leaf ambient         4/65536         112/1835008  ( 0.0%) 
HDR leaf ambient        29/65536         812/1835008  ( 0.0%) 
occluders                0/0               0/0        ( 0.0%) 
occluder polygons        0/0               0/0        ( 0.0%) 
occluder vert ind        0/0               0/0        ( 0.0%) 
detail props          [variable]           1/12       ( 8.3%) 
static props          [variable]           1/12       ( 8.3%) 
pakfile               [variable]       74462/0        ( 0.0%) 
physics               [variable]        2281/4194304  ( 0.1%) 
physics terrain       [variable]           2/1048576  ( 0.0%) 

Level flags = 1

Total triangle count: 92
Writing d:\steamlibrary\steamapps\common\portal 2\sdk_content\maps\custom maps\cd_special_stage\cd_special_stage.bsp
0 seconds elapsed



Using shader api: shaderapiempty.dll
materialPath: D:\SteamLibrary\steamapps\common\Portal 2\portal2\materials
Loading D:\SteamLibrary\steamapps\common\Portal 2\sdk_content\maps\custom maps\cd_special_stage\cd_special_stage.vmf
ConVarRef gpu_level doesn't point to an existing ConVar
fixing up env_cubemap materials on brush sides...
0...1...2...3...4...5...6...7...8...9...100...1...2...3...4...5...6...7...8...9...10Processing areas...done (0)
Building Faces...done (0)
FixTjuncs...
PruneNodes...
WriteBSP...
done (0)
writing D:\SteamLibrary\steamapps\common\Portal 2\sdk_content\maps\custom maps\cd_special_stage\cd_special_stage.prt...Building visibility clusters...
done (0)
Finding displacement neighbors...
Finding lightmap sample positions...
Displacement Alpha : 0...1...2...3...4...5...6...7...8...9...10
Building Physics collision data...
done (0) (2281 bytes)
Placing detail props : 0...1...2...3...4...5...6...7...8...9...10
Compacting texture/material tables...
Reduced 3 texinfos to 3
Reduced 1 texdatas to 1 (25 bytes to 25)
Writing D:\SteamLibrary\steamapps\common\Portal 2\sdk_content\maps\custom maps\cd_special_stage\cd_special_stage.bsp

nummapplanes:     (    40 / 65536 )
nummapbrushes:    (     6 /  8192 )
nummapbrushsides: (    36 / 65536 )
num_map_overlays: (     0 /   512 )
nummodels:        (     1 /  1024 )
num_entities:     (    10 / 16384 )

0 seconds elapsed



24 threads
reading d:\steamlibrary\steamapps\common\portal 2\sdk_content\maps\custom maps\cd_special_stage\cd_special_stage.bsp
reading d:\steamlibrary\steamapps\common\portal 2\sdk_content\maps\custom maps\cd_special_stage\cd_special_stage.prt
   4 portalclusters
   4 numportals
0...1...2...3...4...5...6...7...8...9...100...1...2...3...4...5...6...7...8...9...10Optimized: 0 visible clusters (0.00%)
Total clusters visible: 16
Average clusters visible: 4
Building PAS...
Average clusters audible: 4
visdatasize:44  compressed from 64
writing d:\steamlibrary\steamapps\common\portal 2\sdk_content\maps\custom maps\cd_special_stage\cd_special_stage.bsp
0 seconds elapsed



[Reading texlights from 'lights.rad']
[59 texlights parsed from 'lights.rad']

Loading d:\steamlibrary\steamapps\common\portal 2\sdk_content\maps\custom maps\cd_special_stage\cd_special_stage.bsp
42 faces
56888 square feet [8192000.00 square inches]
0 Displacements
0 Square Feet [0.00 Square Inches]
42 patches before subdivision
5334 patches after subdivision
0 direct lights
0...1...2...3...4...5...6...7...8...9...100...1...2...3...4...5...6...7...8...9...10transfers 592432, max 256
transfer lists:   4.5 megs
0...1...2...3...4...5...6...7...8...9...10	Bounce #1 added RGB(0, 0, 0)
Build Patch/Sample Hash Table(s).....Done<0.0007 sec>
0...1...2...3...4...5...6...7...8...9...10FinalLightFace Done
0 of 0 (0% of) surface lights went in leaf ambient cubes.
0...1...2...3...4...5...6...7...8...9...10Writing leaf ambient...done
Ready to Finish

Object names       Objects/Maxobjs  Memory / Maxmem  Fullness 
------------       ---------------  ---------------  -------- 
models                   1/1024           48/49152    ( 0.1%) 
brushes                  6/8192           72/98304    ( 0.1%) 
brushsides              36/65536         288/524288   ( 0.1%) 
planes                  40/65536         800/1310720  ( 0.1%) 
vertexes                49/65536         588/786432   ( 0.1%) 
nodes                   27/65536         864/2097152  ( 0.0%) 
texinfos                 3/12288         216/884736   ( 0.0%) 
texdata                  1/2048           32/65536    ( 0.0%) 
dispinfos                0/0               0/0        ( 0.0%) 
disp_verts               0/0               0/0        ( 0.0%) 
disp_tris                0/0               0/0        ( 0.0%) 
disp_multiblend          0/0               0/0        ( 0.0%) 
disp_lmsamples           0/0               0/0        ( 0.0%) 
faces                   42/65536        2352/3670016  ( 0.1%) 
hdr faces                0/65536           0/3670016  ( 0.0%) 
origfaces                6/65536         336/3670016  ( 0.0%) 
facebrushes              0/0               0/0        ( 0.0%) 
facebrushlists          42/0             168/0        ( 0.0%) 
leaves                  29/65536         928/2097152  ( 0.0%) 
leaffaces               42/65536          84/131072   ( 0.1%) 
leafbrushes             16/65536          32/131072   ( 0.0%) 
areas                    2/256            16/2048     ( 0.8%) 
surfedges              200/512000        800/2048000  ( 0.0%) 
edges                  101/256000        404/1024000  ( 0.0%) 
LDR worldlights          0/8192            0/819200   ( 0.0%) 
HDR worldlights          0/8192            0/819200   ( 0.0%) 
leafwaterdata            0/32768           0/393216   ( 0.0%) 
waterstrips              0/32768           0/327680   ( 0.0%) 
waterverts               0/65536           0/786432   ( 0.0%) 
waterindices             0/65536           0/131072   ( 0.0%) 
cubemapsamples           0/1024            0/16384    ( 0.0%) 
overlays                 0/512             0/180224   ( 0.0%) 
LDR lightdata         [variable]      554600/0        ( 0.0%) 
HDR lightdata         [variable]           0/0        ( 0.0%) 
visdata               [variable]          44/16777216 ( 0.0%) 
entdata               [variable]        3291/393216   ( 0.8%) 
LDR ambient table       29/65536         116/262144   ( 0.0%) 
HDR ambient table       29/65536         116/262144   ( 0.0%) 
LDR leaf ambient         4/65536         112/1835008  ( 0.0%) 
HDR leaf ambient        29/65536         812/1835008  ( 0.0%) 
occluders                0/0               0/0        ( 0.0%) 
occluder polygons        0/0               0/0        ( 0.0%) 
occluder vert ind        0/0               0/0        ( 0.0%) 
detail props          [variable]           1/12       ( 8.3%) 
static props          [variable]           1/12       ( 8.3%) 
pakfile               [variable]       74462/0        ( 0.0%) 
physics               [variable]        2281/4194304  ( 0.1%) 
physics terrain       [variable]           2/1048576  ( 0.0%) 

Level flags = 1

Total triangle count: 92
Writing d:\steamlibrary\steamapps\common\portal 2\sdk_content\maps\custom maps\cd_special_stage\cd_special_stage.bsp
0 seconds elapsed



Using shader api: shaderapiempty.dll
materialPath: D:\SteamLibrary\steamapps\common\Portal 2\portal2\materials
Loading D:\SteamLibrary\steamapps\common\Portal 2\sdk_content\maps\custom maps\cd_special_stage\cd_special_stage.vmf
ConVarRef gpu_level doesn't point to an existing ConVar
fixing up env_cubemap materials on brush sides...
0...1...2...3...4...5...6...7...8...9...100...1...2...3...4...5...6...7...8...9...10Processing areas...done (0)
Building Faces...done (0)
FixTjuncs...
PruneNodes...
WriteBSP...
done (0)
writing D:\SteamLibrary\steamapps\common\Portal 2\sdk_content\maps\custom maps\cd_special_stage\cd_special_stage.prt...Building visibility clusters...
done (0)
Finding displacement neighbors...
Finding lightmap sample positions...
Displacement Alpha : 0...1...2...3...4...5...6...7...8...9...10
Building Physics collision data...
done (0) (2281 bytes)
Placing detail props : 0...1...2...3...4...5...6...7...8...9...10
Compacting texture/material tables...
Reduced 3 texinfos to 3
Reduced 1 texdatas to 1 (25 bytes to 25)
Writing D:\SteamLibrary\steamapps\common\Portal 2\sdk_content\maps\custom maps\cd_special_stage\cd_special_stage.bsp

nummapplanes:     (    40 / 65536 )
nummapbrushes:    (     6 /  8192 )
nummapbrushsides: (    36 / 65536 )
num_map_overlays: (     0 /   512 )
nummodels:        (     1 /  1024 )
num_entities:     (    10 / 16384 )

0 seconds elapsed



24 threads
reading d:\steamlibrary\steamapps\common\portal 2\sdk_content\maps\custom maps\cd_special_stage\cd_special_stage.bsp
reading d:\steamlibrary\steamapps\common\portal 2\sdk_content\maps\custom maps\cd_special_stage\cd_special_stage.prt
   4 portalclusters
   4 numportals
0...1...2...3...4...5...6...7...8...9...100...1...2...3...4...5...6...7...8...9...10Optimized: 0 visible clusters (0.00%)
Total clusters visible: 16
Average clusters visible: 4
Building PAS...
Average clusters audible: 4
visdatasize:44  compressed from 64
writing d:\steamlibrary\steamapps\common\portal 2\sdk_content\maps\custom maps\cd_special_stage\cd_special_stage.bsp
0 seconds elapsed



[Reading texlights from 'lights.rad']
[59 texlights parsed from 'lights.rad']

Loading d:\steamlibrary\steamapps\common\portal 2\sdk_content\maps\custom maps\cd_special_stage\cd_special_stage.bsp
42 faces
56888 square feet [8192000.00 square inches]
0 Displacements
0 Square Feet [0.00 Square Inches]
42 patches before subdivision
5334 patches after subdivision
0 direct lights
0...1...2...3...4...5...6...7...8...9...100...1...2...3...4...5...6...7...8...9...10transfers 592432, max 256
transfer lists:   4.5 megs
0...1...2...3...4...5...6...7...8...9...10	Bounce #1 added RGB(0, 0, 0)
Build Patch/Sample Hash Table(s).....Done<0.0007 sec>
0...1...2...3...4...5...6...7...8...9...10FinalLightFace Done
0 of 0 (0% of) surface lights went in leaf ambient cubes.
0...1...2...3...4...5...6...7...8...9...10Writing leaf ambient...done
Ready to Finish

Object names       Objects/Maxobjs  Memory / Maxmem  Fullness 
------------       ---------------  ---------------  -------- 
models                   1/1024           48/49152    ( 0.1%) 
brushes                  6/8192           72/98304    ( 0.1%) 
brushsides              36/65536         288/524288   ( 0.1%) 
planes                  40/65536         800/1310720  ( 0.1%) 
vertexes                49/65536         588/786432   ( 0.1%) 
nodes                   27/65536         864/2097152  ( 0.0%) 
texinfos                 3/12288         216/884736   ( 0.0%) 
texdata                  1/2048           32/65536    ( 0.0%) 
dispinfos                0/0               0/0        ( 0.0%) 
disp_verts               0/0               0/0        ( 0.0%) 
disp_tris                0/0               0/0        ( 0.0%) 
disp_multiblend          0/0               0/0        ( 0.0%) 
disp_lmsamples           0/0               0/0        ( 0.0%) 
faces                   42/65536        2352/3670016  ( 0.1%) 
hdr faces                0/65536           0/3670016  ( 0.0%) 
origfaces                6/65536         336/3670016  ( 0.0%) 
facebrushes              0/0               0/0        ( 0.0%) 
facebrushlists          42/0             168/0        ( 0.0%) 
leaves                  29/65536         928/2097152  ( 0.0%) 
leaffaces               42/65536          84/131072   ( 0.1%) 
leafbrushes             16/65536          32/131072   ( 0.0%) 
areas                    2/256            16/2048     ( 0.8%) 
surfedges              200/512000        800/2048000  ( 0.0%) 
edges                  101/256000        404/1024000  ( 0.0%) 
LDR worldlights          0/8192            0/819200   ( 0.0%) 
HDR worldlights          0/8192            0/819200   ( 0.0%) 
leafwaterdata            0/32768           0/393216   ( 0.0%) 
waterstrips              0/32768           0/327680   ( 0.0%) 
waterverts               0/65536           0/786432   ( 0.0%) 
waterindices             0/65536           0/131072   ( 0.0%) 
cubemapsamples           0/1024            0/16384    ( 0.0%) 
overlays                 0/512             0/180224   ( 0.0%) 
LDR lightdata         [variable]      554600/0        ( 0.0%) 
HDR lightdata         [variable]           0/0        ( 0.0%) 
visdata               [variable]          44/16777216 ( 0.0%) 
entdata               [variable]        3446/393216   ( 0.9%) 
LDR ambient table       29/65536         116/262144   ( 0.0%) 
HDR ambient table       29/65536         116/262144   ( 0.0%) 
LDR leaf ambient         4/65536         112/1835008  ( 0.0%) 
HDR leaf ambient        29/65536         812/1835008  ( 0.0%) 
occluders                0/0               0/0        ( 0.0%) 
occluder polygons        0/0               0/0        ( 0.0%) 
occluder vert ind        0/0               0/0        ( 0.0%) 
detail props          [variable]           1/12       ( 8.3%) 
static props          [variable]           1/12       ( 8.3%) 
pakfile               [variable]       74462/0        ( 0.0%) 
physics               [variable]        2281/4194304  ( 0.1%) 
physics terrain       [variable]           2/1048576  ( 0.0%) 

Level flags = 1

Total triangle count: 92
Writing d:\steamlibrary\steamapps\common\portal 2\sdk_content\maps\custom maps\cd_special_stage\cd_special_stage.bsp
0 seconds elapsed



Using shader api: shaderapiempty.dll
materialPath: D:\SteamLibrary\steamapps\common\Portal 2\portal2\materials
Loading D:\SteamLibrary\steamapps\common\Portal 2\sdk_content\maps\custom maps\cd_special_stage\cd_special_stage.vmf
ConVarRef gpu_level doesn't point to an existing ConVar
fixing up env_cubemap materials on brush sides...
0...1...2...3...4...5...6...7...8...9...100...1...2...3...4...5...6...7...8...9...10Processing areas...done (0)
Building Faces...done (0)
FixTjuncs...
PruneNodes...
WriteBSP...
done (0)
writing D:\SteamLibrary\steamapps\common\Portal 2\sdk_content\maps\custom maps\cd_special_stage\cd_special_stage.prt...Building visibility clusters...
done (0)
Finding displacement neighbors...
Finding lightmap sample positions...
Displacement Alpha : 0...1...2...3...4...5...6...7...8...9...10
Building Physics collision data...
done (0) (2281 bytes)
Placing detail props : 0...1...2...3...4...5...6...7...8...9...10
Compacting texture/material tables...
Reduced 3 texinfos to 3
Reduced 1 texdatas to 1 (25 bytes to 25)
Writing D:\SteamLibrary\steamapps\common\Portal 2\sdk_content\maps\custom maps\cd_special_stage\cd_special_stage.bsp

nummapplanes:     (    40 / 65536 )
nummapbrushes:    (     6 /  8192 )
nummapbrushsides: (    36 / 65536 )
num_map_overlays: (     0 /   512 )
nummodels:        (     1 /  1024 )
num_entities:     (    10 / 16384 )

0 seconds elapsed



24 threads
reading d:\steamlibrary\steamapps\common\portal 2\sdk_content\maps\custom maps\cd_special_stage\cd_special_stage.bsp
reading d:\steamlibrary\steamapps\common\portal 2\sdk_content\maps\custom maps\cd_special_stage\cd_special_stage.prt
   4 portalclusters
   4 numportals
0...1...2...3...4...5...6...7...8...9...100...1...2...3...4...5...6...7...8...9...10Optimized: 0 visible clusters (0.00%)
Total clusters visible: 16
Average clusters visible: 4
Building PAS...
Average clusters audible: 4
visdatasize:44  compressed from 64
writing d:\steamlibrary\steamapps\common\portal 2\sdk_content\maps\custom maps\cd_special_stage\cd_special_stage.bsp
0 seconds elapsed



[Reading texlights from 'lights.rad']
[59 texlights parsed from 'lights.rad']

Loading d:\steamlibrary\steamapps\common\portal 2\sdk_content\maps\custom maps\cd_special_stage\cd_special_stage.bsp
42 faces
56888 square feet [8192000.00 square inches]
0 Displacements
0 Square Feet [0.00 Square Inches]
42 patches before subdivision
5334 patches after subdivision
0 direct lights
0...1...2...3...4...5...6...7...8...9...100...1...2...3...4...5...6...7...8...9...10transfers 592432, max 256
transfer lists:   4.5 megs
0...1...2...3...4...5...6...7...8...9...10	Bounce #1 added RGB(0, 0, 0)
Build Patch/Sample Hash Table(s).....Done<0.0013 sec>
0...1...2...3...4...5...6...7...8...9...10FinalLightFace Done
0 of 0 (0% of) surface lights went in leaf ambient cubes.
0...1...2...3...4...5...6...7...8...9...10Writing leaf ambient...done
Ready to Finish

Object names       Objects/Maxobjs  Memory / Maxmem  Fullness 
------------       ---------------  ---------------  -------- 
models                   1/1024           48/49152    ( 0.1%) 
brushes                  6/8192           72/98304    ( 0.1%) 
brushsides              36/65536         288/524288   ( 0.1%) 
planes                  40/65536         800/1310720  ( 0.1%) 
vertexes                49/65536         588/786432   ( 0.1%) 
nodes                   27/65536         864/2097152  ( 0.0%) 
texinfos                 3/12288         216/884736   ( 0.0%) 
texdata                  1/2048           32/65536    ( 0.0%) 
dispinfos                0/0               0/0        ( 0.0%) 
disp_verts               0/0               0/0        ( 0.0%) 
disp_tris                0/0               0/0        ( 0.0%) 
disp_multiblend          0/0               0/0        ( 0.0%) 
disp_lmsamples           0/0               0/0        ( 0.0%) 
faces                   42/65536        2352/3670016  ( 0.1%) 
hdr faces                0/65536           0/3670016  ( 0.0%) 
origfaces                6/65536         336/3670016  ( 0.0%) 
facebrushes              0/0               0/0        ( 0.0%) 
facebrushlists          42/0             168/0        ( 0.0%) 
leaves                  29/65536         928/2097152  ( 0.0%) 
leaffaces               42/65536          84/131072   ( 0.1%) 
leafbrushes             16/65536          32/131072   ( 0.0%) 
areas                    2/256            16/2048     ( 0.8%) 
surfedges              200/512000        800/2048000  ( 0.0%) 
edges                  101/256000        404/1024000  ( 0.0%) 
LDR worldlights          0/8192            0/819200   ( 0.0%) 
HDR worldlights          0/8192            0/819200   ( 0.0%) 
leafwaterdata            0/32768           0/393216   ( 0.0%) 
waterstrips              0/32768           0/327680   ( 0.0%) 
waterverts               0/65536           0/786432   ( 0.0%) 
waterindices             0/65536           0/131072   ( 0.0%) 
cubemapsamples           0/1024            0/16384    ( 0.0%) 
overlays                 0/512             0/180224   ( 0.0%) 
LDR lightdata         [variable]      554600/0        ( 0.0%) 
HDR lightdata         [variable]           0/0        ( 0.0%) 
visdata               [variable]          44/16777216 ( 0.0%) 
entdata               [variable]        3446/393216   ( 0.9%) 
LDR ambient table       29/65536         116/262144   ( 0.0%) 
HDR ambient table       29/65536         116/262144   ( 0.0%) 
LDR leaf ambient         4/65536         112/1835008  ( 0.0%) 
HDR leaf ambient        29/65536         812/1835008  ( 0.0%) 
occluders                0/0               0/0        ( 0.0%) 
occluder polygons        0/0               0/0        ( 0.0%) 
occluder vert ind        0/0               0/0        ( 0.0%) 
detail props          [variable]           1/12       ( 8.3%) 
static props          [variable]           1/12       ( 8.3%) 
pakfile               [variable]       74462/0        ( 0.0%) 
physics               [variable]        2281/4194304  ( 0.1%) 
physics terrain       [variable]           2/1048576  ( 0.0%) 

Level flags = 1

Total triangle count: 92
Writing d:\steamlibrary\steamapps\common\portal 2\sdk_content\maps\custom maps\cd_special_stage\cd_special_stage.bsp
0 seconds elapsed



Using shader api: shaderapiempty.dll
materialPath: D:\SteamLibrary\steamapps\common\Portal 2\portal2\materials
Loading D:\SteamLibrary\steamapps\common\Portal 2\sdk_content\maps\custom maps\cd_special_stage\cd_special_stage.vmf
ConVarRef gpu_level doesn't point to an existing ConVar
fixing up env_cubemap materials on brush sides...
0...1...2...3...4...5...6...7...8...9...100...1...2...3...4...5...6...7...8...9...10Processing areas...done (0)
Building Faces...done (0)
FixTjuncs...
PruneNodes...
WriteBSP...
done (0)
writing D:\SteamLibrary\steamapps\common\Portal 2\sdk_content\maps\custom maps\cd_special_stage\cd_special_stage.prt...Building visibility clusters...
done (0)
Finding displacement neighbors...
Finding lightmap sample positions...
Displacement Alpha : 0...1...2...3...4...5...6...7...8...9...10
Building Physics collision data...
done (0) (2281 bytes)
Placing detail props : 0...1...2...3...4...5...6...7...8...9...10
Compacting texture/material tables...
Reduced 3 texinfos to 3
Reduced 1 texdatas to 1 (25 bytes to 25)
Writing D:\SteamLibrary\steamapps\common\Portal 2\sdk_content\maps\custom maps\cd_special_stage\cd_special_stage.bsp

nummapplanes:     (    40 / 65536 )
nummapbrushes:    (     6 /  8192 )
nummapbrushsides: (    36 / 65536 )
num_map_overlays: (     0 /   512 )
nummodels:        (     1 /  1024 )
num_entities:     (    10 / 16384 )

0 seconds elapsed



24 threads
reading d:\steamlibrary\steamapps\common\portal 2\sdk_content\maps\custom maps\cd_special_stage\cd_special_stage.bsp
reading d:\steamlibrary\steamapps\common\portal 2\sdk_content\maps\custom maps\cd_special_stage\cd_special_stage.prt
   4 portalclusters
   4 numportals
0...1...2...3...4...5...6...7...8...9...100...1...2...3...4...5...6...7...8...9...10Optimized: 0 visible clusters (0.00%)
Total clusters visible: 16
Average clusters visible: 4
Building PAS...
Average clusters audible: 4
visdatasize:44  compressed from 64
writing d:\steamlibrary\steamapps\common\portal 2\sdk_content\maps\custom maps\cd_special_stage\cd_special_stage.bsp
0 seconds elapsed



[Reading texlights from 'lights.rad']
[59 texlights parsed from 'lights.rad']

Loading d:\steamlibrary\steamapps\common\portal 2\sdk_content\maps\custom maps\cd_special_stage\cd_special_stage.bsp
42 faces
56888 square feet [8192000.00 square inches]
0 Displacements
0 Square Feet [0.00 Square Inches]
42 patches before subdivision
5334 patches after subdivision
0 direct lights
0...1...2...3...4...5...6...7...8...9...100...1...2...3...4...5...6...7...8...9...10transfers 592432, max 256
transfer lists:   4.5 megs
0...1...2...3...4...5...6...7...8...9...10	Bounce #1 added RGB(0, 0, 0)
Build Patch/Sample Hash Table(s).....Done<0.0006 sec>
0...1...2...3...4...5...6...7...8...9...10FinalLightFace Done
0 of 0 (0% of) surface lights went in leaf ambient cubes.
0...1...2...3...4...5...6...7...8...9...10Writing leaf ambient...done
Ready to Finish

Object names       Objects/Maxobjs  Memory / Maxmem  Fullness 
------------       ---------------  ---------------  -------- 
models                   1/1024           48/49152    ( 0.1%) 
brushes                  6/8192           72/98304    ( 0.1%) 
brushsides              36/65536         288/524288   ( 0.1%) 
planes                  40/65536         800/1310720  ( 0.1%) 
vertexes                49/65536         588/786432   ( 0.1%) 
nodes                   27/65536         864/2097152  ( 0.0%) 
texinfos                 3/12288         216/884736   ( 0.0%) 
texdata                  1/2048           32/65536    ( 0.0%) 
dispinfos                0/0               0/0        ( 0.0%) 
disp_verts               0/0               0/0        ( 0.0%) 
disp_tris                0/0               0/0        ( 0.0%) 
disp_multiblend          0/0               0/0        ( 0.0%) 
disp_lmsamples           0/0               0/0        ( 0.0%) 
faces                   42/65536        2352/3670016  ( 0.1%) 
hdr faces                0/65536           0/3670016  ( 0.0%) 
origfaces                6/65536         336/3670016  ( 0.0%) 
facebrushes              0/0               0/0        ( 0.0%) 
facebrushlists          42/0             168/0        ( 0.0%) 
leaves                  29/65536         928/2097152  ( 0.0%) 
leaffaces               42/65536          84/131072   ( 0.1%) 
leafbrushes             16/65536          32/131072   ( 0.0%) 
areas                    2/256            16/2048     ( 0.8%) 
surfedges              200/512000        800/2048000  ( 0.0%) 
edges                  101/256000        404/1024000  ( 0.0%) 
LDR worldlights          0/8192            0/819200   ( 0.0%) 
HDR worldlights          0/8192            0/819200   ( 0.0%) 
leafwaterdata            0/32768           0/393216   ( 0.0%) 
waterstrips              0/32768           0/327680   ( 0.0%) 
waterverts               0/65536           0/786432   ( 0.0%) 
waterindices             0/65536           0/131072   ( 0.0%) 
cubemapsamples           0/1024            0/16384    ( 0.0%) 
overlays                 0/512             0/180224   ( 0.0%) 
LDR lightdata         [variable]      554600/0        ( 0.0%) 
HDR lightdata         [variable]           0/0        ( 0.0%) 
visdata               [variable]          44/16777216 ( 0.0%) 
entdata               [variable]        3526/393216   ( 0.9%) 
LDR ambient table       29/65536         116/262144   ( 0.0%) 
HDR ambient table       29/65536         116/262144   ( 0.0%) 
LDR leaf ambient         4/65536         112/1835008  ( 0.0%) 
HDR leaf ambient        29/65536         812/1835008  ( 0.0%) 
occluders                0/0               0/0        ( 0.0%) 
occluder polygons        0/0               0/0        ( 0.0%) 
occluder vert ind        0/0               0/0        ( 0.0%) 
detail props          [variable]           1/12       ( 8.3%) 
static props          [variable]           1/12       ( 8.3%) 
pakfile               [variable]       74462/0        ( 0.0%) 
physics               [variable]        2281/4194304  ( 0.1%) 
physics terrain       [variable]           2/1048576  ( 0.0%) 

Level flags = 1

Total triangle count: 92
Writing d:\steamlibrary\steamapps\common\portal 2\sdk_content\maps\custom maps\cd_special_stage\cd_special_stage.bsp
0 seconds elapsed



Using shader api: shaderapiempty.dll
materialPath: D:\SteamLibrary\steamapps\common\Portal 2\portal2\materials
Loading D:\SteamLibrary\steamapps\common\Portal 2\sdk_content\maps\custom maps\cd_special_stage\cd_special_stage.vmf
ConVarRef gpu_level doesn't point to an existing ConVar
fixing up env_cubemap materials on brush sides...
0...1...2...3...4...5...6...7...8...9...100...1...2...3...4...5...6...7...8...9...10Processing areas...done (0)
Building Faces...done (0)
FixTjuncs...
PruneNodes...
WriteBSP...
done (0)
writing D:\SteamLibrary\steamapps\common\Portal 2\sdk_content\maps\custom maps\cd_special_stage\cd_special_stage.prt...Building visibility clusters...
done (0)
Finding displacement neighbors...
Finding lightmap sample positions...
Displacement Alpha : 0...1...2...3...4...5...6...7...8...9...10
Building Physics collision data...
done (0) (2281 bytes)
Placing detail props : 0...1...2...3...4...5...6...7...8...9...10
Compacting texture/material tables...
Reduced 3 texinfos to 3
Reduced 1 texdatas to 1 (25 bytes to 25)
Writing D:\SteamLibrary\steamapps\common\Portal 2\sdk_content\maps\custom maps\cd_special_stage\cd_special_stage.bsp

nummapplanes:     (    40 / 65536 )
nummapbrushes:    (     6 /  8192 )
nummapbrushsides: (    36 / 65536 )
num_map_overlays: (     0 /   512 )
nummodels:        (     1 /  1024 )
num_entities:     (    15 / 16384 )

0 seconds elapsed



24 threads
reading d:\steamlibrary\steamapps\common\portal 2\sdk_content\maps\custom maps\cd_special_stage\cd_special_stage.bsp
reading d:\steamlibrary\steamapps\common\portal 2\sdk_content\maps\custom maps\cd_special_stage\cd_special_stage.prt
   4 portalclusters
   4 numportals
0...1...2...3...4...5...6...7...8...9...100...1...2...3...4...5...6...7...8...9...10Optimized: 0 visible clusters (0.00%)
Total clusters visible: 16
Average clusters visible: 4
Building PAS...
Average clusters audible: 4
visdatasize:44  compressed from 64
writing d:\steamlibrary\steamapps\common\portal 2\sdk_content\maps\custom maps\cd_special_stage\cd_special_stage.bsp
0 seconds elapsed



[Reading texlights from 'lights.rad']
[59 texlights parsed from 'lights.rad']

Loading d:\steamlibrary\steamapps\common\portal 2\sdk_content\maps\custom maps\cd_special_stage\cd_special_stage.bsp
42 faces
56888 square feet [8192000.00 square inches]
0 Displacements
0 Square Feet [0.00 Square Inches]
42 patches before subdivision
5334 patches after subdivision
0 direct lights
0...1...2...3...4...5...6...7...8...9...100...1...2...3...4...5...6...7...8...9...10transfers 592432, max 256
transfer lists:   4.5 megs
0...1...2...3...4...5...6...7...8...9...10	Bounce #1 added RGB(0, 0, 0)
Build Patch/Sample Hash Table(s).....Done<0.0007 sec>
0...1...2...3...4...5...6...7...8...9...10FinalLightFace Done
0 of 0 (0% of) surface lights went in leaf ambient cubes.
0...1...2...3...4...5...6...7...8...9...10Writing leaf ambient...done
Ready to Finish

Object names       Objects/Maxobjs  Memory / Maxmem  Fullness 
------------       ---------------  ---------------  -------- 
models                   1/1024           48/49152    ( 0.1%) 
brushes                  6/8192           72/98304    ( 0.1%) 
brushsides              36/65536         288/524288   ( 0.1%) 
planes                  40/65536         800/1310720  ( 0.1%) 
vertexes                49/65536         588/786432   ( 0.1%) 
nodes                   27/65536         864/2097152  ( 0.0%) 
texinfos                 3/12288         216/884736   ( 0.0%) 
texdata                  1/2048           32/65536    ( 0.0%) 
dispinfos                0/0               0/0        ( 0.0%) 
disp_verts               0/0               0/0        ( 0.0%) 
disp_tris                0/0               0/0        ( 0.0%) 
disp_multiblend          0/0               0/0        ( 0.0%) 
disp_lmsamples           0/0               0/0        ( 0.0%) 
faces                   42/65536        2352/3670016  ( 0.1%) 
hdr faces                0/65536           0/3670016  ( 0.0%) 
origfaces                6/65536         336/3670016  ( 0.0%) 
facebrushes              0/0               0/0        ( 0.0%) 
facebrushlists          42/0             168/0        ( 0.0%) 
leaves                  29/65536         928/2097152  ( 0.0%) 
leaffaces               42/65536          84/131072   ( 0.1%) 
leafbrushes             16/65536          32/131072   ( 0.0%) 
areas                    2/256            16/2048     ( 0.8%) 
surfedges              200/512000        800/2048000  ( 0.0%) 
edges                  101/256000        404/1024000  ( 0.0%) 
LDR worldlights          0/8192            0/819200   ( 0.0%) 
HDR worldlights          0/8192            0/819200   ( 0.0%) 
leafwaterdata            0/32768           0/393216   ( 0.0%) 
waterstrips              0/32768           0/327680   ( 0.0%) 
waterverts               0/65536           0/786432   ( 0.0%) 
waterindices             0/65536           0/131072   ( 0.0%) 
cubemapsamples           0/1024            0/16384    ( 0.0%) 
overlays                 0/512             0/180224   ( 0.0%) 
LDR lightdata         [variable]      554600/0        ( 0.0%) 
HDR lightdata         [variable]           0/0        ( 0.0%) 
visdata               [variable]          44/16777216 ( 0.0%) 
entdata               [variable]        5190/393216   ( 1.3%) 
LDR ambient table       29/65536         116/262144   ( 0.0%) 
HDR ambient table       29/65536         116/262144   ( 0.0%) 
LDR leaf ambient         4/65536         112/1835008  ( 0.0%) 
HDR leaf ambient        29/65536         812/1835008  ( 0.0%) 
occluders                0/0               0/0        ( 0.0%) 
occluder polygons        0/0               0/0        ( 0.0%) 
occluder vert ind        0/0               0/0        ( 0.0%) 
detail props          [variable]           1/12       ( 8.3%) 
static props          [variable]           1/12       ( 8.3%) 
pakfile               [variable]       74462/0        ( 0.0%) 
physics               [variable]        2281/4194304  ( 0.1%) 
physics terrain       [variable]           2/1048576  ( 0.0%) 

Level flags = 1

Total triangle count: 92
Writing d:\steamlibrary\steamapps\common\portal 2\sdk_content\maps\custom maps\cd_special_stage\cd_special_stage.bsp
0 seconds elapsed



Using shader api: shaderapiempty.dll
materialPath: D:\SteamLibrary\steamapps\common\Portal 2\portal2\materials
Loading D:\SteamLibrary\steamapps\common\Portal 2\sdk_content\maps\custom maps\cd_special_stage\cd_special_stage.vmf
ConVarRef gpu_level doesn't point to an existing ConVar
fixing up env_cubemap materials on brush sides...
0...1...2...3...4...5...6...7...8...9...100...1...2...3...4...5...6...7...8...9...10Processing areas...done (0)
Building Faces...done (0)
FixTjuncs...
PruneNodes...
WriteBSP...
done (0)
writing D:\SteamLibrary\steamapps\common\Portal 2\sdk_content\maps\custom maps\cd_special_stage\cd_special_stage.prt...Building visibility clusters...
done (0)
Finding displacement neighbors...
Finding lightmap sample positions...
Displacement Alpha : 0...1...2...3...4...5...6...7...8...9...10
Building Physics collision data...
done (0) (2281 bytes)
Placing detail props : 0...1...2...3...4...5...6...7...8...9...10
Compacting texture/material tables...
Reduced 3 texinfos to 3
Reduced 1 texdatas to 1 (25 bytes to 25)
Writing D:\SteamLibrary\steamapps\common\Portal 2\sdk_content\maps\custom maps\cd_special_stage\cd_special_stage.bsp

nummapplanes:     (    40 / 65536 )
nummapbrushes:    (     6 /  8192 )
nummapbrushsides: (    36 / 65536 )
num_map_overlays: (     0 /   512 )
nummodels:        (     1 /  1024 )
num_entities:     (    15 / 16384 )

0 seconds elapsed



24 threads
reading d:\steamlibrary\steamapps\common\portal 2\sdk_content\maps\custom maps\cd_special_stage\cd_special_stage.bsp
reading d:\steamlibrary\steamapps\common\portal 2\sdk_content\maps\custom maps\cd_special_stage\cd_special_stage.prt
   4 portalclusters
   4 numportals
0...1...2...3...4...5...6...7...8...9...100...1...2...3...4...5...6...7...8...9...10Optimized: 0 visible clusters (0.00%)
Total clusters visible: 16
Average clusters visible: 4
Building PAS...
Average clusters audible: 4
visdatasize:44  compressed from 64
writing d:\steamlibrary\steamapps\common\portal 2\sdk_content\maps\custom maps\cd_special_stage\cd_special_stage.bsp
0 seconds elapsed



[Reading texlights from 'lights.rad']
[59 texlights parsed from 'lights.rad']

Loading d:\steamlibrary\steamapps\common\portal 2\sdk_content\maps\custom maps\cd_special_stage\cd_special_stage.bsp
42 faces
56888 square feet [8192000.00 square inches]
0 Displacements
0 Square Feet [0.00 Square Inches]
42 patches before subdivision
5334 patches after subdivision
0 direct lights
0...1...2...3...4...5...6...7...8...9...100...1...2...3...4...5...6...7...8...9...10transfers 592432, max 256
transfer lists:   4.5 megs
0...1...2...3...4...5...6...7...8...9...10	Bounce #1 added RGB(0, 0, 0)
Build Patch/Sample Hash Table(s).....Done<0.0007 sec>
0...1...2...3...4...5...6...7...8...9...10FinalLightFace Done
0 of 0 (0% of) surface lights went in leaf ambient cubes.
0...1...2...3...4...5...6...7...8...9...10Writing leaf ambient...done
Ready to Finish

Object names       Objects/Maxobjs  Memory / Maxmem  Fullness 
------------       ---------------  ---------------  -------- 
models                   1/1024           48/49152    ( 0.1%) 
brushes                  6/8192           72/98304    ( 0.1%) 
brushsides              36/65536         288/524288   ( 0.1%) 
planes                  40/65536         800/1310720  ( 0.1%) 
vertexes                49/65536         588/786432   ( 0.1%) 
nodes                   27/65536         864/2097152  ( 0.0%) 
texinfos                 3/12288         216/884736   ( 0.0%) 
texdata                  1/2048           32/65536    ( 0.0%) 
dispinfos                0/0               0/0        ( 0.0%) 
disp_verts               0/0               0/0        ( 0.0%) 
disp_tris                0/0               0/0        ( 0.0%) 
disp_multiblend          0/0               0/0        ( 0.0%) 
disp_lmsamples           0/0               0/0        ( 0.0%) 
faces                   42/65536        2352/3670016  ( 0.1%) 
hdr faces                0/65536           0/3670016  ( 0.0%) 
origfaces                6/65536         336/3670016  ( 0.0%) 
facebrushes              0/0               0/0        ( 0.0%) 
facebrushlists          42/0             168/0        ( 0.0%) 
leaves                  29/65536         928/2097152  ( 0.0%) 
leaffaces               42/65536          84/131072   ( 0.1%) 
leafbrushes             16/65536          32/131072   ( 0.0%) 
areas                    2/256            16/2048     ( 0.8%) 
surfedges              200/512000        800/2048000  ( 0.0%) 
edges                  101/256000        404/1024000  ( 0.0%) 
LDR worldlights          0/8192            0/819200   ( 0.0%) 
HDR worldlights          0/8192            0/819200   ( 0.0%) 
leafwaterdata            0/32768           0/393216   ( 0.0%) 
waterstrips              0/32768           0/327680   ( 0.0%) 
waterverts               0/65536           0/786432   ( 0.0%) 
waterindices             0/65536           0/131072   ( 0.0%) 
cubemapsamples           0/1024            0/16384    ( 0.0%) 
overlays                 0/512             0/180224   ( 0.0%) 
LDR lightdata         [variable]      554600/0        ( 0.0%) 
HDR lightdata         [variable]           0/0        ( 0.0%) 
visdata               [variable]          44/16777216 ( 0.0%) 
entdata               [variable]        5190/393216   ( 1.3%) 
LDR ambient table       29/65536         116/262144   ( 0.0%) 
HDR ambient table       29/65536         116/262144   ( 0.0%) 
LDR leaf ambient         4/65536         112/1835008  ( 0.0%) 
HDR leaf ambient        29/65536         812/1835008  ( 0.0%) 
occluders                0/0               0/0        ( 0.0%) 
occluder polygons        0/0               0/0        ( 0.0%) 
occluder vert ind        0/0               0/0        ( 0.0%) 
detail props          [variable]           1/12       ( 8.3%) 
static props          [variable]           1/12       ( 8.3%) 
pakfile               [variable]       74462/0        ( 0.0%) 
physics               [variable]        2281/4194304  ( 0.1%) 
physics terrain       [variable]           2/1048576  ( 0.0%) 

Level flags = 1

Total triangle count: 92
Writing d:\steamlibrary\steamapps\common\portal 2\sdk_content\maps\custom maps\cd_special_stage\cd_special_stage.bsp
0 seconds elapsed



Using shader api: shaderapiempty.dll
materialPath: D:\SteamLibrary\steamapps\common\Portal 2\portal2\materials
Loading D:\SteamLibrary\steamapps\common\Portal 2\sdk_content\maps\custom maps\cd_special_stage\cd_special_stage.vmf
ConVarRef gpu_level doesn't point to an existing ConVar
fixing up env_cubemap materials on brush sides...
0...1...2...3...4...5...6...7...8...9...100...1...2...3...4...5...6...7...8...9...10Processing areas...done (0)
Building Faces...done (0)
FixTjuncs...
PruneNodes...
WriteBSP...
done (0)
writing D:\SteamLibrary\steamapps\common\Portal 2\sdk_content\maps\custom maps\cd_special_stage\cd_special_stage.prt...Building visibility clusters...
done (0)
Finding displacement neighbors...
Finding lightmap sample positions...
Displacement Alpha : 0...1...2...3...4...5...6...7...8...9...10
Building Physics collision data...
done (0) (2281 bytes)
Placing detail props : 0...1...2...3...4...5...6...7...8...9...10
Compacting texture/material tables...
Reduced 3 texinfos to 3
Reduced 1 texdatas to 1 (25 bytes to 25)
Writing D:\SteamLibrary\steamapps\common\Portal 2\sdk_content\maps\custom maps\cd_special_stage\cd_special_stage.bsp

nummapplanes:     (    40 / 65536 )
nummapbrushes:    (     6 /  8192 )
nummapbrushsides: (    36 / 65536 )
num_map_overlays: (     0 /   512 )
nummodels:        (     1 /  1024 )
num_entities:     (    15 / 16384 )

0 seconds elapsed



24 threads
reading d:\steamlibrary\steamapps\common\portal 2\sdk_content\maps\custom maps\cd_special_stage\cd_special_stage.bsp
reading d:\steamlibrary\steamapps\common\portal 2\sdk_content\maps\custom maps\cd_special_stage\cd_special_stage.prt
   4 portalclusters
   4 numportals
0...1...2...3...4...5...6...7...8...9...100...1...2...3...4...5...6...7...8...9...10Optimized: 0 visible clusters (0.00%)
Total clusters visible: 16
Average clusters visible: 4
Building PAS...
Average clusters audible: 4
visdatasize:44  compressed from 64
writing d:\steamlibrary\steamapps\common\portal 2\sdk_content\maps\custom maps\cd_special_stage\cd_special_stage.bsp
0 seconds elapsed



[Reading texlights from 'lights.rad']
[59 texlights parsed from 'lights.rad']

Loading d:\steamlibrary\steamapps\common\portal 2\sdk_content\maps\custom maps\cd_special_stage\cd_special_stage.bsp
42 faces
56888 square feet [8192000.00 square inches]
0 Displacements
0 Square Feet [0.00 Square Inches]
42 patches before subdivision
5334 patches after subdivision
0 direct lights
0...1...2...3...4...5...6...7...8...9...100...1...2...3...4...5...6...7...8...9...10transfers 592432, max 256
transfer lists:   4.5 megs
0...1...2...3...4...5...6...7...8...9...10	Bounce #1 added RGB(0, 0, 0)
Build Patch/Sample Hash Table(s).....Done<0.0007 sec>
0...1...2...3...4...5...6...7...8...9...10FinalLightFace Done
0 of 0 (0% of) surface lights went in leaf ambient cubes.
0...1...2...3...4...5...6...7...8...9...10Writing leaf ambient...done
Ready to Finish

Object names       Objects/Maxobjs  Memory / Maxmem  Fullness 
------------       ---------------  ---------------  -------- 
models                   1/1024           48/49152    ( 0.1%) 
brushes                  6/8192           72/98304    ( 0.1%) 
brushsides              36/65536         288/524288   ( 0.1%) 
planes                  40/65536         800/1310720  ( 0.1%) 
vertexes                49/65536         588/786432   ( 0.1%) 
nodes                   27/65536         864/2097152  ( 0.0%) 
texinfos                 3/12288         216/884736   ( 0.0%) 
texdata                  1/2048           32/65536    ( 0.0%) 
dispinfos                0/0               0/0        ( 0.0%) 
disp_verts               0/0               0/0        ( 0.0%) 
disp_tris                0/0               0/0        ( 0.0%) 
disp_multiblend          0/0               0/0        ( 0.0%) 
disp_lmsamples           0/0               0/0        ( 0.0%) 
faces                   42/65536        2352/3670016  ( 0.1%) 
hdr faces                0/65536           0/3670016  ( 0.0%) 
origfaces                6/65536         336/3670016  ( 0.0%) 
facebrushes              0/0               0/0        ( 0.0%) 
facebrushlists          42/0             168/0        ( 0.0%) 
leaves                  29/65536         928/2097152  ( 0.0%) 
leaffaces               42/65536          84/131072   ( 0.1%) 
leafbrushes             16/65536          32/131072   ( 0.0%) 
areas                    2/256            16/2048     ( 0.8%) 
surfedges              200/512000        800/2048000  ( 0.0%) 
edges                  101/256000        404/1024000  ( 0.0%) 
LDR worldlights          0/8192            0/819200   ( 0.0%) 
HDR worldlights          0/8192            0/819200   ( 0.0%) 
leafwaterdata            0/32768           0/393216   ( 0.0%) 
waterstrips              0/32768           0/327680   ( 0.0%) 
waterverts               0/65536           0/786432   ( 0.0%) 
waterindices             0/65536           0/131072   ( 0.0%) 
cubemapsamples           0/1024            0/16384    ( 0.0%) 
overlays                 0/512             0/180224   ( 0.0%) 
LDR lightdata         [variable]      554600/0        ( 0.0%) 
HDR lightdata         [variable]           0/0        ( 0.0%) 
visdata               [variable]          44/16777216 ( 0.0%) 
entdata               [variable]        5190/393216   ( 1.3%) 
LDR ambient table       29/65536         116/262144   ( 0.0%) 
HDR ambient table       29/65536         116/262144   ( 0.0%) 
LDR leaf ambient         4/65536         112/1835008  ( 0.0%) 
HDR leaf ambient        29/65536         812/1835008  ( 0.0%) 
occluders                0/0               0/0        ( 0.0%) 
occluder polygons        0/0               0/0        ( 0.0%) 
occluder vert ind        0/0               0/0        ( 0.0%) 
detail props          [variable]           1/12       ( 8.3%) 
static props          [variable]           1/12       ( 8.3%) 
pakfile               [variable]       74462/0        ( 0.0%) 
physics               [variable]        2281/4194304  ( 0.1%) 
physics terrain       [variable]           2/1048576  ( 0.0%) 

Level flags = 1

Total triangle count: 92
Writing d:\steamlibrary\steamapps\common\portal 2\sdk_content\maps\custom maps\cd_special_stage\cd_special_stage.bsp
0 seconds elapsed



Using shader api: shaderapiempty.dll
materialPath: D:\SteamLibrary\steamapps\common\Portal 2\portal2\materials
Loading D:\SteamLibrary\steamapps\common\Portal 2\sdk_content\maps\custom maps\cd_special_stage\cd_special_stage.vmf
ConVarRef gpu_level doesn't point to an existing ConVar
fixing up env_cubemap materials on brush sides...
0...1...2...3...4...5...6...7...8...9...100...1...2...3...4...5...6...7...8...9...10Processing areas...done (0)
Building Faces...done (0)
FixTjuncs...
PruneNodes...
WriteBSP...
done (0)
writing D:\SteamLibrary\steamapps\common\Portal 2\sdk_content\maps\custom maps\cd_special_stage\cd_special_stage.prt...Building visibility clusters...
done (0)
Finding displacement neighbors...
Finding lightmap sample positions...
Displacement Alpha : 0...1...2...3...4...5...6...7...8...9...10
Building Physics collision data...
done (0) (2281 bytes)
Placing detail props : 0...1...2...3...4...5...6...7...8...9...10
Compacting texture/material tables...
Reduced 3 texinfos to 3
Reduced 1 texdatas to 1 (25 bytes to 25)
Writing D:\SteamLibrary\steamapps\common\Portal 2\sdk_content\maps\custom maps\cd_special_stage\cd_special_stage.bsp

nummapplanes:     (    40 / 65536 )
nummapbrushes:    (     6 /  8192 )
nummapbrushsides: (    36 / 65536 )
num_map_overlays: (     0 /   512 )
nummodels:        (     1 /  1024 )
num_entities:     (    16 / 16384 )

0 seconds elapsed



24 threads
reading d:\steamlibrary\steamapps\common\portal 2\sdk_content\maps\custom maps\cd_special_stage\cd_special_stage.bsp
reading d:\steamlibrary\steamapps\common\portal 2\sdk_content\maps\custom maps\cd_special_stage\cd_special_stage.prt
   4 portalclusters
   4 numportals
0...1...2...3...4...5...6...7...8...9...100...1...2...3...4...5...6...7...8...9...10Optimized: 0 visible clusters (0.00%)
Total clusters visible: 16
Average clusters visible: 4
Building PAS...
Average clusters audible: 4
visdatasize:44  compressed from 64
writing d:\steamlibrary\steamapps\common\portal 2\sdk_content\maps\custom maps\cd_special_stage\cd_special_stage.bsp
0 seconds elapsed



[Reading texlights from 'lights.rad']
[59 texlights parsed from 'lights.rad']

Loading d:\steamlibrary\steamapps\common\portal 2\sdk_content\maps\custom maps\cd_special_stage\cd_special_stage.bsp
42 faces
56888 square feet [8192000.00 square inches]
0 Displacements
0 Square Feet [0.00 Square Inches]
42 patches before subdivision
5334 patches after subdivision
0 direct lights
0...1...2...3...4...5...6...7...8...9...100...1...2...3...4...5...6...7...8...9...10transfers 592432, max 256
transfer lists:   4.5 megs
0...1...2...3...4...5...6...7...8...9...10	Bounce #1 added RGB(0, 0, 0)
Build Patch/Sample Hash Table(s).....Done<0.0007 sec>
0...1...2...3...4...5...6...7...8...9...10FinalLightFace Done
0 of 0 (0% of) surface lights went in leaf ambient cubes.
0...1...2...3...4...5...6...7...8...9...10Writing leaf ambient...done
Ready to Finish

Object names       Objects/Maxobjs  Memory / Maxmem  Fullness 
------------       ---------------  ---------------  -------- 
models                   1/1024           48/49152    ( 0.1%) 
brushes                  6/8192           72/98304    ( 0.1%) 
brushsides              36/65536         288/524288   ( 0.1%) 
planes                  40/65536         800/1310720  ( 0.1%) 
vertexes                49/65536         588/786432   ( 0.1%) 
nodes                   27/65536         864/2097152  ( 0.0%) 
texinfos                 3/12288         216/884736   ( 0.0%) 
texdata                  1/2048           32/65536    ( 0.0%) 
dispinfos                0/0               0/0        ( 0.0%) 
disp_verts               0/0               0/0        ( 0.0%) 
disp_tris                0/0               0/0        ( 0.0%) 
disp_multiblend          0/0               0/0        ( 0.0%) 
disp_lmsamples           0/0               0/0        ( 0.0%) 
faces                   42/65536        2352/3670016  ( 0.1%) 
hdr faces                0/65536           0/3670016  ( 0.0%) 
origfaces                6/65536         336/3670016  ( 0.0%) 
facebrushes              0/0               0/0        ( 0.0%) 
facebrushlists          42/0             168/0        ( 0.0%) 
leaves                  29/65536         928/2097152  ( 0.0%) 
leaffaces               42/65536          84/131072   ( 0.1%) 
leafbrushes             16/65536          32/131072   ( 0.0%) 
areas                    2/256            16/2048     ( 0.8%) 
surfedges              200/512000        800/2048000  ( 0.0%) 
edges                  101/256000        404/1024000  ( 0.0%) 
LDR worldlights          0/8192            0/819200   ( 0.0%) 
HDR worldlights          0/8192            0/819200   ( 0.0%) 
leafwaterdata            0/32768           0/393216   ( 0.0%) 
waterstrips              0/32768           0/327680   ( 0.0%) 
waterverts               0/65536           0/786432   ( 0.0%) 
waterindices             0/65536           0/131072   ( 0.0%) 
cubemapsamples           0/1024            0/16384    ( 0.0%) 
overlays                 0/512             0/180224   ( 0.0%) 
LDR lightdata         [variable]      554600/0        ( 0.0%) 
HDR lightdata         [variable]           0/0        ( 0.0%) 
visdata               [variable]          44/16777216 ( 0.0%) 
entdata               [variable]        5249/393216   ( 1.3%) 
LDR ambient table       29/65536         116/262144   ( 0.0%) 
HDR ambient table       29/65536         116/262144   ( 0.0%) 
LDR leaf ambient         4/65536         112/1835008  ( 0.0%) 
HDR leaf ambient        29/65536         812/1835008  ( 0.0%) 
occluders                0/0               0/0        ( 0.0%) 
occluder polygons        0/0               0/0        ( 0.0%) 
occluder vert ind        0/0               0/0        ( 0.0%) 
detail props          [variable]           1/12       ( 8.3%) 
static props          [variable]           1/12       ( 8.3%) 
pakfile               [variable]       74462/0        ( 0.0%) 
physics               [variable]        2281/4194304  ( 0.1%) 
physics terrain       [variable]           2/1048576  ( 0.0%) 

Level flags = 1

Total triangle count: 92
Writing d:\steamlibrary\steamapps\common\portal 2\sdk_content\maps\custom maps\cd_special_stage\cd_special_stage.bsp
0 seconds elapsed



Using shader api: shaderapiempty.dll
materialPath: D:\SteamLibrary\steamapps\common\Portal 2\portal2\materials
Loading D:\SteamLibrary\steamapps\common\Portal 2\sdk_content\maps\custom maps\cd_special_stage\cd_special_stage.vmf
ConVarRef gpu_level doesn't point to an existing ConVar
fixing up env_cubemap materials on brush sides...
0...1...2...3...4...5...6...7...8...9...100...1...2...3...4...5...6...7...8...9...10Processing areas...done (0)
Building Faces...done (0)
FixTjuncs...
PruneNodes...
WriteBSP...
done (0)
writing D:\SteamLibrary\steamapps\common\Portal 2\sdk_content\maps\custom maps\cd_special_stage\cd_special_stage.prt...Building visibility clusters...
done (0)
Finding displacement neighbors...
Finding lightmap sample positions...
Displacement Alpha : 0...1...2...3...4...5...6...7...8...9...10
Building Physics collision data...
done (0) (2281 bytes)
Placing detail props : 0...1...2...3...4...5...6...7...8...9...10
Compacting texture/material tables...
Reduced 3 texinfos to 3
Reduced 1 texdatas to 1 (25 bytes to 25)
Writing D:\SteamLibrary\steamapps\common\Portal 2\sdk_content\maps\custom maps\cd_special_stage\cd_special_stage.bsp

nummapplanes:     (    40 / 65536 )
nummapbrushes:    (     6 /  8192 )
nummapbrushsides: (    36 / 65536 )
num_map_overlays: (     0 /   512 )
nummodels:        (     1 /  1024 )
num_entities:     (    16 / 16384 )

0 seconds elapsed



24 threads
reading d:\steamlibrary\steamapps\common\portal 2\sdk_content\maps\custom maps\cd_special_stage\cd_special_stage.bsp
reading d:\steamlibrary\steamapps\common\portal 2\sdk_content\maps\custom maps\cd_special_stage\cd_special_stage.prt
   4 portalclusters
   4 numportals
0...1...2...3...4...5...6...7...8...9...100...1...2...3...4...5...6...7...8...9...10Optimized: 0 visible clusters (0.00%)
Total clusters visible: 16
Average clusters visible: 4
Building PAS...
Average clusters audible: 4
visdatasize:44  compressed from 64
writing d:\steamlibrary\steamapps\common\portal 2\sdk_content\maps\custom maps\cd_special_stage\cd_special_stage.bsp
0 seconds elapsed



[Reading texlights from 'lights.rad']
[59 texlights parsed from 'lights.rad']

Loading d:\steamlibrary\steamapps\common\portal 2\sdk_content\maps\custom maps\cd_special_stage\cd_special_stage.bsp
42 faces
56888 square feet [8192000.00 square inches]
0 Displacements
0 Square Feet [0.00 Square Inches]
42 patches before subdivision
5334 patches after subdivision
0 direct lights
0...1...2...3...4...5...6...7...8...9...100...1...2...3...4...5...6...7...8...9...10transfers 592432, max 256
transfer lists:   4.5 megs
0...1...2...3...4...5...6...7...8...9...10	Bounce #1 added RGB(0, 0, 0)
Build Patch/Sample Hash Table(s).....Done<0.0007 sec>
0...1...2...3...4...5...6...7...8...9...10FinalLightFace Done
0 of 0 (0% of) surface lights went in leaf ambient cubes.
0...1...2...3...4...5...6...7...8...9...10Writing leaf ambient...done
Ready to Finish

Object names       Objects/Maxobjs  Memory / Maxmem  Fullness 
------------       ---------------  ---------------  -------- 
models                   1/1024           48/49152    ( 0.1%) 
brushes                  6/8192           72/98304    ( 0.1%) 
brushsides              36/65536         288/524288   ( 0.1%) 
planes                  40/65536         800/1310720  ( 0.1%) 
vertexes                49/65536         588/786432   ( 0.1%) 
nodes                   27/65536         864/2097152  ( 0.0%) 
texinfos                 3/12288         216/884736   ( 0.0%) 
texdata                  1/2048           32/65536    ( 0.0%) 
dispinfos                0/0               0/0        ( 0.0%) 
disp_verts               0/0               0/0        ( 0.0%) 
disp_tris                0/0               0/0        ( 0.0%) 
disp_multiblend          0/0               0/0        ( 0.0%) 
disp_lmsamples           0/0               0/0        ( 0.0%) 
faces                   42/65536        2352/3670016  ( 0.1%) 
hdr faces                0/65536           0/3670016  ( 0.0%) 
origfaces                6/65536         336/3670016  ( 0.0%) 
facebrushes              0/0               0/0        ( 0.0%) 
facebrushlists          42/0             168/0        ( 0.0%) 
leaves                  29/65536         928/2097152  ( 0.0%) 
leaffaces               42/65536          84/131072   ( 0.1%) 
leafbrushes             16/65536          32/131072   ( 0.0%) 
areas                    2/256            16/2048     ( 0.8%) 
surfedges              200/512000        800/2048000  ( 0.0%) 
edges                  101/256000        404/1024000  ( 0.0%) 
LDR worldlights          0/8192            0/819200   ( 0.0%) 
HDR worldlights          0/8192            0/819200   ( 0.0%) 
leafwaterdata            0/32768           0/393216   ( 0.0%) 
waterstrips              0/32768           0/327680   ( 0.0%) 
waterverts               0/65536           0/786432   ( 0.0%) 
waterindices             0/65536           0/131072   ( 0.0%) 
cubemapsamples           0/1024            0/16384    ( 0.0%) 
overlays                 0/512             0/180224   ( 0.0%) 
LDR lightdata         [variable]      554600/0        ( 0.0%) 
HDR lightdata         [variable]           0/0        ( 0.0%) 
visdata               [variable]          44/16777216 ( 0.0%) 
entdata               [variable]        5313/393216   ( 1.4%) 
LDR ambient table       29/65536         116/262144   ( 0.0%) 
HDR ambient table       29/65536         116/262144   ( 0.0%) 
LDR leaf ambient         4/65536         112/1835008  ( 0.0%) 
HDR leaf ambient        29/65536         812/1835008  ( 0.0%) 
occluders                0/0               0/0        ( 0.0%) 
occluder polygons        0/0               0/0        ( 0.0%) 
occluder vert ind        0/0               0/0        ( 0.0%) 
detail props          [variable]           1/12       ( 8.3%) 
static props          [variable]           1/12       ( 8.3%) 
pakfile               [variable]       74462/0        ( 0.0%) 
physics               [variable]        2281/4194304  ( 0.1%) 
physics terrain       [variable]           2/1048576  ( 0.0%) 

Level flags = 1

Total triangle count: 92
Writing d:\steamlibrary\steamapps\common\portal 2\sdk_content\maps\custom maps\cd_special_stage\cd_special_stage.bsp
0 seconds elapsed



Using shader api: shaderapiempty.dll
materialPath: D:\SteamLibrary\steamapps\common\Portal 2\portal2\materials
Loading D:\SteamLibrary\steamapps\common\Portal 2\sdk_content\maps\custom maps\cd_special_stage\cd_special_stage.vmf
ConVarRef gpu_level doesn't point to an existing ConVar
fixing up env_cubemap materials on brush sides...
0...1...2...3...4...5...6...7...8...9...100...1...2...3...4...5...6...7...8...9...10Processing areas...done (0)
Building Faces...done (0)
FixTjuncs...
PruneNodes...
WriteBSP...
done (0)
writing D:\SteamLibrary\steamapps\common\Portal 2\sdk_content\maps\custom maps\cd_special_stage\cd_special_stage.prt...Building visibility clusters...
done (0)
Finding displacement neighbors...
Finding lightmap sample positions...
Displacement Alpha : 0...1...2...3...4...5...6...7...8...9...10
Building Physics collision data...
done (0) (2281 bytes)
Placing detail props : 0...1...2...3...4...5...6...7...8...9...10
Compacting texture/material tables...
Reduced 3 texinfos to 3
Reduced 1 texdatas to 1 (25 bytes to 25)
Writing D:\SteamLibrary\steamapps\common\Portal 2\sdk_content\maps\custom maps\cd_special_stage\cd_special_stage.bsp

nummapplanes:     (    40 / 65536 )
nummapbrushes:    (     6 /  8192 )
nummapbrushsides: (    36 / 65536 )
num_map_overlays: (     0 /   512 )
nummodels:        (     1 /  1024 )
num_entities:     (    15 / 16384 )

0 seconds elapsed



24 threads
reading d:\steamlibrary\steamapps\common\portal 2\sdk_content\maps\custom maps\cd_special_stage\cd_special_stage.bsp
reading d:\steamlibrary\steamapps\common\portal 2\sdk_content\maps\custom maps\cd_special_stage\cd_special_stage.prt
   4 portalclusters
   4 numportals
0...1...2...3...4...5...6...7...8...9...100...1...2...3...4...5...6...7...8...9...10Optimized: 0 visible clusters (0.00%)
Total clusters visible: 16
Average clusters visible: 4
Building PAS...
Average clusters audible: 4
visdatasize:44  compressed from 64
writing d:\steamlibrary\steamapps\common\portal 2\sdk_content\maps\custom maps\cd_special_stage\cd_special_stage.bsp
0 seconds elapsed



[Reading texlights from 'lights.rad']
[59 texlights parsed from 'lights.rad']

Loading d:\steamlibrary\steamapps\common\portal 2\sdk_content\maps\custom maps\cd_special_stage\cd_special_stage.bsp
42 faces
56888 square feet [8192000.00 square inches]
0 Displacements
0 Square Feet [0.00 Square Inches]
42 patches before subdivision
5334 patches after subdivision
0 direct lights
0...1...2...3...4...5...6...7...8...9...100...1...2...3...4...5...6...7...8...9...10transfers 592432, max 256
transfer lists:   4.5 megs
0...1...2...3...4...5...6...7...8...9...10	Bounce #1 added RGB(0, 0, 0)
Build Patch/Sample Hash Table(s).....Done<0.0007 sec>
0...1...2...3...4...5...6...7...8...9...10FinalLightFace Done
0 of 0 (0% of) surface lights went in leaf ambient cubes.
0...1...2...3...4...5...6...7...8...9...10Writing leaf ambient...done
Ready to Finish

Object names       Objects/Maxobjs  Memory / Maxmem  Fullness 
------------       ---------------  ---------------  -------- 
models                   1/1024           48/49152    ( 0.1%) 
brushes                  6/8192           72/98304    ( 0.1%) 
brushsides              36/65536         288/524288   ( 0.1%) 
planes                  40/65536         800/1310720  ( 0.1%) 
vertexes                49/65536         588/786432   ( 0.1%) 
nodes                   27/65536         864/2097152  ( 0.0%) 
texinfos                 3/12288         216/884736   ( 0.0%) 
texdata                  1/2048           32/65536    ( 0.0%) 
dispinfos                0/0               0/0        ( 0.0%) 
disp_verts               0/0               0/0        ( 0.0%) 
disp_tris                0/0               0/0        ( 0.0%) 
disp_multiblend          0/0               0/0        ( 0.0%) 
disp_lmsamples           0/0               0/0        ( 0.0%) 
faces                   42/65536        2352/3670016  ( 0.1%) 
hdr faces                0/65536           0/3670016  ( 0.0%) 
origfaces                6/65536         336/3670016  ( 0.0%) 
facebrushes              0/0               0/0        ( 0.0%) 
facebrushlists          42/0             168/0        ( 0.0%) 
leaves                  29/65536         928/2097152  ( 0.0%) 
leaffaces               42/65536          84/131072   ( 0.1%) 
leafbrushes             16/65536          32/131072   ( 0.0%) 
areas                    2/256            16/2048     ( 0.8%) 
surfedges              200/512000        800/2048000  ( 0.0%) 
edges                  101/256000        404/1024000  ( 0.0%) 
LDR worldlights          0/8192            0/819200   ( 0.0%) 
HDR worldlights          0/8192            0/819200   ( 0.0%) 
leafwaterdata            0/32768           0/393216   ( 0.0%) 
waterstrips              0/32768           0/327680   ( 0.0%) 
waterverts               0/65536           0/786432   ( 0.0%) 
waterindices             0/65536           0/131072   ( 0.0%) 
cubemapsamples           0/1024            0/16384    ( 0.0%) 
overlays                 0/512             0/180224   ( 0.0%) 
LDR lightdata         [variable]      554600/0        ( 0.0%) 
HDR lightdata         [variable]           0/0        ( 0.0%) 
visdata               [variable]          44/16777216 ( 0.0%) 
entdata               [variable]        5083/393216   ( 1.3%) 
LDR ambient table       29/65536         116/262144   ( 0.0%) 
HDR ambient table       29/65536         116/262144   ( 0.0%) 
LDR leaf ambient         4/65536         112/1835008  ( 0.0%) 
HDR leaf ambient        29/65536         812/1835008  ( 0.0%) 
occluders                0/0               0/0        ( 0.0%) 
occluder polygons        0/0               0/0        ( 0.0%) 
occluder vert ind        0/0               0/0        ( 0.0%) 
detail props          [variable]           1/12       ( 8.3%) 
static props          [variable]           1/12       ( 8.3%) 
pakfile               [variable]       74462/0        ( 0.0%) 
physics               [variable]        2281/4194304  ( 0.1%) 
physics terrain       [variable]           2/1048576  ( 0.0%) 

Level flags = 1

Total triangle count: 92
Writing d:\steamlibrary\steamapps\common\portal 2\sdk_content\maps\custom maps\cd_special_stage\cd_special_stage.bsp
0 seconds elapsed



Using shader api: shaderapiempty.dll
materialPath: D:\SteamLibrary\steamapps\common\Portal 2\portal2\materials
Loading D:\SteamLibrary\steamapps\common\Portal 2\sdk_content\maps\custom maps\cd_special_stage\cd_special_stage.vmf
ConVarRef gpu_level doesn't point to an existing ConVar
fixing up env_cubemap materials on brush sides...
0...1...2...3...4...5...6...7...8...9...100...1...2...3...4...5...6...7...8...9...10Processing areas...done (0)
Building Faces...done (0)
FixTjuncs...
PruneNodes...
WriteBSP...
done (0)
writing D:\SteamLibrary\steamapps\common\Portal 2\sdk_content\maps\custom maps\cd_special_stage\cd_special_stage.prt...Building visibility clusters...
done (0)
Finding displacement neighbors...
Finding lightmap sample positions...
Displacement Alpha : 0...1...2...3...4...5...6...7...8...9...10
Building Physics collision data...
done (0) (2281 bytes)
Placing detail props : 0...1...2...3...4...5...6...7...8...9...10
Compacting texture/material tables...
Reduced 3 texinfos to 3
Reduced 1 texdatas to 1 (25 bytes to 25)
Writing D:\SteamLibrary\steamapps\common\Portal 2\sdk_content\maps\custom maps\cd_special_stage\cd_special_stage.bsp

nummapplanes:     (    40 / 65536 )
nummapbrushes:    (     6 /  8192 )
nummapbrushsides: (    36 / 65536 )
num_map_overlays: (     0 /   512 )
nummodels:        (     1 /  1024 )
num_entities:     (    16 / 16384 )

0 seconds elapsed



24 threads
reading d:\steamlibrary\steamapps\common\portal 2\sdk_content\maps\custom maps\cd_special_stage\cd_special_stage.bsp
reading d:\steamlibrary\steamapps\common\portal 2\sdk_content\maps\custom maps\cd_special_stage\cd_special_stage.prt
   4 portalclusters
   4 numportals
0...1...2...3...4...5...6...7...8...9...100...1...2...3...4...5...6...7...8...9...10Optimized: 0 visible clusters (0.00%)
Total clusters visible: 16
Average clusters visible: 4
Building PAS...
Average clusters audible: 4
visdatasize:44  compressed from 64
writing d:\steamlibrary\steamapps\common\portal 2\sdk_content\maps\custom maps\cd_special_stage\cd_special_stage.bsp
0 seconds elapsed



[Reading texlights from 'lights.rad']
[59 texlights parsed from 'lights.rad']

Loading d:\steamlibrary\steamapps\common\portal 2\sdk_content\maps\custom maps\cd_special_stage\cd_special_stage.bsp
42 faces
56888 square feet [8192000.00 square inches]
0 Displacements
0 Square Feet [0.00 Square Inches]
42 patches before subdivision
5334 patches after subdivision
0 direct lights
0...1...2...3...4...5...6...7...8...9...100...1...2...3...4...5...6...7...8...9...10transfers 592432, max 256
transfer lists:   4.5 megs
0...1...2...3...4...5...6...7...8...9...10	Bounce #1 added RGB(0, 0, 0)
Build Patch/Sample Hash Table(s).....Done<0.0007 sec>
0...1...2...3...4...5...6...7...8...9...10FinalLightFace Done
0 of 0 (0% of) surface lights went in leaf ambient cubes.
0...1...2...3...4...5...6...7...8...9...10Writing leaf ambient...done
Ready to Finish

Object names       Objects/Maxobjs  Memory / Maxmem  Fullness 
------------       ---------------  ---------------  -------- 
models                   1/1024           48/49152    ( 0.1%) 
brushes                  6/8192           72/98304    ( 0.1%) 
brushsides              36/65536         288/524288   ( 0.1%) 
planes                  40/65536         800/1310720  ( 0.1%) 
vertexes                49/65536         588/786432   ( 0.1%) 
nodes                   27/65536         864/2097152  ( 0.0%) 
texinfos                 3/12288         216/884736   ( 0.0%) 
texdata                  1/2048           32/65536    ( 0.0%) 
dispinfos                0/0               0/0        ( 0.0%) 
disp_verts               0/0               0/0        ( 0.0%) 
disp_tris                0/0               0/0        ( 0.0%) 
disp_multiblend          0/0               0/0        ( 0.0%) 
disp_lmsamples           0/0               0/0        ( 0.0%) 
faces                   42/65536        2352/3670016  ( 0.1%) 
hdr faces                0/65536           0/3670016  ( 0.0%) 
origfaces                6/65536         336/3670016  ( 0.0%) 
facebrushes              0/0               0/0        ( 0.0%) 
facebrushlists          42/0             168/0        ( 0.0%) 
leaves                  29/65536         928/2097152  ( 0.0%) 
leaffaces               42/65536          84/131072   ( 0.1%) 
leafbrushes             16/65536          32/131072   ( 0.0%) 
areas                    2/256            16/2048     ( 0.8%) 
surfedges              200/512000        800/2048000  ( 0.0%) 
edges                  101/256000        404/1024000  ( 0.0%) 
LDR worldlights          0/8192            0/819200   ( 0.0%) 
HDR worldlights          0/8192            0/819200   ( 0.0%) 
leafwaterdata            0/32768           0/393216   ( 0.0%) 
waterstrips              0/32768           0/327680   ( 0.0%) 
waterverts               0/65536           0/786432   ( 0.0%) 
waterindices             0/65536           0/131072   ( 0.0%) 
cubemapsamples           0/1024            0/16384    ( 0.0%) 
overlays                 0/512             0/180224   ( 0.0%) 
LDR lightdata         [variable]      554600/0        ( 0.0%) 
HDR lightdata         [variable]           0/0        ( 0.0%) 
visdata               [variable]          44/16777216 ( 0.0%) 
entdata               [variable]        5393/393216   ( 1.4%) 
LDR ambient table       29/65536         116/262144   ( 0.0%) 
HDR ambient table       29/65536         116/262144   ( 0.0%) 
LDR leaf ambient         4/65536         112/1835008  ( 0.0%) 
HDR leaf ambient        29/65536         812/1835008  ( 0.0%) 
occluders                0/0               0/0        ( 0.0%) 
occluder polygons        0/0               0/0        ( 0.0%) 
occluder vert ind        0/0               0/0        ( 0.0%) 
detail props          [variable]           1/12       ( 8.3%) 
static props          [variable]           1/12       ( 8.3%) 
pakfile               [variable]       74462/0        ( 0.0%) 
physics               [variable]        2281/4194304  ( 0.1%) 
physics terrain       [variable]           2/1048576  ( 0.0%) 

Level flags = 1

Total triangle count: 92
Writing d:\steamlibrary\steamapps\common\portal 2\sdk_content\maps\custom maps\cd_special_stage\cd_special_stage.bsp
0 seconds elapsed



Using shader api: shaderapiempty.dll
materialPath: D:\SteamLibrary\steamapps\common\Portal 2\portal2\materials
Loading D:\SteamLibrary\steamapps\common\Portal 2\sdk_content\maps\custom maps\cd_special_stage\cd_special_stage.vmf
ConVarRef gpu_level doesn't point to an existing ConVar
fixing up env_cubemap materials on brush sides...
0...1...2...3...4...5...6...7...8...9...100...1...2...3...4...5...6...7...8...9...10Processing areas...done (0)
Building Faces...done (0)
FixTjuncs...
PruneNodes...
WriteBSP...
done (0)
writing D:\SteamLibrary\steamapps\common\Portal 2\sdk_content\maps\custom maps\cd_special_stage\cd_special_stage.prt...Building visibility clusters...
done (0)
Finding displacement neighbors...
Finding lightmap sample positions...
Displacement Alpha : 0...1...2...3...4...5...6...7...8...9...10
Building Physics collision data...
done (0) (2281 bytes)
Placing detail props : 0...1...2...3...4...5...6...7...8...9...10
Compacting texture/material tables...
Reduced 3 texinfos to 3
Reduced 1 texdatas to 1 (25 bytes to 25)
Writing D:\SteamLibrary\steamapps\common\Portal 2\sdk_content\maps\custom maps\cd_special_stage\cd_special_stage.bsp

nummapplanes:     (    40 / 65536 )
nummapbrushes:    (     6 /  8192 )
nummapbrushsides: (    36 / 65536 )
num_map_overlays: (     0 /   512 )
nummodels:        (     1 /  1024 )
num_entities:     (    16 / 16384 )

0 seconds elapsed



24 threads
reading d:\steamlibrary\steamapps\common\portal 2\sdk_content\maps\custom maps\cd_special_stage\cd_special_stage.bsp
reading d:\steamlibrary\steamapps\common\portal 2\sdk_content\maps\custom maps\cd_special_stage\cd_special_stage.prt
   4 portalclusters
   4 numportals
0...1...2...3...4...5...6...7...8...9...100...1...2...3...4...5...6...7...8...9...10Optimized: 0 visible clusters (0.00%)
Total clusters visible: 16
Average clusters visible: 4
Building PAS...
Average clusters audible: 4
visdatasize:44  compressed from 64
writing d:\steamlibrary\steamapps\common\portal 2\sdk_content\maps\custom maps\cd_special_stage\cd_special_stage.bsp
0 seconds elapsed



[Reading texlights from 'lights.rad']
[59 texlights parsed from 'lights.rad']

Loading d:\steamlibrary\steamapps\common\portal 2\sdk_content\maps\custom maps\cd_special_stage\cd_special_stage.bsp
42 faces
56888 square feet [8192000.00 square inches]
0 Displacements
0 Square Feet [0.00 Square Inches]
42 patches before subdivision
5334 patches after subdivision
0 direct lights
0...1...2...3...4...5...6...7...8...9...100...1...2...3...4...5...6...7...8...9...10transfers 592432, max 256
transfer lists:   4.5 megs
0...1...2...3...4...5...6...7...8...9...10	Bounce #1 added RGB(0, 0, 0)
Build Patch/Sample Hash Table(s).....Done<0.0007 sec>
0...1...2...3...4...5...6...7...8...9...10FinalLightFace Done
0 of 0 (0% of) surface lights went in leaf ambient cubes.
0...1...2...3...4...5...6...7...8...9...10Writing leaf ambient...done
Ready to Finish

Object names       Objects/Maxobjs  Memory / Maxmem  Fullness 
------------       ---------------  ---------------  -------- 
models                   1/1024           48/49152    ( 0.1%) 
brushes                  6/8192           72/98304    ( 0.1%) 
brushsides              36/65536         288/524288   ( 0.1%) 
planes                  40/65536         800/1310720  ( 0.1%) 
vertexes                49/65536         588/786432   ( 0.1%) 
nodes                   27/65536         864/2097152  ( 0.0%) 
texinfos                 3/12288         216/884736   ( 0.0%) 
texdata                  1/2048           32/65536    ( 0.0%) 
dispinfos                0/0               0/0        ( 0.0%) 
disp_verts               0/0               0/0        ( 0.0%) 
disp_tris                0/0               0/0        ( 0.0%) 
disp_multiblend          0/0               0/0        ( 0.0%) 
disp_lmsamples           0/0               0/0        ( 0.0%) 
faces                   42/65536        2352/3670016  ( 0.1%) 
hdr faces                0/65536           0/3670016  ( 0.0%) 
origfaces                6/65536         336/3670016  ( 0.0%) 
facebrushes              0/0               0/0        ( 0.0%) 
facebrushlists          42/0             168/0        ( 0.0%) 
leaves                  29/65536         928/2097152  ( 0.0%) 
leaffaces               42/65536          84/131072   ( 0.1%) 
leafbrushes             16/65536          32/131072   ( 0.0%) 
areas                    2/256            16/2048     ( 0.8%) 
surfedges              200/512000        800/2048000  ( 0.0%) 
edges                  101/256000        404/1024000  ( 0.0%) 
LDR worldlights          0/8192            0/819200   ( 0.0%) 
HDR worldlights          0/8192            0/819200   ( 0.0%) 
leafwaterdata            0/32768           0/393216   ( 0.0%) 
waterstrips              0/32768           0/327680   ( 0.0%) 
waterverts               0/65536           0/786432   ( 0.0%) 
waterindices             0/65536           0/131072   ( 0.0%) 
cubemapsamples           0/1024            0/16384    ( 0.0%) 
overlays                 0/512             0/180224   ( 0.0%) 
LDR lightdata         [variable]      554600/0        ( 0.0%) 
HDR lightdata         [variable]           0/0        ( 0.0%) 
visdata               [variable]          44/16777216 ( 0.0%) 
entdata               [variable]        5393/393216   ( 1.4%) 
LDR ambient table       29/65536         116/262144   ( 0.0%) 
HDR ambient table       29/65536         116/262144   ( 0.0%) 
LDR leaf ambient         4/65536         112/1835008  ( 0.0%) 
HDR leaf ambient        29/65536         812/1835008  ( 0.0%) 
occluders                0/0               0/0        ( 0.0%) 
occluder polygons        0/0               0/0        ( 0.0%) 
occluder vert ind        0/0               0/0        ( 0.0%) 
detail props          [variable]           1/12       ( 8.3%) 
static props          [variable]           1/12       ( 8.3%) 
pakfile               [variable]       74462/0        ( 0.0%) 
physics               [variable]        2281/4194304  ( 0.1%) 
physics terrain       [variable]           2/1048576  ( 0.0%) 

Level flags = 1

Total triangle count: 92
Writing d:\steamlibrary\steamapps\common\portal 2\sdk_content\maps\custom maps\cd_special_stage\cd_special_stage.bsp
0 seconds elapsed



Using shader api: shaderapiempty.dll
materialPath: D:\SteamLibrary\steamapps\common\Portal 2\portal2\materials
Loading D:\SteamLibrary\steamapps\common\Portal 2\sdk_content\maps\custom maps\cd_special_stage\cd_special_stage.vmf
ConVarRef gpu_level doesn't point to an existing ConVar
fixing up env_cubemap materials on brush sides...
0...1...2...3...4...5...6...7...8...9...100...1...2...3...4...5...6...7...8...9...10Processing areas...done (0)
Building Faces...done (0)
FixTjuncs...
PruneNodes...
WriteBSP...
done (0)
writing D:\SteamLibrary\steamapps\common\Portal 2\sdk_content\maps\custom maps\cd_special_stage\cd_special_stage.prt...Building visibility clusters...
done (0)
Finding displacement neighbors...
Finding lightmap sample positions...
Displacement Alpha : 0...1...2...3...4...5...6...7...8...9...10
Building Physics collision data...
done (0) (3939 bytes)
Placing detail props : 0...1...2...3...4...5...6...7...8...9...10
Compacting texture/material tables...
Reduced 15 texinfos to 7
Reduced 3 texdatas to 3 (60 bytes to 60)
Writing D:\SteamLibrary\steamapps\common\Portal 2\sdk_content\maps\custom maps\cd_special_stage\cd_special_stage.bsp

nummapplanes:     (    96 / 65536 )
nummapbrushes:    (     9 /  8192 )
nummapbrushsides: (    54 / 65536 )
num_map_overlays: (     0 /   512 )
nummodels:        (     4 /  1024 )
num_entities:     (    25 / 16384 )

0 seconds elapsed



24 threads
reading d:\steamlibrary\steamapps\common\portal 2\sdk_content\maps\custom maps\cd_special_stage\cd_special_stage.bsp
reading d:\steamlibrary\steamapps\common\portal 2\sdk_content\maps\custom maps\cd_special_stage\cd_special_stage.prt
   4 portalclusters
   4 numportals
0...1...2...3...4...5...6...7...8...9...100...1...2...3...4...5...6...7...8...9...10Optimized: 0 visible clusters (0.00%)
Total clusters visible: 16
Average clusters visible: 4
Building PAS...
Average clusters audible: 4
visdatasize:44  compressed from 64
writing d:\steamlibrary\steamapps\common\portal 2\sdk_content\maps\custom maps\cd_special_stage\cd_special_stage.bsp
0 seconds elapsed



[Reading texlights from 'lights.rad']
[59 texlights parsed from 'lights.rad']

Loading d:\steamlibrary\steamapps\common\portal 2\sdk_content\maps\custom maps\cd_special_stage\cd_special_stage.bsp
48 faces
57106 square feet [8223360.00 square inches]
0 Displacements
0 Square Feet [0.00 Square Inches]
48 patches before subdivision
5340 patches after subdivision
0 direct lights
0...1...2...3...4...5...6...7...8...9...100...1...2...3...4...5...6...7...8...9...10transfers 593707, max 256
transfer lists:   4.5 megs
0...1...2...3...4...5...6...7...8...9...10	Bounce #1 added RGB(0, 0, 0)
Build Patch/Sample Hash Table(s).....Done<0.0006 sec>
0...1...2...3...4...5...6...7...8...9...10FinalLightFace Done
0 of 0 (0% of) surface lights went in leaf ambient cubes.
0...1...2...3...4...5...6...7...8...9...10Writing leaf ambient...done
Ready to Finish

Object names       Objects/Maxobjs  Memory / Maxmem  Fullness 
------------       ---------------  ---------------  -------- 
models                   4/1024          192/49152    ( 0.4%) 
brushes                  9/8192          108/98304    ( 0.1%) 
brushsides              54/65536         432/524288   ( 0.1%) 
planes                  96/65536        1920/1310720  ( 0.1%) 
vertexes                57/65536         684/786432   ( 0.1%) 
nodes                   45/65536        1440/2097152  ( 0.1%) 
texinfos                 7/12288         504/884736   ( 0.1%) 
texdata                  3/2048           96/65536    ( 0.1%) 
dispinfos                0/0               0/0        ( 0.0%) 
disp_verts               0/0               0/0        ( 0.0%) 
disp_tris                0/0               0/0        ( 0.0%) 
disp_multiblend          0/0               0/0        ( 0.0%) 
disp_lmsamples           0/0               0/0        ( 0.0%) 
faces                   48/65536        2688/3670016  ( 0.1%) 
hdr faces                0/65536           0/3670016  ( 0.0%) 
origfaces               12/65536         672/3670016  ( 0.0%) 
facebrushes              0/0               0/0        ( 0.0%) 
facebrushlists          48/0             192/0        ( 0.0%) 
leaves                  50/65536        1600/2097152  ( 0.1%) 
leaffaces               48/65536          96/131072   ( 0.1%) 
leafbrushes             19/65536          38/131072   ( 0.0%) 
areas                    2/256            16/2048     ( 0.8%) 
surfedges              248/512000        992/2048000  ( 0.0%) 
edges                  125/256000        500/1024000  ( 0.0%) 
LDR worldlights          0/8192            0/819200   ( 0.0%) 
HDR worldlights          0/8192            0/819200   ( 0.0%) 
leafwaterdata            0/32768           0/393216   ( 0.0%) 
waterstrips              0/32768           0/327680   ( 0.0%) 
waterverts               0/65536           0/786432   ( 0.0%) 
waterindices             0/65536           0/131072   ( 0.0%) 
cubemapsamples           0/1024            0/16384    ( 0.0%) 
overlays                 0/512             0/180224   ( 0.0%) 
LDR lightdata         [variable]      554600/0        ( 0.0%) 
HDR lightdata         [variable]           0/0        ( 0.0%) 
visdata               [variable]          44/16777216 ( 0.0%) 
entdata               [variable]        8030/393216   ( 2.0%) 
LDR ambient table       50/65536         200/262144   ( 0.1%) 
HDR ambient table       50/65536         200/262144   ( 0.1%) 
LDR leaf ambient        24/65536         672/1835008  ( 0.0%) 
HDR leaf ambient        50/65536        1400/1835008  ( 0.1%) 
occluders                0/0               0/0        ( 0.0%) 
occluder polygons        0/0               0/0        ( 0.0%) 
occluder vert ind        0/0               0/0        ( 0.0%) 
detail props          [variable]           1/12       ( 8.3%) 
static props          [variable]           1/12       ( 8.3%) 
pakfile               [variable]       74462/0        ( 0.0%) 
physics               [variable]        3939/4194304  ( 0.1%) 
physics terrain       [variable]           2/1048576  ( 0.0%) 

Level flags = 1

Total triangle count: 104
Writing d:\steamlibrary\steamapps\common\portal 2\sdk_content\maps\custom maps\cd_special_stage\cd_special_stage.bsp
0 seconds elapsed



Using shader api: shaderapiempty.dll
materialPath: D:\SteamLibrary\steamapps\common\Portal 2\portal2\materials
Loading D:\SteamLibrary\steamapps\common\Portal 2\sdk_content\maps\custom maps\cd_special_stage\cd_special_stage.vmf
ConVarRef gpu_level doesn't point to an existing ConVar
fixing up env_cubemap materials on brush sides...
0...1...2...3...4...5...6...7...8...9...100...1...2...3...4...5...6...7...8...9...10Processing areas...done (0)
Building Faces...done (0)
FixTjuncs...
PruneNodes...
WriteBSP...
done (0)
writing D:\SteamLibrary\steamapps\common\Portal 2\sdk_content\maps\custom maps\cd_special_stage\cd_special_stage.prt...Building visibility clusters...
done (0)
Finding displacement neighbors...
Finding lightmap sample positions...
Displacement Alpha : 0...1...2...3...4...5...6...7...8...9...10
Building Physics collision data...
done (0) (3939 bytes)
Placing detail props : 0...1...2...3...4...5...6...7...8...9...10
Compacting texture/material tables...
Reduced 15 texinfos to 7
Reduced 3 texdatas to 3 (60 bytes to 60)
Writing D:\SteamLibrary\steamapps\common\Portal 2\sdk_content\maps\custom maps\cd_special_stage\cd_special_stage.bsp

nummapplanes:     (    96 / 65536 )
nummapbrushes:    (     9 /  8192 )
nummapbrushsides: (    54 / 65536 )
num_map_overlays: (     0 /   512 )
nummodels:        (     4 /  1024 )
num_entities:     (    25 / 16384 )

0 seconds elapsed



24 threads
reading d:\steamlibrary\steamapps\common\portal 2\sdk_content\maps\custom maps\cd_special_stage\cd_special_stage.bsp
reading d:\steamlibrary\steamapps\common\portal 2\sdk_content\maps\custom maps\cd_special_stage\cd_special_stage.prt
   4 portalclusters
   4 numportals
0...1...2...3...4...5...6...7...8...9...100...1...2...3...4...5...6...7...8...9...10Optimized: 0 visible clusters (0.00%)
Total clusters visible: 16
Average clusters visible: 4
Building PAS...
Average clusters audible: 4
visdatasize:44  compressed from 64
writing d:\steamlibrary\steamapps\common\portal 2\sdk_content\maps\custom maps\cd_special_stage\cd_special_stage.bsp
0 seconds elapsed



[Reading texlights from 'lights.rad']
[59 texlights parsed from 'lights.rad']

Loading d:\steamlibrary\steamapps\common\portal 2\sdk_content\maps\custom maps\cd_special_stage\cd_special_stage.bsp
48 faces
57106 square feet [8223360.00 square inches]
0 Displacements
0 Square Feet [0.00 Square Inches]
48 patches before subdivision
5340 patches after subdivision
0 direct lights
0...1...2...3...4...5...6...7...8...9...100...1...2...3...4...5...6...7...8...9...10transfers 593707, max 256
transfer lists:   4.5 megs
0...1...2...3...4...5...6...7...8...9...10	Bounce #1 added RGB(0, 0, 0)
Build Patch/Sample Hash Table(s).....Done<0.0006 sec>
0...1...2...3...4...5...6...7...8...9...10FinalLightFace Done
0 of 0 (0% of) surface lights went in leaf ambient cubes.
0...1...2...3...4...5...6...7...8...9...10Writing leaf ambient...done
Ready to Finish

Object names       Objects/Maxobjs  Memory / Maxmem  Fullness 
------------       ---------------  ---------------  -------- 
models                   4/1024          192/49152    ( 0.4%) 
brushes                  9/8192          108/98304    ( 0.1%) 
brushsides              54/65536         432/524288   ( 0.1%) 
planes                  96/65536        1920/1310720  ( 0.1%) 
vertexes                57/65536         684/786432   ( 0.1%) 
nodes                   45/65536        1440/2097152  ( 0.1%) 
texinfos                 7/12288         504/884736   ( 0.1%) 
texdata                  3/2048           96/65536    ( 0.1%) 
dispinfos                0/0               0/0        ( 0.0%) 
disp_verts               0/0               0/0        ( 0.0%) 
disp_tris                0/0               0/0        ( 0.0%) 
disp_multiblend          0/0               0/0        ( 0.0%) 
disp_lmsamples           0/0               0/0        ( 0.0%) 
faces                   48/65536        2688/3670016  ( 0.1%) 
hdr faces                0/65536           0/3670016  ( 0.0%) 
origfaces               12/65536         672/3670016  ( 0.0%) 
facebrushes              0/0               0/0        ( 0.0%) 
facebrushlists          48/0             192/0        ( 0.0%) 
leaves                  50/65536        1600/2097152  ( 0.1%) 
leaffaces               48/65536          96/131072   ( 0.1%) 
leafbrushes             19/65536          38/131072   ( 0.0%) 
areas                    2/256            16/2048     ( 0.8%) 
surfedges              248/512000        992/2048000  ( 0.0%) 
edges                  125/256000        500/1024000  ( 0.0%) 
LDR worldlights          0/8192            0/819200   ( 0.0%) 
HDR worldlights          0/8192            0/819200   ( 0.0%) 
leafwaterdata            0/32768           0/393216   ( 0.0%) 
waterstrips              0/32768           0/327680   ( 0.0%) 
waterverts               0/65536           0/786432   ( 0.0%) 
waterindices             0/65536           0/131072   ( 0.0%) 
cubemapsamples           0/1024            0/16384    ( 0.0%) 
overlays                 0/512             0/180224   ( 0.0%) 
LDR lightdata         [variable]      554600/0        ( 0.0%) 
HDR lightdata         [variable]           0/0        ( 0.0%) 
visdata               [variable]          44/16777216 ( 0.0%) 
entdata               [variable]        8061/393216   ( 2.1%) 
LDR ambient table       50/65536         200/262144   ( 0.1%) 
HDR ambient table       50/65536         200/262144   ( 0.1%) 
LDR leaf ambient        24/65536         672/1835008  ( 0.0%) 
HDR leaf ambient        50/65536        1400/1835008  ( 0.1%) 
occluders                0/0               0/0        ( 0.0%) 
occluder polygons        0/0               0/0        ( 0.0%) 
occluder vert ind        0/0               0/0        ( 0.0%) 
detail props          [variable]           1/12       ( 8.3%) 
static props          [variable]           1/12       ( 8.3%) 
pakfile               [variable]       74462/0        ( 0.0%) 
physics               [variable]        3939/4194304  ( 0.1%) 
physics terrain       [variable]           2/1048576  ( 0.0%) 

Level flags = 1

Total triangle count: 104
Writing d:\steamlibrary\steamapps\common\portal 2\sdk_content\maps\custom maps\cd_special_stage\cd_special_stage.bsp
0 seconds elapsed



Using shader api: shaderapiempty.dll
materialPath: D:\SteamLibrary\steamapps\common\Portal 2\portal2\materials
Loading D:\SteamLibrary\steamapps\common\Portal 2\sdk_content\maps\custom maps\cd_special_stage\cd_special_stage.vmf
ConVarRef gpu_level doesn't point to an existing ConVar
fixing up env_cubemap materials on brush sides...
0...1...2...3...4...5...6...7...8...9...100...1...2...3...4...5...6...7...8...9...10Processing areas...done (0)
Building Faces...done (0)
FixTjuncs...
PruneNodes...
WriteBSP...
done (0)
writing D:\SteamLibrary\steamapps\common\Portal 2\sdk_content\maps\custom maps\cd_special_stage\cd_special_stage.prt...Building visibility clusters...
done (0)
Finding displacement neighbors...
Finding lightmap sample positions...
Displacement Alpha : 0...1...2...3...4...5...6...7...8...9...10
Building Physics collision data...
done (0) (3939 bytes)
Placing detail props : 0...1...2...3...4...5...6...7...8...9...10
Compacting texture/material tables...
Reduced 15 texinfos to 7
Reduced 3 texdatas to 3 (60 bytes to 60)
Writing D:\SteamLibrary\steamapps\common\Portal 2\sdk_content\maps\custom maps\cd_special_stage\cd_special_stage.bsp

nummapplanes:     (    96 / 65536 )
nummapbrushes:    (     9 /  8192 )
nummapbrushsides: (    54 / 65536 )
num_map_overlays: (     0 /   512 )
nummodels:        (     4 /  1024 )
num_entities:     (    26 / 16384 )

0 seconds elapsed



24 threads
reading d:\steamlibrary\steamapps\common\portal 2\sdk_content\maps\custom maps\cd_special_stage\cd_special_stage.bsp
reading d:\steamlibrary\steamapps\common\portal 2\sdk_content\maps\custom maps\cd_special_stage\cd_special_stage.prt
   4 portalclusters
   4 numportals
0...1...2...3...4...5...6...7...8...9...100...1...2...3...4...5...6...7...8...9...10Optimized: 0 visible clusters (0.00%)
Total clusters visible: 16
Average clusters visible: 4
Building PAS...
Average clusters audible: 4
visdatasize:44  compressed from 64
writing d:\steamlibrary\steamapps\common\portal 2\sdk_content\maps\custom maps\cd_special_stage\cd_special_stage.bsp
0 seconds elapsed



[Reading texlights from 'lights.rad']
[59 texlights parsed from 'lights.rad']

Loading d:\steamlibrary\steamapps\common\portal 2\sdk_content\maps\custom maps\cd_special_stage\cd_special_stage.bsp
48 faces
57106 square feet [8223360.00 square inches]
0 Displacements
0 Square Feet [0.00 Square Inches]
48 patches before subdivision
5340 patches after subdivision
0 direct lights
0...1...2...3...4...5...6...7...8...9...100...1...2...3...4...5...6...7...8...9...10transfers 593707, max 256
transfer lists:   4.5 megs
0...1...2...3...4...5...6...7...8...9...10	Bounce #1 added RGB(0, 0, 0)
Build Patch/Sample Hash Table(s).....Done<0.0007 sec>
0...1...2...3...4...5...6...7...8...9...10FinalLightFace Done
0 of 0 (0% of) surface lights went in leaf ambient cubes.
0...1...2...3...4...5...6...7...8...9...10Writing leaf ambient...done
Ready to Finish

Object names       Objects/Maxobjs  Memory / Maxmem  Fullness 
------------       ---------------  ---------------  -------- 
models                   4/1024          192/49152    ( 0.4%) 
brushes                  9/8192          108/98304    ( 0.1%) 
brushsides              54/65536         432/524288   ( 0.1%) 
planes                  96/65536        1920/1310720  ( 0.1%) 
vertexes                57/65536         684/786432   ( 0.1%) 
nodes                   45/65536        1440/2097152  ( 0.1%) 
texinfos                 7/12288         504/884736   ( 0.1%) 
texdata                  3/2048           96/65536    ( 0.1%) 
dispinfos                0/0               0/0        ( 0.0%) 
disp_verts               0/0               0/0        ( 0.0%) 
disp_tris                0/0               0/0        ( 0.0%) 
disp_multiblend          0/0               0/0        ( 0.0%) 
disp_lmsamples           0/0               0/0        ( 0.0%) 
faces                   48/65536        2688/3670016  ( 0.1%) 
hdr faces                0/65536           0/3670016  ( 0.0%) 
origfaces               12/65536         672/3670016  ( 0.0%) 
facebrushes              0/0               0/0        ( 0.0%) 
facebrushlists          48/0             192/0        ( 0.0%) 
leaves                  50/65536        1600/2097152  ( 0.1%) 
leaffaces               48/65536          96/131072   ( 0.1%) 
leafbrushes             19/65536          38/131072   ( 0.0%) 
areas                    2/256            16/2048     ( 0.8%) 
surfedges              248/512000        992/2048000  ( 0.0%) 
edges                  125/256000        500/1024000  ( 0.0%) 
LDR worldlights          0/8192            0/819200   ( 0.0%) 
HDR worldlights          0/8192            0/819200   ( 0.0%) 
leafwaterdata            0/32768           0/393216   ( 0.0%) 
waterstrips              0/32768           0/327680   ( 0.0%) 
waterverts               0/65536           0/786432   ( 0.0%) 
waterindices             0/65536           0/131072   ( 0.0%) 
cubemapsamples           0/1024            0/16384    ( 0.0%) 
overlays                 0/512             0/180224   ( 0.0%) 
LDR lightdata         [variable]      554600/0        ( 0.0%) 
HDR lightdata         [variable]           0/0        ( 0.0%) 
visdata               [variable]          44/16777216 ( 0.0%) 
entdata               [variable]        8331/393216   ( 2.1%) 
LDR ambient table       50/65536         200/262144   ( 0.1%) 
HDR ambient table       50/65536         200/262144   ( 0.1%) 
LDR leaf ambient        24/65536         672/1835008  ( 0.0%) 
HDR leaf ambient        50/65536        1400/1835008  ( 0.1%) 
occluders                0/0               0/0        ( 0.0%) 
occluder polygons        0/0               0/0        ( 0.0%) 
occluder vert ind        0/0               0/0        ( 0.0%) 
detail props          [variable]           1/12       ( 8.3%) 
static props          [variable]           1/12       ( 8.3%) 
pakfile               [variable]       74462/0        ( 0.0%) 
physics               [variable]        3939/4194304  ( 0.1%) 
physics terrain       [variable]           2/1048576  ( 0.0%) 

Level flags = 1

Total triangle count: 104
Writing d:\steamlibrary\steamapps\common\portal 2\sdk_content\maps\custom maps\cd_special_stage\cd_special_stage.bsp
0 seconds elapsed



Using shader api: shaderapiempty.dll
materialPath: D:\SteamLibrary\steamapps\common\Portal 2\portal2\materials
Loading D:\SteamLibrary\steamapps\common\Portal 2\sdk_content\maps\custom maps\cd_special_stage\cd_special_stage.vmf
ConVarRef gpu_level doesn't point to an existing ConVar
fixing up env_cubemap materials on brush sides...
0...1...2...3...4...5...6...7...8...9...100...1...2...3...4...5...6...7...8...9...10Processing areas...done (0)
Building Faces...done (0)
FixTjuncs...
PruneNodes...
WriteBSP...
done (0)
writing D:\SteamLibrary\steamapps\common\Portal 2\sdk_content\maps\custom maps\cd_special_stage\cd_special_stage.prt...Building visibility clusters...
done (0)
Finding displacement neighbors...
Finding lightmap sample positions...
Displacement Alpha : 0...1...2...3...4...5...6...7...8...9...10
Building Physics collision data...
done (0) (3939 bytes)
Placing detail props : 0...1...2...3...4...5...6...7...8...9...10
Compacting texture/material tables...
Reduced 15 texinfos to 7
Reduced 3 texdatas to 3 (60 bytes to 60)
Writing D:\SteamLibrary\steamapps\common\Portal 2\sdk_content\maps\custom maps\cd_special_stage\cd_special_stage.bsp

nummapplanes:     (    96 / 65536 )
nummapbrushes:    (     9 /  8192 )
nummapbrushsides: (    54 / 65536 )
num_map_overlays: (     0 /   512 )
nummodels:        (     4 /  1024 )
num_entities:     (    26 / 16384 )

0 seconds elapsed



24 threads
reading d:\steamlibrary\steamapps\common\portal 2\sdk_content\maps\custom maps\cd_special_stage\cd_special_stage.bsp
reading d:\steamlibrary\steamapps\common\portal 2\sdk_content\maps\custom maps\cd_special_stage\cd_special_stage.prt
   4 portalclusters
   4 numportals
0...1...2...3...4...5...6...7...8...9...100...1...2...3...4...5...6...7...8...9...10Optimized: 0 visible clusters (0.00%)
Total clusters visible: 16
Average clusters visible: 4
Building PAS...
Average clusters audible: 4
visdatasize:44  compressed from 64
writing d:\steamlibrary\steamapps\common\portal 2\sdk_content\maps\custom maps\cd_special_stage\cd_special_stage.bsp
0 seconds elapsed



[Reading texlights from 'lights.rad']
[59 texlights parsed from 'lights.rad']

Loading d:\steamlibrary\steamapps\common\portal 2\sdk_content\maps\custom maps\cd_special_stage\cd_special_stage.bsp
48 faces
57106 square feet [8223360.00 square inches]
0 Displacements
0 Square Feet [0.00 Square Inches]
48 patches before subdivision
5340 patches after subdivision
0 direct lights
0...1...2...3...4...5...6...7...8...9...100...1...2...3...4...5...6...7...8...9...10transfers 593707, max 256
transfer lists:   4.5 megs
0...1...2...3...4...5...6...7...8...9...10	Bounce #1 added RGB(0, 0, 0)
Build Patch/Sample Hash Table(s).....Done<0.0006 sec>
0...1...2...3...4...5...6...7...8...9...10FinalLightFace Done
0 of 0 (0% of) surface lights went in leaf ambient cubes.
0...1...2...3...4...5...6...7...8...9...10Writing leaf ambient...done
Ready to Finish

Object names       Objects/Maxobjs  Memory / Maxmem  Fullness 
------------       ---------------  ---------------  -------- 
models                   4/1024          192/49152    ( 0.4%) 
brushes                  9/8192          108/98304    ( 0.1%) 
brushsides              54/65536         432/524288   ( 0.1%) 
planes                  96/65536        1920/1310720  ( 0.1%) 
vertexes                57/65536         684/786432   ( 0.1%) 
nodes                   45/65536        1440/2097152  ( 0.1%) 
texinfos                 7/12288         504/884736   ( 0.1%) 
texdata                  3/2048           96/65536    ( 0.1%) 
dispinfos                0/0               0/0        ( 0.0%) 
disp_verts               0/0               0/0        ( 0.0%) 
disp_tris                0/0               0/0        ( 0.0%) 
disp_multiblend          0/0               0/0        ( 0.0%) 
disp_lmsamples           0/0               0/0        ( 0.0%) 
faces                   48/65536        2688/3670016  ( 0.1%) 
hdr faces                0/65536           0/3670016  ( 0.0%) 
origfaces               12/65536         672/3670016  ( 0.0%) 
facebrushes              0/0               0/0        ( 0.0%) 
facebrushlists          48/0             192/0        ( 0.0%) 
leaves                  50/65536        1600/2097152  ( 0.1%) 
leaffaces               48/65536          96/131072   ( 0.1%) 
leafbrushes             19/65536          38/131072   ( 0.0%) 
areas                    2/256            16/2048     ( 0.8%) 
surfedges              248/512000        992/2048000  ( 0.0%) 
edges                  125/256000        500/1024000  ( 0.0%) 
LDR worldlights          0/8192            0/819200   ( 0.0%) 
HDR worldlights          0/8192            0/819200   ( 0.0%) 
leafwaterdata            0/32768           0/393216   ( 0.0%) 
waterstrips              0/32768           0/327680   ( 0.0%) 
waterverts               0/65536           0/786432   ( 0.0%) 
waterindices             0/65536           0/131072   ( 0.0%) 
cubemapsamples           0/1024            0/16384    ( 0.0%) 
overlays                 0/512             0/180224   ( 0.0%) 
LDR lightdata         [variable]      554600/0        ( 0.0%) 
HDR lightdata         [variable]           0/0        ( 0.0%) 
visdata               [variable]          44/16777216 ( 0.0%) 
entdata               [variable]        8331/393216   ( 2.1%) 
LDR ambient table       50/65536         200/262144   ( 0.1%) 
HDR ambient table       50/65536         200/262144   ( 0.1%) 
LDR leaf ambient        24/65536         672/1835008  ( 0.0%) 
HDR leaf ambient        50/65536        1400/1835008  ( 0.1%) 
occluders                0/0               0/0        ( 0.0%) 
occluder polygons        0/0               0/0        ( 0.0%) 
occluder vert ind        0/0               0/0        ( 0.0%) 
detail props          [variable]           1/12       ( 8.3%) 
static props          [variable]           1/12       ( 8.3%) 
pakfile               [variable]       74462/0        ( 0.0%) 
physics               [variable]        3939/4194304  ( 0.1%) 
physics terrain       [variable]           2/1048576  ( 0.0%) 

Level flags = 1

Total triangle count: 104
Writing d:\steamlibrary\steamapps\common\portal 2\sdk_content\maps\custom maps\cd_special_stage\cd_special_stage.bsp
0 seconds elapsed



Using shader api: shaderapiempty.dll
materialPath: D:\SteamLibrary\steamapps\common\Portal 2\portal2\materials
Loading D:\SteamLibrary\steamapps\common\Portal 2\sdk_content\maps\custom maps\cd_special_stage\cd_special_stage.vmf
ConVarRef gpu_level doesn't point to an existing ConVar
fixing up env_cubemap materials on brush sides...
0...1...2...3...4...5...6...7...8...9...100...1...2...3...4...5...6...7...8...9...10Processing areas...done (0)
Building Faces...done (0)
FixTjuncs...
PruneNodes...
WriteBSP...
done (0)
writing D:\SteamLibrary\steamapps\common\Portal 2\sdk_content\maps\custom maps\cd_special_stage\cd_special_stage.prt...Building visibility clusters...
done (0)
Finding displacement neighbors...
Finding lightmap sample positions...
Displacement Alpha : 0...1...2...3...4...5...6...7...8...9...10
Building Physics collision data...
done (0) (3939 bytes)
Placing detail props : 0...1...2...3...4...5...6...7...8...9...10
Compacting texture/material tables...
Reduced 15 texinfos to 7
Reduced 3 texdatas to 3 (60 bytes to 60)
Writing D:\SteamLibrary\steamapps\common\Portal 2\sdk_content\maps\custom maps\cd_special_stage\cd_special_stage.bsp

nummapplanes:     (    96 / 65536 )
nummapbrushes:    (     9 /  8192 )
nummapbrushsides: (    54 / 65536 )
num_map_overlays: (     0 /   512 )
nummodels:        (     4 /  1024 )
num_entities:     (    26 / 16384 )

0 seconds elapsed



24 threads
reading d:\steamlibrary\steamapps\common\portal 2\sdk_content\maps\custom maps\cd_special_stage\cd_special_stage.bsp
reading d:\steamlibrary\steamapps\common\portal 2\sdk_content\maps\custom maps\cd_special_stage\cd_special_stage.prt
   4 portalclusters
   4 numportals
0...1...2...3...4...5...6...7...8...9...100...1...2...3...4...5...6...7...8...9...10Optimized: 0 visible clusters (0.00%)
Total clusters visible: 16
Average clusters visible: 4
Building PAS...
Average clusters audible: 4
visdatasize:44  compressed from 64
writing d:\steamlibrary\steamapps\common\portal 2\sdk_content\maps\custom maps\cd_special_stage\cd_special_stage.bsp
0 seconds elapsed



[Reading texlights from 'lights.rad']
[59 texlights parsed from 'lights.rad']

Loading d:\steamlibrary\steamapps\common\portal 2\sdk_content\maps\custom maps\cd_special_stage\cd_special_stage.bsp
48 faces
57106 square feet [8223360.00 square inches]
0 Displacements
0 Square Feet [0.00 Square Inches]
48 patches before subdivision
5340 patches after subdivision
0 direct lights
0...1...2...3...4...5...6...7...8...9...100...1...2...3...4...5...6...7...8...9...10transfers 593707, max 256
transfer lists:   4.5 megs
0...1...2...3...4...5...6...7...8...9...10	Bounce #1 added RGB(0, 0, 0)
Build Patch/Sample Hash Table(s).....Done<0.0007 sec>
0...1...2...3...4...5...6...7...8...9...10FinalLightFace Done
0 of 0 (0% of) surface lights went in leaf ambient cubes.
0...1...2...3...4...5...6...7...8...9...10Writing leaf ambient...done
Ready to Finish

Object names       Objects/Maxobjs  Memory / Maxmem  Fullness 
------------       ---------------  ---------------  -------- 
models                   4/1024          192/49152    ( 0.4%) 
brushes                  9/8192          108/98304    ( 0.1%) 
brushsides              54/65536         432/524288   ( 0.1%) 
planes                  96/65536        1920/1310720  ( 0.1%) 
vertexes                57/65536         684/786432   ( 0.1%) 
nodes                   45/65536        1440/2097152  ( 0.1%) 
texinfos                 7/12288         504/884736   ( 0.1%) 
texdata                  3/2048           96/65536    ( 0.1%) 
dispinfos                0/0               0/0        ( 0.0%) 
disp_verts               0/0               0/0        ( 0.0%) 
disp_tris                0/0               0/0        ( 0.0%) 
disp_multiblend          0/0               0/0        ( 0.0%) 
disp_lmsamples           0/0               0/0        ( 0.0%) 
faces                   48/65536        2688/3670016  ( 0.1%) 
hdr faces                0/65536           0/3670016  ( 0.0%) 
origfaces               12/65536         672/3670016  ( 0.0%) 
facebrushes              0/0               0/0        ( 0.0%) 
facebrushlists          48/0             192/0        ( 0.0%) 
leaves                  50/65536        1600/2097152  ( 0.1%) 
leaffaces               48/65536          96/131072   ( 0.1%) 
leafbrushes             19/65536          38/131072   ( 0.0%) 
areas                    2/256            16/2048     ( 0.8%) 
surfedges              248/512000        992/2048000  ( 0.0%) 
edges                  125/256000        500/1024000  ( 0.0%) 
LDR worldlights          0/8192            0/819200   ( 0.0%) 
HDR worldlights          0/8192            0/819200   ( 0.0%) 
leafwaterdata            0/32768           0/393216   ( 0.0%) 
waterstrips              0/32768           0/327680   ( 0.0%) 
waterverts               0/65536           0/786432   ( 0.0%) 
waterindices             0/65536           0/131072   ( 0.0%) 
cubemapsamples           0/1024            0/16384    ( 0.0%) 
overlays                 0/512             0/180224   ( 0.0%) 
LDR lightdata         [variable]      554600/0        ( 0.0%) 
HDR lightdata         [variable]           0/0        ( 0.0%) 
visdata               [variable]          44/16777216 ( 0.0%) 
entdata               [variable]        8305/393216   ( 2.1%) 
LDR ambient table       50/65536         200/262144   ( 0.1%) 
HDR ambient table       50/65536         200/262144   ( 0.1%) 
LDR leaf ambient        24/65536         672/1835008  ( 0.0%) 
HDR leaf ambient        50/65536        1400/1835008  ( 0.1%) 
occluders                0/0               0/0        ( 0.0%) 
occluder polygons        0/0               0/0        ( 0.0%) 
occluder vert ind        0/0               0/0        ( 0.0%) 
detail props          [variable]           1/12       ( 8.3%) 
static props          [variable]           1/12       ( 8.3%) 
pakfile               [variable]       74462/0        ( 0.0%) 
physics               [variable]        3939/4194304  ( 0.1%) 
physics terrain       [variable]           2/1048576  ( 0.0%) 

Level flags = 1

Total triangle count: 104
Writing d:\steamlibrary\steamapps\common\portal 2\sdk_content\maps\custom maps\cd_special_stage\cd_special_stage.bsp
0 seconds elapsed



Using shader api: shaderapiempty.dll
materialPath: D:\SteamLibrary\steamapps\common\Portal 2\portal2\materials
Loading D:\SteamLibrary\steamapps\common\Portal 2\sdk_content\maps\custom maps\cd_special_stage\cd_special_stage.vmf
ConVarRef gpu_level doesn't point to an existing ConVar
fixing up env_cubemap materials on brush sides...
0...1...2...3...4...5...6...7...8...9...100...1...2...3...4...5...6...7...8...9...10Processing areas...done (0)
Building Faces...done (0)
FixTjuncs...
PruneNodes...
WriteBSP...
done (0)
writing D:\SteamLibrary\steamapps\common\Portal 2\sdk_content\maps\custom maps\cd_special_stage\cd_special_stage.prt...Building visibility clusters...
done (0)
Finding displacement neighbors...
Finding lightmap sample positions...
Displacement Alpha : 0...1...2...3...4...5...6...7...8...9...10
Building Physics collision data...
done (0) (3939 bytes)
Placing detail props : 0...1...2...3...4...5...6...7...8...9...10
Compacting texture/material tables...
Reduced 15 texinfos to 7
Reduced 3 texdatas to 3 (60 bytes to 60)
Writing D:\SteamLibrary\steamapps\common\Portal 2\sdk_content\maps\custom maps\cd_special_stage\cd_special_stage.bsp

nummapplanes:     (    96 / 65536 )
nummapbrushes:    (     9 /  8192 )
nummapbrushsides: (    54 / 65536 )
num_map_overlays: (     0 /   512 )
nummodels:        (     4 /  1024 )
num_entities:     (    26 / 16384 )

0 seconds elapsed



24 threads
reading d:\steamlibrary\steamapps\common\portal 2\sdk_content\maps\custom maps\cd_special_stage\cd_special_stage.bsp
reading d:\steamlibrary\steamapps\common\portal 2\sdk_content\maps\custom maps\cd_special_stage\cd_special_stage.prt
   4 portalclusters
   4 numportals
0...1...2...3...4...5...6...7...8...9...100...1...2...3...4...5...6...7...8...9...10Optimized: 0 visible clusters (0.00%)
Total clusters visible: 16
Average clusters visible: 4
Building PAS...
Average clusters audible: 4
visdatasize:44  compressed from 64
writing d:\steamlibrary\steamapps\common\portal 2\sdk_content\maps\custom maps\cd_special_stage\cd_special_stage.bsp
0 seconds elapsed



[Reading texlights from 'lights.rad']
[59 texlights parsed from 'lights.rad']

Loading d:\steamlibrary\steamapps\common\portal 2\sdk_content\maps\custom maps\cd_special_stage\cd_special_stage.bsp
48 faces
57106 square feet [8223360.00 square inches]
0 Displacements
0 Square Feet [0.00 Square Inches]
48 patches before subdivision
5340 patches after subdivision
0 direct lights
0...1...2...3...4...5...6...7...8...9...100...1...2...3...4...5...6...7...8...9...10transfers 593707, max 256
transfer lists:   4.5 megs
0...1...2...3...4...5...6...7...8...9...10	Bounce #1 added RGB(0, 0, 0)
Build Patch/Sample Hash Table(s).....Done<0.0006 sec>
0...1...2...3...4...5...6...7...8...9...10FinalLightFace Done
0 of 0 (0% of) surface lights went in leaf ambient cubes.
0...1...2...3...4...5...6...7...8...9...10Writing leaf ambient...done
Ready to Finish

Object names       Objects/Maxobjs  Memory / Maxmem  Fullness 
------------       ---------------  ---------------  -------- 
models                   4/1024          192/49152    ( 0.4%) 
brushes                  9/8192          108/98304    ( 0.1%) 
brushsides              54/65536         432/524288   ( 0.1%) 
planes                  96/65536        1920/1310720  ( 0.1%) 
vertexes                57/65536         684/786432   ( 0.1%) 
nodes                   45/65536        1440/2097152  ( 0.1%) 
texinfos                 7/12288         504/884736   ( 0.1%) 
texdata                  3/2048           96/65536    ( 0.1%) 
dispinfos                0/0               0/0        ( 0.0%) 
disp_verts               0/0               0/0        ( 0.0%) 
disp_tris                0/0               0/0        ( 0.0%) 
disp_multiblend          0/0               0/0        ( 0.0%) 
disp_lmsamples           0/0               0/0        ( 0.0%) 
faces                   48/65536        2688/3670016  ( 0.1%) 
hdr faces                0/65536           0/3670016  ( 0.0%) 
origfaces               12/65536         672/3670016  ( 0.0%) 
facebrushes              0/0               0/0        ( 0.0%) 
facebrushlists          48/0             192/0        ( 0.0%) 
leaves                  50/65536        1600/2097152  ( 0.1%) 
leaffaces               48/65536          96/131072   ( 0.1%) 
leafbrushes             19/65536          38/131072   ( 0.0%) 
areas                    2/256            16/2048     ( 0.8%) 
surfedges              248/512000        992/2048000  ( 0.0%) 
edges                  125/256000        500/1024000  ( 0.0%) 
LDR worldlights          0/8192            0/819200   ( 0.0%) 
HDR worldlights          0/8192            0/819200   ( 0.0%) 
leafwaterdata            0/32768           0/393216   ( 0.0%) 
waterstrips              0/32768           0/327680   ( 0.0%) 
waterverts               0/65536           0/786432   ( 0.0%) 
waterindices             0/65536           0/131072   ( 0.0%) 
cubemapsamples           0/1024            0/16384    ( 0.0%) 
overlays                 0/512             0/180224   ( 0.0%) 
LDR lightdata         [variable]      554600/0        ( 0.0%) 
HDR lightdata         [variable]           0/0        ( 0.0%) 
visdata               [variable]          44/16777216 ( 0.0%) 
entdata               [variable]        8302/393216   ( 2.1%) 
LDR ambient table       50/65536         200/262144   ( 0.1%) 
HDR ambient table       50/65536         200/262144   ( 0.1%) 
LDR leaf ambient        24/65536         672/1835008  ( 0.0%) 
HDR leaf ambient        50/65536        1400/1835008  ( 0.1%) 
occluders                0/0               0/0        ( 0.0%) 
occluder polygons        0/0               0/0        ( 0.0%) 
occluder vert ind        0/0               0/0        ( 0.0%) 
detail props          [variable]           1/12       ( 8.3%) 
static props          [variable]           1/12       ( 8.3%) 
pakfile               [variable]       74462/0        ( 0.0%) 
physics               [variable]        3939/4194304  ( 0.1%) 
physics terrain       [variable]           2/1048576  ( 0.0%) 

Level flags = 1

Total triangle count: 104
Writing d:\steamlibrary\steamapps\common\portal 2\sdk_content\maps\custom maps\cd_special_stage\cd_special_stage.bsp
0 seconds elapsed



Using shader api: shaderapiempty.dll
materialPath: D:\SteamLibrary\steamapps\common\Portal 2\portal2\materials
Loading D:\SteamLibrary\steamapps\common\Portal 2\sdk_content\maps\custom maps\cd_special_stage\cd_special_stage.vmf
ConVarRef gpu_level doesn't point to an existing ConVar
fixing up env_cubemap materials on brush sides...
0...1...2...3...4...5...6...7...8...9...100...1...2...3...4...5...6...7...8...9...10Processing areas...done (0)
Building Faces...done (0)
FixTjuncs...
PruneNodes...
WriteBSP...
done (0)
writing D:\SteamLibrary\steamapps\common\Portal 2\sdk_content\maps\custom maps\cd_special_stage\cd_special_stage.prt...Building visibility clusters...
done (0)
Finding displacement neighbors...
Finding lightmap sample positions...
Displacement Alpha : 0...1...2...3...4...5...6...7...8...9...10
Building Physics collision data...
done (0) (3939 bytes)
Placing detail props : 0...1...2...3...4...5...6...7...8...9...10
Compacting texture/material tables...
Reduced 15 texinfos to 7
Reduced 3 texdatas to 3 (60 bytes to 60)
Writing D:\SteamLibrary\steamapps\common\Portal 2\sdk_content\maps\custom maps\cd_special_stage\cd_special_stage.bsp

nummapplanes:     (    96 / 65536 )
nummapbrushes:    (     9 /  8192 )
nummapbrushsides: (    54 / 65536 )
num_map_overlays: (     0 /   512 )
nummodels:        (     4 /  1024 )
num_entities:     (    24 / 16384 )

0 seconds elapsed



24 threads
reading d:\steamlibrary\steamapps\common\portal 2\sdk_content\maps\custom maps\cd_special_stage\cd_special_stage.bsp
reading d:\steamlibrary\steamapps\common\portal 2\sdk_content\maps\custom maps\cd_special_stage\cd_special_stage.prt
   4 portalclusters
   4 numportals
0...1...2...3...4...5...6...7...8...9...100...1...2...3...4...5...6...7...8...9...10Optimized: 0 visible clusters (0.00%)
Total clusters visible: 16
Average clusters visible: 4
Building PAS...
Average clusters audible: 4
visdatasize:44  compressed from 64
writing d:\steamlibrary\steamapps\common\portal 2\sdk_content\maps\custom maps\cd_special_stage\cd_special_stage.bsp
0 seconds elapsed



[Reading texlights from 'lights.rad']
[59 texlights parsed from 'lights.rad']

Loading d:\steamlibrary\steamapps\common\portal 2\sdk_content\maps\custom maps\cd_special_stage\cd_special_stage.bsp
48 faces
57106 square feet [8223360.00 square inches]
0 Displacements
0 Square Feet [0.00 Square Inches]
48 patches before subdivision
5340 patches after subdivision
0 direct lights
0...1...2...3...4...5...6...7...8...9...100...1...2...3...4...5...6...7...8...9...10transfers 593707, max 256
transfer lists:   4.5 megs
0...1...2...3...4...5...6...7...8...9...10	Bounce #1 added RGB(0, 0, 0)
Build Patch/Sample Hash Table(s).....Done<0.0006 sec>
0...1...2...3...4...5...6...7...8...9...10FinalLightFace Done
0 of 0 (0% of) surface lights went in leaf ambient cubes.
0...1...2...3...4...5...6...7...8...9...10Writing leaf ambient...done
Ready to Finish

Object names       Objects/Maxobjs  Memory / Maxmem  Fullness 
------------       ---------------  ---------------  -------- 
models                   4/1024          192/49152    ( 0.4%) 
brushes                  9/8192          108/98304    ( 0.1%) 
brushsides              54/65536         432/524288   ( 0.1%) 
planes                  96/65536        1920/1310720  ( 0.1%) 
vertexes                57/65536         684/786432   ( 0.1%) 
nodes                   45/65536        1440/2097152  ( 0.1%) 
texinfos                 7/12288         504/884736   ( 0.1%) 
texdata                  3/2048           96/65536    ( 0.1%) 
dispinfos                0/0               0/0        ( 0.0%) 
disp_verts               0/0               0/0        ( 0.0%) 
disp_tris                0/0               0/0        ( 0.0%) 
disp_multiblend          0/0               0/0        ( 0.0%) 
disp_lmsamples           0/0               0/0        ( 0.0%) 
faces                   48/65536        2688/3670016  ( 0.1%) 
hdr faces                0/65536           0/3670016  ( 0.0%) 
origfaces               12/65536         672/3670016  ( 0.0%) 
facebrushes              0/0               0/0        ( 0.0%) 
facebrushlists          48/0             192/0        ( 0.0%) 
leaves                  50/65536        1600/2097152  ( 0.1%) 
leaffaces               48/65536          96/131072   ( 0.1%) 
leafbrushes             19/65536          38/131072   ( 0.0%) 
areas                    2/256            16/2048     ( 0.8%) 
surfedges              248/512000        992/2048000  ( 0.0%) 
edges                  125/256000        500/1024000  ( 0.0%) 
LDR worldlights          0/8192            0/819200   ( 0.0%) 
HDR worldlights          0/8192            0/819200   ( 0.0%) 
leafwaterdata            0/32768           0/393216   ( 0.0%) 
waterstrips              0/32768           0/327680   ( 0.0%) 
waterverts               0/65536           0/786432   ( 0.0%) 
waterindices             0/65536           0/131072   ( 0.0%) 
cubemapsamples           0/1024            0/16384    ( 0.0%) 
overlays                 0/512             0/180224   ( 0.0%) 
LDR lightdata         [variable]      554600/0        ( 0.0%) 
HDR lightdata         [variable]           0/0        ( 0.0%) 
visdata               [variable]          44/16777216 ( 0.0%) 
entdata               [variable]        7941/393216   ( 2.0%) 
LDR ambient table       50/65536         200/262144   ( 0.1%) 
HDR ambient table       50/65536         200/262144   ( 0.1%) 
LDR leaf ambient        24/65536         672/1835008  ( 0.0%) 
HDR leaf ambient        50/65536        1400/1835008  ( 0.1%) 
occluders                0/0               0/0        ( 0.0%) 
occluder polygons        0/0               0/0        ( 0.0%) 
occluder vert ind        0/0               0/0        ( 0.0%) 
detail props          [variable]           1/12       ( 8.3%) 
static props          [variable]           1/12       ( 8.3%) 
pakfile               [variable]       74462/0        ( 0.0%) 
physics               [variable]        3939/4194304  ( 0.1%) 
physics terrain       [variable]           2/1048576  ( 0.0%) 

Level flags = 1

Total triangle count: 104
Writing d:\steamlibrary\steamapps\common\portal 2\sdk_content\maps\custom maps\cd_special_stage\cd_special_stage.bsp
0 seconds elapsed



Using shader api: shaderapiempty.dll
materialPath: D:\SteamLibrary\steamapps\common\Portal 2\portal2\materials
Loading D:\SteamLibrary\steamapps\common\Portal 2\sdk_content\maps\custom maps\cd_special_stage\cd_special_stage.vmf
ConVarRef gpu_level doesn't point to an existing ConVar
fixing up env_cubemap materials on brush sides...
0...1...2...3...4...5...6...7...8...9...100...1...2...3...4...5...6...7...8...9...10Processing areas...done (0)
Building Faces...done (0)
FixTjuncs...
PruneNodes...
WriteBSP...
done (0)
writing D:\SteamLibrary\steamapps\common\Portal 2\sdk_content\maps\custom maps\cd_special_stage\cd_special_stage.prt...Building visibility clusters...
done (0)
Finding displacement neighbors...
Finding lightmap sample positions...
Displacement Alpha : 0...1...2...3...4...5...6...7...8...9...10
Building Physics collision data...
done (0) (3939 bytes)
Placing detail props : 0...1...2...3...4...5...6...7...8...9...10
Compacting texture/material tables...
Reduced 15 texinfos to 7
Reduced 3 texdatas to 3 (60 bytes to 60)
Writing D:\SteamLibrary\steamapps\common\Portal 2\sdk_content\maps\custom maps\cd_special_stage\cd_special_stage.bsp

nummapplanes:     (    96 / 65536 )
nummapbrushes:    (     9 /  8192 )
nummapbrushsides: (    54 / 65536 )
num_map_overlays: (     0 /   512 )
nummodels:        (     4 /  1024 )
num_entities:     (    24 / 16384 )

0 seconds elapsed



24 threads
reading d:\steamlibrary\steamapps\common\portal 2\sdk_content\maps\custom maps\cd_special_stage\cd_special_stage.bsp
reading d:\steamlibrary\steamapps\common\portal 2\sdk_content\maps\custom maps\cd_special_stage\cd_special_stage.prt
   4 portalclusters
   4 numportals
0...1...2...3...4...5...6...7...8...9...100...1...2...3...4...5...6...7...8...9...10Optimized: 0 visible clusters (0.00%)
Total clusters visible: 16
Average clusters visible: 4
Building PAS...
Average clusters audible: 4
visdatasize:44  compressed from 64
writing d:\steamlibrary\steamapps\common\portal 2\sdk_content\maps\custom maps\cd_special_stage\cd_special_stage.bsp
0 seconds elapsed



[Reading texlights from 'lights.rad']
[59 texlights parsed from 'lights.rad']

Loading d:\steamlibrary\steamapps\common\portal 2\sdk_content\maps\custom maps\cd_special_stage\cd_special_stage.bsp
48 faces
57106 square feet [8223360.00 square inches]
0 Displacements
0 Square Feet [0.00 Square Inches]
48 patches before subdivision
5340 patches after subdivision
0 direct lights
0...1...2...3...4...5...6...7...8...9...100...1...2...3...4...5...6...7...8...9...10transfers 593707, max 256
transfer lists:   4.5 megs
0...1...2...3...4...5...6...7...8...9...10	Bounce #1 added RGB(0, 0, 0)
Build Patch/Sample Hash Table(s).....Done<0.0007 sec>
0...1...2...3...4...5...6...7...8...9...10FinalLightFace Done
0 of 0 (0% of) surface lights went in leaf ambient cubes.
0...1...2...3...4...5...6...7...8...9...10Writing leaf ambient...done
Ready to Finish

Object names       Objects/Maxobjs  Memory / Maxmem  Fullness 
------------       ---------------  ---------------  -------- 
models                   4/1024          192/49152    ( 0.4%) 
brushes                  9/8192          108/98304    ( 0.1%) 
brushsides              54/65536         432/524288   ( 0.1%) 
planes                  96/65536        1920/1310720  ( 0.1%) 
vertexes                57/65536         684/786432   ( 0.1%) 
nodes                   45/65536        1440/2097152  ( 0.1%) 
texinfos                 7/12288         504/884736   ( 0.1%) 
texdata                  3/2048           96/65536    ( 0.1%) 
dispinfos                0/0               0/0        ( 0.0%) 
disp_verts               0/0               0/0        ( 0.0%) 
disp_tris                0/0               0/0        ( 0.0%) 
disp_multiblend          0/0               0/0        ( 0.0%) 
disp_lmsamples           0/0               0/0        ( 0.0%) 
faces                   48/65536        2688/3670016  ( 0.1%) 
hdr faces                0/65536           0/3670016  ( 0.0%) 
origfaces               12/65536         672/3670016  ( 0.0%) 
facebrushes              0/0               0/0        ( 0.0%) 
facebrushlists          48/0             192/0        ( 0.0%) 
leaves                  50/65536        1600/2097152  ( 0.1%) 
leaffaces               48/65536          96/131072   ( 0.1%) 
leafbrushes             19/65536          38/131072   ( 0.0%) 
areas                    2/256            16/2048     ( 0.8%) 
surfedges              248/512000        992/2048000  ( 0.0%) 
edges                  125/256000        500/1024000  ( 0.0%) 
LDR worldlights          0/8192            0/819200   ( 0.0%) 
HDR worldlights          0/8192            0/819200   ( 0.0%) 
leafwaterdata            0/32768           0/393216   ( 0.0%) 
waterstrips              0/32768           0/327680   ( 0.0%) 
waterverts               0/65536           0/786432   ( 0.0%) 
waterindices             0/65536           0/131072   ( 0.0%) 
cubemapsamples           0/1024            0/16384    ( 0.0%) 
overlays                 0/512             0/180224   ( 0.0%) 
LDR lightdata         [variable]      554600/0        ( 0.0%) 
HDR lightdata         [variable]           0/0        ( 0.0%) 
visdata               [variable]          44/16777216 ( 0.0%) 
entdata               [variable]        7941/393216   ( 2.0%) 
LDR ambient table       50/65536         200/262144   ( 0.1%) 
HDR ambient table       50/65536         200/262144   ( 0.1%) 
LDR leaf ambient        24/65536         672/1835008  ( 0.0%) 
HDR leaf ambient        50/65536        1400/1835008  ( 0.1%) 
occluders                0/0               0/0        ( 0.0%) 
occluder polygons        0/0               0/0        ( 0.0%) 
occluder vert ind        0/0               0/0        ( 0.0%) 
detail props          [variable]           1/12       ( 8.3%) 
static props          [variable]           1/12       ( 8.3%) 
pakfile               [variable]       74462/0        ( 0.0%) 
physics               [variable]        3939/4194304  ( 0.1%) 
physics terrain       [variable]           2/1048576  ( 0.0%) 

Level flags = 1

Total triangle count: 104
Writing d:\steamlibrary\steamapps\common\portal 2\sdk_content\maps\custom maps\cd_special_stage\cd_special_stage.bsp
0 seconds elapsed



Using shader api: shaderapiempty.dll
materialPath: D:\SteamLibrary\steamapps\common\Portal 2\portal2\materials
Loading D:\SteamLibrary\steamapps\common\Portal 2\sdk_content\maps\custom maps\cd_special_stage\cd_special_stage.vmf
ConVarRef gpu_level doesn't point to an existing ConVar
fixing up env_cubemap materials on brush sides...
0...1...2...3...4...5...6...7...8...9...100...1...2...3...4...5...6...7...8...9...10Processing areas...done (0)
Building Faces...done (0)
FixTjuncs...
PruneNodes...
WriteBSP...
done (0)
writing D:\SteamLibrary\steamapps\common\Portal 2\sdk_content\maps\custom maps\cd_special_stage\cd_special_stage.prt...Building visibility clusters...
done (0)
Finding displacement neighbors...
Finding lightmap sample positions...
Displacement Alpha : 0...1...2...3...4...5...6...7...8...9...10
Building Physics collision data...
done (0) (3939 bytes)
Placing detail props : 0...1...2...3...4...5...6...7...8...9...10
Compacting texture/material tables...
Reduced 15 texinfos to 7
Reduced 3 texdatas to 3 (60 bytes to 60)
Writing D:\SteamLibrary\steamapps\common\Portal 2\sdk_content\maps\custom maps\cd_special_stage\cd_special_stage.bsp

nummapplanes:     (    96 / 65536 )
nummapbrushes:    (     9 /  8192 )
nummapbrushsides: (    54 / 65536 )
num_map_overlays: (     0 /   512 )
nummodels:        (     4 /  1024 )
num_entities:     (    24 / 16384 )

0 seconds elapsed



24 threads
reading d:\steamlibrary\steamapps\common\portal 2\sdk_content\maps\custom maps\cd_special_stage\cd_special_stage.bsp
reading d:\steamlibrary\steamapps\common\portal 2\sdk_content\maps\custom maps\cd_special_stage\cd_special_stage.prt
   4 portalclusters
   4 numportals
0...1...2...3...4...5...6...7...8...9...100...1...2...3...4...5...6...7...8...9...10Optimized: 0 visible clusters (0.00%)
Total clusters visible: 16
Average clusters visible: 4
Building PAS...
Average clusters audible: 4
visdatasize:44  compressed from 64
writing d:\steamlibrary\steamapps\common\portal 2\sdk_content\maps\custom maps\cd_special_stage\cd_special_stage.bsp
0 seconds elapsed



[Reading texlights from 'lights.rad']
[59 texlights parsed from 'lights.rad']

Loading d:\steamlibrary\steamapps\common\portal 2\sdk_content\maps\custom maps\cd_special_stage\cd_special_stage.bsp
48 faces
57106 square feet [8223360.00 square inches]
0 Displacements
0 Square Feet [0.00 Square Inches]
48 patches before subdivision
5340 patches after subdivision
0 direct lights
0...1...2...3...4...5...6...7...8...9...100...1...2...3...4...5...6...7...8...9...10transfers 593707, max 256
transfer lists:   4.5 megs
0...1...2...3...4...5...6...7...8...9...10	Bounce #1 added RGB(0, 0, 0)
Build Patch/Sample Hash Table(s).....Done<0.0007 sec>
0...1...2...3...4...5...6...7...8...9...10FinalLightFace Done
0 of 0 (0% of) surface lights went in leaf ambient cubes.
0...1...2...3...4...5...6...7...8...9...10Writing leaf ambient...done
Ready to Finish

Object names       Objects/Maxobjs  Memory / Maxmem  Fullness 
------------       ---------------  ---------------  -------- 
models                   4/1024          192/49152    ( 0.4%) 
brushes                  9/8192          108/98304    ( 0.1%) 
brushsides              54/65536         432/524288   ( 0.1%) 
planes                  96/65536        1920/1310720  ( 0.1%) 
vertexes                57/65536         684/786432   ( 0.1%) 
nodes                   45/65536        1440/2097152  ( 0.1%) 
texinfos                 7/12288         504/884736   ( 0.1%) 
texdata                  3/2048           96/65536    ( 0.1%) 
dispinfos                0/0               0/0        ( 0.0%) 
disp_verts               0/0               0/0        ( 0.0%) 
disp_tris                0/0               0/0        ( 0.0%) 
disp_multiblend          0/0               0/0        ( 0.0%) 
disp_lmsamples           0/0               0/0        ( 0.0%) 
faces                   48/65536        2688/3670016  ( 0.1%) 
hdr faces                0/65536           0/3670016  ( 0.0%) 
origfaces               12/65536         672/3670016  ( 0.0%) 
facebrushes              0/0               0/0        ( 0.0%) 
facebrushlists          48/0             192/0        ( 0.0%) 
leaves                  50/65536        1600/2097152  ( 0.1%) 
leaffaces               48/65536          96/131072   ( 0.1%) 
leafbrushes             19/65536          38/131072   ( 0.0%) 
areas                    2/256            16/2048     ( 0.8%) 
surfedges              248/512000        992/2048000  ( 0.0%) 
edges                  125/256000        500/1024000  ( 0.0%) 
LDR worldlights          0/8192            0/819200   ( 0.0%) 
HDR worldlights          0/8192            0/819200   ( 0.0%) 
leafwaterdata            0/32768           0/393216   ( 0.0%) 
waterstrips              0/32768           0/327680   ( 0.0%) 
waterverts               0/65536           0/786432   ( 0.0%) 
waterindices             0/65536           0/131072   ( 0.0%) 
cubemapsamples           0/1024            0/16384    ( 0.0%) 
overlays                 0/512             0/180224   ( 0.0%) 
LDR lightdata         [variable]      554600/0        ( 0.0%) 
HDR lightdata         [variable]           0/0        ( 0.0%) 
visdata               [variable]          44/16777216 ( 0.0%) 
entdata               [variable]        7969/393216   ( 2.0%) 
LDR ambient table       50/65536         200/262144   ( 0.1%) 
HDR ambient table       50/65536         200/262144   ( 0.1%) 
LDR leaf ambient        24/65536         672/1835008  ( 0.0%) 
HDR leaf ambient        50/65536        1400/1835008  ( 0.1%) 
occluders                0/0               0/0        ( 0.0%) 
occluder polygons        0/0               0/0        ( 0.0%) 
occluder vert ind        0/0               0/0        ( 0.0%) 
detail props          [variable]           1/12       ( 8.3%) 
static props          [variable]           1/12       ( 8.3%) 
pakfile               [variable]       74462/0        ( 0.0%) 
physics               [variable]        3939/4194304  ( 0.1%) 
physics terrain       [variable]           2/1048576  ( 0.0%) 

Level flags = 1

Total triangle count: 104
Writing d:\steamlibrary\steamapps\common\portal 2\sdk_content\maps\custom maps\cd_special_stage\cd_special_stage.bsp
0 seconds elapsed



Using shader api: shaderapiempty.dll
materialPath: D:\SteamLibrary\steamapps\common\Portal 2\portal2\materials
Loading D:\SteamLibrary\steamapps\common\Portal 2\sdk_content\maps\custom maps\cd_special_stage\cd_special_stage.vmf
ConVarRef gpu_level doesn't point to an existing ConVar
fixing up env_cubemap materials on brush sides...
0...1...2...3...4...5...6...7...8...9...100...1...2...3...4...5...6...7...8...9...10Processing areas...done (0)
Building Faces...done (0)
FixTjuncs...
PruneNodes...
WriteBSP...
done (0)
writing D:\SteamLibrary\steamapps\common\Portal 2\sdk_content\maps\custom maps\cd_special_stage\cd_special_stage.prt...Building visibility clusters...
done (0)
Finding displacement neighbors...
Finding lightmap sample positions...
Displacement Alpha : 0...1...2...3...4...5...6...7...8...9...10
Building Physics collision data...
done (0) (3939 bytes)
Placing detail props : 0...1...2...3...4...5...6...7...8...9...10
Compacting texture/material tables...
Reduced 15 texinfos to 7
Reduced 3 texdatas to 3 (60 bytes to 60)
Writing D:\SteamLibrary\steamapps\common\Portal 2\sdk_content\maps\custom maps\cd_special_stage\cd_special_stage.bsp

nummapplanes:     (    96 / 65536 )
nummapbrushes:    (     9 /  8192 )
nummapbrushsides: (    54 / 65536 )
num_map_overlays: (     0 /   512 )
nummodels:        (     4 /  1024 )
num_entities:     (    24 / 16384 )

0 seconds elapsed



24 threads
reading d:\steamlibrary\steamapps\common\portal 2\sdk_content\maps\custom maps\cd_special_stage\cd_special_stage.bsp
reading d:\steamlibrary\steamapps\common\portal 2\sdk_content\maps\custom maps\cd_special_stage\cd_special_stage.prt
   4 portalclusters
   4 numportals
0...1...2...3...4...5...6...7...8...9...100...1...2...3...4...5...6...7...8...9...10Optimized: 0 visible clusters (0.00%)
Total clusters visible: 16
Average clusters visible: 4
Building PAS...
Average clusters audible: 4
visdatasize:44  compressed from 64
writing d:\steamlibrary\steamapps\common\portal 2\sdk_content\maps\custom maps\cd_special_stage\cd_special_stage.bsp
0 seconds elapsed



[Reading texlights from 'lights.rad']
[59 texlights parsed from 'lights.rad']

Loading d:\steamlibrary\steamapps\common\portal 2\sdk_content\maps\custom maps\cd_special_stage\cd_special_stage.bsp
48 faces
57106 square feet [8223360.00 square inches]
0 Displacements
0 Square Feet [0.00 Square Inches]
48 patches before subdivision
5340 patches after subdivision
0 direct lights
0...1...2...3...4...5...6...7...8...9...100...1...2...3...4...5...6...7...8...9...10transfers 593707, max 256
transfer lists:   4.5 megs
0...1...2...3...4...5...6...7...8...9...10	Bounce #1 added RGB(0, 0, 0)
Build Patch/Sample Hash Table(s).....Done<0.0007 sec>
0...1...2...3...4...5...6...7...8...9...10FinalLightFace Done
0 of 0 (0% of) surface lights went in leaf ambient cubes.
0...1...2...3...4...5...6...7...8...9...10Writing leaf ambient...done
Ready to Finish

Object names       Objects/Maxobjs  Memory / Maxmem  Fullness 
------------       ---------------  ---------------  -------- 
models                   4/1024          192/49152    ( 0.4%) 
brushes                  9/8192          108/98304    ( 0.1%) 
brushsides              54/65536         432/524288   ( 0.1%) 
planes                  96/65536        1920/1310720  ( 0.1%) 
vertexes                57/65536         684/786432   ( 0.1%) 
nodes                   45/65536        1440/2097152  ( 0.1%) 
texinfos                 7/12288         504/884736   ( 0.1%) 
texdata                  3/2048           96/65536    ( 0.1%) 
dispinfos                0/0               0/0        ( 0.0%) 
disp_verts               0/0               0/0        ( 0.0%) 
disp_tris                0/0               0/0        ( 0.0%) 
disp_multiblend          0/0               0/0        ( 0.0%) 
disp_lmsamples           0/0               0/0        ( 0.0%) 
faces                   48/65536        2688/3670016  ( 0.1%) 
hdr faces                0/65536           0/3670016  ( 0.0%) 
origfaces               12/65536         672/3670016  ( 0.0%) 
facebrushes              0/0               0/0        ( 0.0%) 
facebrushlists          48/0             192/0        ( 0.0%) 
leaves                  50/65536        1600/2097152  ( 0.1%) 
leaffaces               48/65536          96/131072   ( 0.1%) 
leafbrushes             19/65536          38/131072   ( 0.0%) 
areas                    2/256            16/2048     ( 0.8%) 
surfedges              248/512000        992/2048000  ( 0.0%) 
edges                  125/256000        500/1024000  ( 0.0%) 
LDR worldlights          0/8192            0/819200   ( 0.0%) 
HDR worldlights          0/8192            0/819200   ( 0.0%) 
leafwaterdata            0/32768           0/393216   ( 0.0%) 
waterstrips              0/32768           0/327680   ( 0.0%) 
waterverts               0/65536           0/786432   ( 0.0%) 
waterindices             0/65536           0/131072   ( 0.0%) 
cubemapsamples           0/1024            0/16384    ( 0.0%) 
overlays                 0/512             0/180224   ( 0.0%) 
LDR lightdata         [variable]      554600/0        ( 0.0%) 
HDR lightdata         [variable]           0/0        ( 0.0%) 
visdata               [variable]          44/16777216 ( 0.0%) 
entdata               [variable]        7992/393216   ( 2.0%) 
LDR ambient table       50/65536         200/262144   ( 0.1%) 
HDR ambient table       50/65536         200/262144   ( 0.1%) 
LDR leaf ambient        24/65536         672/1835008  ( 0.0%) 
HDR leaf ambient        50/65536        1400/1835008  ( 0.1%) 
occluders                0/0               0/0        ( 0.0%) 
occluder polygons        0/0               0/0        ( 0.0%) 
occluder vert ind        0/0               0/0        ( 0.0%) 
detail props          [variable]           1/12       ( 8.3%) 
static props          [variable]           1/12       ( 8.3%) 
pakfile               [variable]       74462/0        ( 0.0%) 
physics               [variable]        3939/4194304  ( 0.1%) 
physics terrain       [variable]           2/1048576  ( 0.0%) 

Level flags = 1

Total triangle count: 104
Writing d:\steamlibrary\steamapps\common\portal 2\sdk_content\maps\custom maps\cd_special_stage\cd_special_stage.bsp
0 seconds elapsed



Using shader api: shaderapiempty.dll
materialPath: D:\SteamLibrary\steamapps\common\Portal 2\portal2\materials
Loading D:\SteamLibrary\steamapps\common\Portal 2\sdk_content\maps\custom maps\cd_special_stage\cd_special_stage.vmf
ConVarRef gpu_level doesn't point to an existing ConVar
fixing up env_cubemap materials on brush sides...
0...1...2...3...4...5...6...7...8...9...100...1...2...3...4...5...6...7...8...9...10Processing areas...done (0)
Building Faces...done (0)
FixTjuncs...
PruneNodes...
WriteBSP...
done (0)
writing D:\SteamLibrary\steamapps\common\Portal 2\sdk_content\maps\custom maps\cd_special_stage\cd_special_stage.prt...Building visibility clusters...
done (0)
Finding displacement neighbors...
Finding lightmap sample positions...
Displacement Alpha : 0...1...2...3...4...5...6...7...8...9...10
Building Physics collision data...
done (0) (3939 bytes)
Placing detail props : 0...1...2...3...4...5...6...7...8...9...10
Compacting texture/material tables...
Reduced 15 texinfos to 7
Reduced 3 texdatas to 3 (60 bytes to 60)
Writing D:\SteamLibrary\steamapps\common\Portal 2\sdk_content\maps\custom maps\cd_special_stage\cd_special_stage.bsp

nummapplanes:     (    96 / 65536 )
nummapbrushes:    (     9 /  8192 )
nummapbrushsides: (    54 / 65536 )
num_map_overlays: (     0 /   512 )
nummodels:        (     4 /  1024 )
num_entities:     (    24 / 16384 )

0 seconds elapsed



24 threads
reading d:\steamlibrary\steamapps\common\portal 2\sdk_content\maps\custom maps\cd_special_stage\cd_special_stage.bsp
reading d:\steamlibrary\steamapps\common\portal 2\sdk_content\maps\custom maps\cd_special_stage\cd_special_stage.prt
   4 portalclusters
   4 numportals
0...1...2...3...4...5...6...7...8...9...100...1...2...3...4...5...6...7...8...9...10Optimized: 0 visible clusters (0.00%)
Total clusters visible: 16
Average clusters visible: 4
Building PAS...
Average clusters audible: 4
visdatasize:44  compressed from 64
writing d:\steamlibrary\steamapps\common\portal 2\sdk_content\maps\custom maps\cd_special_stage\cd_special_stage.bsp
0 seconds elapsed



[Reading texlights from 'lights.rad']
[59 texlights parsed from 'lights.rad']

Loading d:\steamlibrary\steamapps\common\portal 2\sdk_content\maps\custom maps\cd_special_stage\cd_special_stage.bsp
48 faces
57106 square feet [8223360.00 square inches]
0 Displacements
0 Square Feet [0.00 Square Inches]
48 patches before subdivision
5340 patches after subdivision
0 direct lights
0...1...2...3...4...5...6...7...8...9...100...1...2...3...4...5...6...7...8...9...10transfers 593707, max 256
transfer lists:   4.5 megs
0...1...2...3...4...5...6...7...8...9...10	Bounce #1 added RGB(0, 0, 0)
Build Patch/Sample Hash Table(s).....Done<0.0006 sec>
0...1...2...3...4...5...6...7...8...9...10FinalLightFace Done
0 of 0 (0% of) surface lights went in leaf ambient cubes.
0...1...2...3...4...5...6...7...8...9...10Writing leaf ambient...done
Ready to Finish

Object names       Objects/Maxobjs  Memory / Maxmem  Fullness 
------------       ---------------  ---------------  -------- 
models                   4/1024          192/49152    ( 0.4%) 
brushes                  9/8192          108/98304    ( 0.1%) 
brushsides              54/65536         432/524288   ( 0.1%) 
planes                  96/65536        1920/1310720  ( 0.1%) 
vertexes                57/65536         684/786432   ( 0.1%) 
nodes                   45/65536        1440/2097152  ( 0.1%) 
texinfos                 7/12288         504/884736   ( 0.1%) 
texdata                  3/2048           96/65536    ( 0.1%) 
dispinfos                0/0               0/0        ( 0.0%) 
disp_verts               0/0               0/0        ( 0.0%) 
disp_tris                0/0               0/0        ( 0.0%) 
disp_multiblend          0/0               0/0        ( 0.0%) 
disp_lmsamples           0/0               0/0        ( 0.0%) 
faces                   48/65536        2688/3670016  ( 0.1%) 
hdr faces                0/65536           0/3670016  ( 0.0%) 
origfaces               12/65536         672/3670016  ( 0.0%) 
facebrushes              0/0               0/0        ( 0.0%) 
facebrushlists          48/0             192/0        ( 0.0%) 
leaves                  50/65536        1600/2097152  ( 0.1%) 
leaffaces               48/65536          96/131072   ( 0.1%) 
leafbrushes             19/65536          38/131072   ( 0.0%) 
areas                    2/256            16/2048     ( 0.8%) 
surfedges              248/512000        992/2048000  ( 0.0%) 
edges                  125/256000        500/1024000  ( 0.0%) 
LDR worldlights          0/8192            0/819200   ( 0.0%) 
HDR worldlights          0/8192            0/819200   ( 0.0%) 
leafwaterdata            0/32768           0/393216   ( 0.0%) 
waterstrips              0/32768           0/327680   ( 0.0%) 
waterverts               0/65536           0/786432   ( 0.0%) 
waterindices             0/65536           0/131072   ( 0.0%) 
cubemapsamples           0/1024            0/16384    ( 0.0%) 
overlays                 0/512             0/180224   ( 0.0%) 
LDR lightdata         [variable]      554600/0        ( 0.0%) 
HDR lightdata         [variable]           0/0        ( 0.0%) 
visdata               [variable]          44/16777216 ( 0.0%) 
entdata               [variable]        7993/393216   ( 2.0%) 
LDR ambient table       50/65536         200/262144   ( 0.1%) 
HDR ambient table       50/65536         200/262144   ( 0.1%) 
LDR leaf ambient        24/65536         672/1835008  ( 0.0%) 
HDR leaf ambient        50/65536        1400/1835008  ( 0.1%) 
occluders                0/0               0/0        ( 0.0%) 
occluder polygons        0/0               0/0        ( 0.0%) 
occluder vert ind        0/0               0/0        ( 0.0%) 
detail props          [variable]           1/12       ( 8.3%) 
static props          [variable]           1/12       ( 8.3%) 
pakfile               [variable]       74462/0        ( 0.0%) 
physics               [variable]        3939/4194304  ( 0.1%) 
physics terrain       [variable]           2/1048576  ( 0.0%) 

Level flags = 1

Total triangle count: 104
Writing d:\steamlibrary\steamapps\common\portal 2\sdk_content\maps\custom maps\cd_special_stage\cd_special_stage.bsp
0 seconds elapsed



Using shader api: shaderapiempty.dll
materialPath: D:\SteamLibrary\steamapps\common\Portal 2\portal2\materials
Loading D:\SteamLibrary\steamapps\common\Portal 2\sdk_content\maps\custom maps\cd_special_stage\cd_special_stage.vmf
ConVarRef gpu_level doesn't point to an existing ConVar
fixing up env_cubemap materials on brush sides...
0...1...2...3...4...5...6...7...8...9...100...1...2...3...4...5...6...7...8...9...10Processing areas...done (0)
Building Faces...done (0)
FixTjuncs...
PruneNodes...
WriteBSP...
done (0)
writing D:\SteamLibrary\steamapps\common\Portal 2\sdk_content\maps\custom maps\cd_special_stage\cd_special_stage.prt...Building visibility clusters...
done (0)
Finding displacement neighbors...
Finding lightmap sample positions...
Displacement Alpha : 0...1...2...3...4...5...6...7...8...9...10
Building Physics collision data...
done (0) (3939 bytes)
Placing detail props : 0...1...2...3...4...5...6...7...8...9...10
Compacting texture/material tables...
Reduced 15 texinfos to 7
Reduced 3 texdatas to 3 (60 bytes to 60)
Writing D:\SteamLibrary\steamapps\common\Portal 2\sdk_content\maps\custom maps\cd_special_stage\cd_special_stage.bsp

nummapplanes:     (    96 / 65536 )
nummapbrushes:    (     9 /  8192 )
nummapbrushsides: (    54 / 65536 )
num_map_overlays: (     0 /   512 )
nummodels:        (     4 /  1024 )
num_entities:     (    24 / 16384 )

0 seconds elapsed



24 threads
reading d:\steamlibrary\steamapps\common\portal 2\sdk_content\maps\custom maps\cd_special_stage\cd_special_stage.bsp
reading d:\steamlibrary\steamapps\common\portal 2\sdk_content\maps\custom maps\cd_special_stage\cd_special_stage.prt
   4 portalclusters
   4 numportals
0...1...2...3...4...5...6...7...8...9...100...1...2...3...4...5...6...7...8...9...10Optimized: 0 visible clusters (0.00%)
Total clusters visible: 16
Average clusters visible: 4
Building PAS...
Average clusters audible: 4
visdatasize:44  compressed from 64
writing d:\steamlibrary\steamapps\common\portal 2\sdk_content\maps\custom maps\cd_special_stage\cd_special_stage.bsp
0 seconds elapsed



[Reading texlights from 'lights.rad']
[59 texlights parsed from 'lights.rad']

Loading d:\steamlibrary\steamapps\common\portal 2\sdk_content\maps\custom maps\cd_special_stage\cd_special_stage.bsp
48 faces
57106 square feet [8223360.00 square inches]
0 Displacements
0 Square Feet [0.00 Square Inches]
48 patches before subdivision
5340 patches after subdivision
0 direct lights
0...1...2...3...4...5...6...7...8...9...100...1...2...3...4...5...6...7...8...9...10transfers 593707, max 256
transfer lists:   4.5 megs
0...1...2...3...4...5...6...7...8...9...10	Bounce #1 added RGB(0, 0, 0)
Build Patch/Sample Hash Table(s).....Done<0.0007 sec>
0...1...2...3...4...5...6...7...8...9...10FinalLightFace Done
0 of 0 (0% of) surface lights went in leaf ambient cubes.
0...1...2...3...4...5...6...7...8...9...10Writing leaf ambient...done
Ready to Finish

Object names       Objects/Maxobjs  Memory / Maxmem  Fullness 
------------       ---------------  ---------------  -------- 
models                   4/1024          192/49152    ( 0.4%) 
brushes                  9/8192          108/98304    ( 0.1%) 
brushsides              54/65536         432/524288   ( 0.1%) 
planes                  96/65536        1920/1310720  ( 0.1%) 
vertexes                57/65536         684/786432   ( 0.1%) 
nodes                   45/65536        1440/2097152  ( 0.1%) 
texinfos                 7/12288         504/884736   ( 0.1%) 
texdata                  3/2048           96/65536    ( 0.1%) 
dispinfos                0/0               0/0        ( 0.0%) 
disp_verts               0/0               0/0        ( 0.0%) 
disp_tris                0/0               0/0        ( 0.0%) 
disp_multiblend          0/0               0/0        ( 0.0%) 
disp_lmsamples           0/0               0/0        ( 0.0%) 
faces                   48/65536        2688/3670016  ( 0.1%) 
hdr faces                0/65536           0/3670016  ( 0.0%) 
origfaces               12/65536         672/3670016  ( 0.0%) 
facebrushes              0/0               0/0        ( 0.0%) 
facebrushlists          48/0             192/0        ( 0.0%) 
leaves                  50/65536        1600/2097152  ( 0.1%) 
leaffaces               48/65536          96/131072   ( 0.1%) 
leafbrushes             19/65536          38/131072   ( 0.0%) 
areas                    2/256            16/2048     ( 0.8%) 
surfedges              248/512000        992/2048000  ( 0.0%) 
edges                  125/256000        500/1024000  ( 0.0%) 
LDR worldlights          0/8192            0/819200   ( 0.0%) 
HDR worldlights          0/8192            0/819200   ( 0.0%) 
leafwaterdata            0/32768           0/393216   ( 0.0%) 
waterstrips              0/32768           0/327680   ( 0.0%) 
waterverts               0/65536           0/786432   ( 0.0%) 
waterindices             0/65536           0/131072   ( 0.0%) 
cubemapsamples           0/1024            0/16384    ( 0.0%) 
overlays                 0/512             0/180224   ( 0.0%) 
LDR lightdata         [variable]      554600/0        ( 0.0%) 
HDR lightdata         [variable]           0/0        ( 0.0%) 
visdata               [variable]          44/16777216 ( 0.0%) 
entdata               [variable]        8049/393216   ( 2.0%) 
LDR ambient table       50/65536         200/262144   ( 0.1%) 
HDR ambient table       50/65536         200/262144   ( 0.1%) 
LDR leaf ambient        24/65536         672/1835008  ( 0.0%) 
HDR leaf ambient        50/65536        1400/1835008  ( 0.1%) 
occluders                0/0               0/0        ( 0.0%) 
occluder polygons        0/0               0/0        ( 0.0%) 
occluder vert ind        0/0               0/0        ( 0.0%) 
detail props          [variable]           1/12       ( 8.3%) 
static props          [variable]           1/12       ( 8.3%) 
pakfile               [variable]       74462/0        ( 0.0%) 
physics               [variable]        3939/4194304  ( 0.1%) 
physics terrain       [variable]           2/1048576  ( 0.0%) 

Level flags = 1

Total triangle count: 104
Writing d:\steamlibrary\steamapps\common\portal 2\sdk_content\maps\custom maps\cd_special_stage\cd_special_stage.bsp
0 seconds elapsed



Using shader api: shaderapiempty.dll
materialPath: D:\SteamLibrary\steamapps\common\Portal 2\portal2\materials
Loading D:\SteamLibrary\steamapps\common\Portal 2\sdk_content\maps\custom maps\cd_special_stage\cd_special_stage.vmf
ConVarRef gpu_level doesn't point to an existing ConVar
fixing up env_cubemap materials on brush sides...
0...1...2...3...4...5...6...7...8...9...100...1...2...3...4...5...6...7...8...9...10Processing areas...done (0)
Building Faces...done (0)
FixTjuncs...
PruneNodes...
WriteBSP...
done (0)
writing D:\SteamLibrary\steamapps\common\Portal 2\sdk_content\maps\custom maps\cd_special_stage\cd_special_stage.prt...Building visibility clusters...
done (0)
Finding displacement neighbors...
Finding lightmap sample positions...
Displacement Alpha : 0...1...2...3...4...5...6...7...8...9...10
Building Physics collision data...
done (0) (3939 bytes)
Placing detail props : 0...1...2...3...4...5...6...7...8...9...10
Compacting texture/material tables...
Reduced 15 texinfos to 7
Reduced 3 texdatas to 3 (60 bytes to 60)
Writing D:\SteamLibrary\steamapps\common\Portal 2\sdk_content\maps\custom maps\cd_special_stage\cd_special_stage.bsp

nummapplanes:     (    96 / 65536 )
nummapbrushes:    (     9 /  8192 )
nummapbrushsides: (    54 / 65536 )
num_map_overlays: (     0 /   512 )
nummodels:        (     4 /  1024 )
num_entities:     (    24 / 16384 )

0 seconds elapsed



24 threads
reading d:\steamlibrary\steamapps\common\portal 2\sdk_content\maps\custom maps\cd_special_stage\cd_special_stage.bsp
reading d:\steamlibrary\steamapps\common\portal 2\sdk_content\maps\custom maps\cd_special_stage\cd_special_stage.prt
   4 portalclusters
   4 numportals
0...1...2...3...4...5...6...7...8...9...100...1...2...3...4...5...6...7...8...9...10Optimized: 0 visible clusters (0.00%)
Total clusters visible: 16
Average clusters visible: 4
Building PAS...
Average clusters audible: 4
visdatasize:44  compressed from 64
writing d:\steamlibrary\steamapps\common\portal 2\sdk_content\maps\custom maps\cd_special_stage\cd_special_stage.bsp
0 seconds elapsed



[Reading texlights from 'lights.rad']
[59 texlights parsed from 'lights.rad']

Loading d:\steamlibrary\steamapps\common\portal 2\sdk_content\maps\custom maps\cd_special_stage\cd_special_stage.bsp
48 faces
57106 square feet [8223360.00 square inches]
0 Displacements
0 Square Feet [0.00 Square Inches]
48 patches before subdivision
5340 patches after subdivision
0 direct lights
0...1...2...3...4...5...6...7...8...9...100...1...2...3...4...5...6...7...8...9...10transfers 593707, max 256
transfer lists:   4.5 megs
0...1...2...3...4...5...6...7...8...9...10	Bounce #1 added RGB(0, 0, 0)
Build Patch/Sample Hash Table(s).....Done<0.0007 sec>
0...1...2...3...4...5...6...7...8...9...10FinalLightFace Done
0 of 0 (0% of) surface lights went in leaf ambient cubes.
0...1...2...3...4...5...6...7...8...9...10Writing leaf ambient...done
Ready to Finish

Object names       Objects/Maxobjs  Memory / Maxmem  Fullness 
------------       ---------------  ---------------  -------- 
models                   4/1024          192/49152    ( 0.4%) 
brushes                  9/8192          108/98304    ( 0.1%) 
brushsides              54/65536         432/524288   ( 0.1%) 
planes                  96/65536        1920/1310720  ( 0.1%) 
vertexes                57/65536         684/786432   ( 0.1%) 
nodes                   45/65536        1440/2097152  ( 0.1%) 
texinfos                 7/12288         504/884736   ( 0.1%) 
texdata                  3/2048           96/65536    ( 0.1%) 
dispinfos                0/0               0/0        ( 0.0%) 
disp_verts               0/0               0/0        ( 0.0%) 
disp_tris                0/0               0/0        ( 0.0%) 
disp_multiblend          0/0               0/0        ( 0.0%) 
disp_lmsamples           0/0               0/0        ( 0.0%) 
faces                   48/65536        2688/3670016  ( 0.1%) 
hdr faces                0/65536           0/3670016  ( 0.0%) 
origfaces               12/65536         672/3670016  ( 0.0%) 
facebrushes              0/0               0/0        ( 0.0%) 
facebrushlists          48/0             192/0        ( 0.0%) 
leaves                  50/65536        1600/2097152  ( 0.1%) 
leaffaces               48/65536          96/131072   ( 0.1%) 
leafbrushes             19/65536          38/131072   ( 0.0%) 
areas                    2/256            16/2048     ( 0.8%) 
surfedges              248/512000        992/2048000  ( 0.0%) 
edges                  125/256000        500/1024000  ( 0.0%) 
LDR worldlights          0/8192            0/819200   ( 0.0%) 
HDR worldlights          0/8192            0/819200   ( 0.0%) 
leafwaterdata            0/32768           0/393216   ( 0.0%) 
waterstrips              0/32768           0/327680   ( 0.0%) 
waterverts               0/65536           0/786432   ( 0.0%) 
waterindices             0/65536           0/131072   ( 0.0%) 
cubemapsamples           0/1024            0/16384    ( 0.0%) 
overlays                 0/512             0/180224   ( 0.0%) 
LDR lightdata         [variable]      554600/0        ( 0.0%) 
HDR lightdata         [variable]           0/0        ( 0.0%) 
visdata               [variable]          44/16777216 ( 0.0%) 
entdata               [variable]        8069/393216   ( 2.1%) 
LDR ambient table       50/65536         200/262144   ( 0.1%) 
HDR ambient table       50/65536         200/262144   ( 0.1%) 
LDR leaf ambient        24/65536         672/1835008  ( 0.0%) 
HDR leaf ambient        50/65536        1400/1835008  ( 0.1%) 
occluders                0/0               0/0        ( 0.0%) 
occluder polygons        0/0               0/0        ( 0.0%) 
occluder vert ind        0/0               0/0        ( 0.0%) 
detail props          [variable]           1/12       ( 8.3%) 
static props          [variable]           1/12       ( 8.3%) 
pakfile               [variable]       74462/0        ( 0.0%) 
physics               [variable]        3939/4194304  ( 0.1%) 
physics terrain       [variable]           2/1048576  ( 0.0%) 

Level flags = 1

Total triangle count: 104
Writing d:\steamlibrary\steamapps\common\portal 2\sdk_content\maps\custom maps\cd_special_stage\cd_special_stage.bsp
0 seconds elapsed



Using shader api: shaderapiempty.dll
materialPath: D:\SteamLibrary\steamapps\common\Portal 2\portal2\materials
Loading D:\SteamLibrary\steamapps\common\Portal 2\sdk_content\maps\custom maps\cd_special_stage\cd_special_stage.vmf
ConVarRef gpu_level doesn't point to an existing ConVar
fixing up env_cubemap materials on brush sides...
0...1...2...3...4...5...6...7...8...9...100...1...2...3...4...5...6...7...8...9...10Processing areas...done (0)
Building Faces...done (0)
FixTjuncs...
PruneNodes...
WriteBSP...
done (0)
writing D:\SteamLibrary\steamapps\common\Portal 2\sdk_content\maps\custom maps\cd_special_stage\cd_special_stage.prt...Building visibility clusters...
done (0)
Finding displacement neighbors...
Finding lightmap sample positions...
Displacement Alpha : 0...1...2...3...4...5...6...7...8...9...10
Building Physics collision data...
done (0) (3939 bytes)
Placing detail props : 0...1...2...3...4...5...6...7...8...9...10
Compacting texture/material tables...
Reduced 15 texinfos to 7
Reduced 3 texdatas to 3 (60 bytes to 60)
Writing D:\SteamLibrary\steamapps\common\Portal 2\sdk_content\maps\custom maps\cd_special_stage\cd_special_stage.bsp

nummapplanes:     (    96 / 65536 )
nummapbrushes:    (     9 /  8192 )
nummapbrushsides: (    54 / 65536 )
num_map_overlays: (     0 /   512 )
nummodels:        (     4 /  1024 )
num_entities:     (    25 / 16384 )

0 seconds elapsed



24 threads
reading d:\steamlibrary\steamapps\common\portal 2\sdk_content\maps\custom maps\cd_special_stage\cd_special_stage.bsp
reading d:\steamlibrary\steamapps\common\portal 2\sdk_content\maps\custom maps\cd_special_stage\cd_special_stage.prt
   4 portalclusters
   4 numportals
0...1...2...3...4...5...6...7...8...9...100...1...2...3...4...5...6...7...8...9...10Optimized: 0 visible clusters (0.00%)
Total clusters visible: 16
Average clusters visible: 4
Building PAS...
Average clusters audible: 4
visdatasize:44  compressed from 64
writing d:\steamlibrary\steamapps\common\portal 2\sdk_content\maps\custom maps\cd_special_stage\cd_special_stage.bsp
0 seconds elapsed



[Reading texlights from 'lights.rad']
[59 texlights parsed from 'lights.rad']

Loading d:\steamlibrary\steamapps\common\portal 2\sdk_content\maps\custom maps\cd_special_stage\cd_special_stage.bsp
48 faces
57106 square feet [8223360.00 square inches]
0 Displacements
0 Square Feet [0.00 Square Inches]
48 patches before subdivision
5340 patches after subdivision
0 direct lights
0...1...2...3...4...5...6...7...8...9...100...1...2...3...4...5...6...7...8...9...10transfers 593707, max 256
transfer lists:   4.5 megs
0...1...2...3...4...5...6...7...8...9...10	Bounce #1 added RGB(0, 0, 0)
Build Patch/Sample Hash Table(s).....Done<0.0007 sec>
0...1...2...3...4...5...6...7...8...9...10FinalLightFace Done
0 of 0 (0% of) surface lights went in leaf ambient cubes.
0...1...2...3...4...5...6...7...8...9...10Writing leaf ambient...done
Ready to Finish

Object names       Objects/Maxobjs  Memory / Maxmem  Fullness 
------------       ---------------  ---------------  -------- 
models                   4/1024          192/49152    ( 0.4%) 
brushes                  9/8192          108/98304    ( 0.1%) 
brushsides              54/65536         432/524288   ( 0.1%) 
planes                  96/65536        1920/1310720  ( 0.1%) 
vertexes                57/65536         684/786432   ( 0.1%) 
nodes                   45/65536        1440/2097152  ( 0.1%) 
texinfos                 7/12288         504/884736   ( 0.1%) 
texdata                  3/2048           96/65536    ( 0.1%) 
dispinfos                0/0               0/0        ( 0.0%) 
disp_verts               0/0               0/0        ( 0.0%) 
disp_tris                0/0               0/0        ( 0.0%) 
disp_multiblend          0/0               0/0        ( 0.0%) 
disp_lmsamples           0/0               0/0        ( 0.0%) 
faces                   48/65536        2688/3670016  ( 0.1%) 
hdr faces                0/65536           0/3670016  ( 0.0%) 
origfaces               12/65536         672/3670016  ( 0.0%) 
facebrushes              0/0               0/0        ( 0.0%) 
facebrushlists          48/0             192/0        ( 0.0%) 
leaves                  50/65536        1600/2097152  ( 0.1%) 
leaffaces               48/65536          96/131072   ( 0.1%) 
leafbrushes             19/65536          38/131072   ( 0.0%) 
areas                    2/256            16/2048     ( 0.8%) 
surfedges              248/512000        992/2048000  ( 0.0%) 
edges                  125/256000        500/1024000  ( 0.0%) 
LDR worldlights          0/8192            0/819200   ( 0.0%) 
HDR worldlights          0/8192            0/819200   ( 0.0%) 
leafwaterdata            0/32768           0/393216   ( 0.0%) 
waterstrips              0/32768           0/327680   ( 0.0%) 
waterverts               0/65536           0/786432   ( 0.0%) 
waterindices             0/65536           0/131072   ( 0.0%) 
cubemapsamples           0/1024            0/16384    ( 0.0%) 
overlays                 0/512             0/180224   ( 0.0%) 
LDR lightdata         [variable]      554600/0        ( 0.0%) 
HDR lightdata         [variable]           0/0        ( 0.0%) 
visdata               [variable]          44/16777216 ( 0.0%) 
entdata               [variable]        8204/393216   ( 2.1%) 
LDR ambient table       50/65536         200/262144   ( 0.1%) 
HDR ambient table       50/65536         200/262144   ( 0.1%) 
LDR leaf ambient        24/65536         672/1835008  ( 0.0%) 
HDR leaf ambient        50/65536        1400/1835008  ( 0.1%) 
occluders                0/0               0/0        ( 0.0%) 
occluder polygons        0/0               0/0        ( 0.0%) 
occluder vert ind        0/0               0/0        ( 0.0%) 
detail props          [variable]           1/12       ( 8.3%) 
static props          [variable]           1/12       ( 8.3%) 
pakfile               [variable]       74462/0        ( 0.0%) 
physics               [variable]        3939/4194304  ( 0.1%) 
physics terrain       [variable]           2/1048576  ( 0.0%) 

Level flags = 1

Total triangle count: 104
Writing d:\steamlibrary\steamapps\common\portal 2\sdk_content\maps\custom maps\cd_special_stage\cd_special_stage.bsp
0 seconds elapsed



Using shader api: shaderapiempty.dll
materialPath: D:\SteamLibrary\steamapps\common\Portal 2\portal2\materials
Loading D:\SteamLibrary\steamapps\common\Portal 2\sdk_content\maps\custom maps\cd_special_stage\cd_special_stage.vmf
ConVarRef gpu_level doesn't point to an existing ConVar
fixing up env_cubemap materials on brush sides...
0...1...2...3...4...5...6...7...8...9...100...1...2...3...4...5...6...7...8...9...10Processing areas...done (0)
Building Faces...done (0)
FixTjuncs...
PruneNodes...
WriteBSP...
done (0)
writing D:\SteamLibrary\steamapps\common\Portal 2\sdk_content\maps\custom maps\cd_special_stage\cd_special_stage.prt...Building visibility clusters...
done (0)
Finding displacement neighbors...
Finding lightmap sample positions...
Displacement Alpha : 0...1...2...3...4...5...6...7...8...9...10
Building Physics collision data...
done (0) (3939 bytes)
Placing detail props : 0...1...2...3...4...5...6...7...8...9...10
Compacting texture/material tables...
Reduced 15 texinfos to 7
Reduced 3 texdatas to 3 (60 bytes to 60)
Writing D:\SteamLibrary\steamapps\common\Portal 2\sdk_content\maps\custom maps\cd_special_stage\cd_special_stage.bsp

nummapplanes:     (    96 / 65536 )
nummapbrushes:    (     9 /  8192 )
nummapbrushsides: (    54 / 65536 )
num_map_overlays: (     0 /   512 )
nummodels:        (     4 /  1024 )
num_entities:     (    25 / 16384 )

0 seconds elapsed



24 threads
reading d:\steamlibrary\steamapps\common\portal 2\sdk_content\maps\custom maps\cd_special_stage\cd_special_stage.bsp
reading d:\steamlibrary\steamapps\common\portal 2\sdk_content\maps\custom maps\cd_special_stage\cd_special_stage.prt
   4 portalclusters
   4 numportals
0...1...2...3...4...5...6...7...8...9...100...1...2...3...4...5...6...7...8...9...10Optimized: 0 visible clusters (0.00%)
Total clusters visible: 16
Average clusters visible: 4
Building PAS...
Average clusters audible: 4
visdatasize:44  compressed from 64
writing d:\steamlibrary\steamapps\common\portal 2\sdk_content\maps\custom maps\cd_special_stage\cd_special_stage.bsp
0 seconds elapsed



[Reading texlights from 'lights.rad']
[59 texlights parsed from 'lights.rad']

Loading d:\steamlibrary\steamapps\common\portal 2\sdk_content\maps\custom maps\cd_special_stage\cd_special_stage.bsp
48 faces
57106 square feet [8223360.00 square inches]
0 Displacements
0 Square Feet [0.00 Square Inches]
48 patches before subdivision
5340 patches after subdivision
0 direct lights
0...1...2...3...4...5...6...7...8...9...100...1...2...3...4...5...6...7...8...9...10transfers 593707, max 256
transfer lists:   4.5 megs
0...1...2...3...4...5...6...7...8...9...10	Bounce #1 added RGB(0, 0, 0)
Build Patch/Sample Hash Table(s).....Done<0.0007 sec>
0...1...2...3...4...5...6...7...8...9...10FinalLightFace Done
0 of 0 (0% of) surface lights went in leaf ambient cubes.
0...1...2...3...4...5...6...7...8...9...10Writing leaf ambient...done
Ready to Finish

Object names       Objects/Maxobjs  Memory / Maxmem  Fullness 
------------       ---------------  ---------------  -------- 
models                   4/1024          192/49152    ( 0.4%) 
brushes                  9/8192          108/98304    ( 0.1%) 
brushsides              54/65536         432/524288   ( 0.1%) 
planes                  96/65536        1920/1310720  ( 0.1%) 
vertexes                57/65536         684/786432   ( 0.1%) 
nodes                   45/65536        1440/2097152  ( 0.1%) 
texinfos                 7/12288         504/884736   ( 0.1%) 
texdata                  3/2048           96/65536    ( 0.1%) 
dispinfos                0/0               0/0        ( 0.0%) 
disp_verts               0/0               0/0        ( 0.0%) 
disp_tris                0/0               0/0        ( 0.0%) 
disp_multiblend          0/0               0/0        ( 0.0%) 
disp_lmsamples           0/0               0/0        ( 0.0%) 
faces                   48/65536        2688/3670016  ( 0.1%) 
hdr faces                0/65536           0/3670016  ( 0.0%) 
origfaces               12/65536         672/3670016  ( 0.0%) 
facebrushes              0/0               0/0        ( 0.0%) 
facebrushlists          48/0             192/0        ( 0.0%) 
leaves                  50/65536        1600/2097152  ( 0.1%) 
leaffaces               48/65536          96/131072   ( 0.1%) 
leafbrushes             19/65536          38/131072   ( 0.0%) 
areas                    2/256            16/2048     ( 0.8%) 
surfedges              248/512000        992/2048000  ( 0.0%) 
edges                  125/256000        500/1024000  ( 0.0%) 
LDR worldlights          0/8192            0/819200   ( 0.0%) 
HDR worldlights          0/8192            0/819200   ( 0.0%) 
leafwaterdata            0/32768           0/393216   ( 0.0%) 
waterstrips              0/32768           0/327680   ( 0.0%) 
waterverts               0/65536           0/786432   ( 0.0%) 
waterindices             0/65536           0/131072   ( 0.0%) 
cubemapsamples           0/1024            0/16384    ( 0.0%) 
overlays                 0/512             0/180224   ( 0.0%) 
LDR lightdata         [variable]      554600/0        ( 0.0%) 
HDR lightdata         [variable]           0/0        ( 0.0%) 
visdata               [variable]          44/16777216 ( 0.0%) 
entdata               [variable]        8312/393216   ( 2.1%) 
LDR ambient table       50/65536         200/262144   ( 0.1%) 
HDR ambient table       50/65536         200/262144   ( 0.1%) 
LDR leaf ambient        24/65536         672/1835008  ( 0.0%) 
HDR leaf ambient        50/65536        1400/1835008  ( 0.1%) 
occluders                0/0               0/0        ( 0.0%) 
occluder polygons        0/0               0/0        ( 0.0%) 
occluder vert ind        0/0               0/0        ( 0.0%) 
detail props          [variable]           1/12       ( 8.3%) 
static props          [variable]           1/12       ( 8.3%) 
pakfile               [variable]       74462/0        ( 0.0%) 
physics               [variable]        3939/4194304  ( 0.1%) 
physics terrain       [variable]           2/1048576  ( 0.0%) 

Level flags = 1

Total triangle count: 104
Writing d:\steamlibrary\steamapps\common\portal 2\sdk_content\maps\custom maps\cd_special_stage\cd_special_stage.bsp
0 seconds elapsed



Using shader api: shaderapiempty.dll
materialPath: D:\SteamLibrary\steamapps\common\Portal 2\portal2\materials
Loading D:\SteamLibrary\steamapps\common\Portal 2\sdk_content\maps\custom maps\cd_special_stage\cd_special_stage.vmf
ConVarRef gpu_level doesn't point to an existing ConVar
fixing up env_cubemap materials on brush sides...
0...1...2...3...4...5...6...7...8...9...100...1...2...3...4...5...6...7...8...9...10Processing areas...done (0)
Building Faces...done (0)
FixTjuncs...
PruneNodes...
WriteBSP...
done (0)
writing D:\SteamLibrary\steamapps\common\Portal 2\sdk_content\maps\custom maps\cd_special_stage\cd_special_stage.prt...Building visibility clusters...
done (0)
Finding displacement neighbors...
Finding lightmap sample positions...
Displacement Alpha : 0...1...2...3...4...5...6...7...8...9...10
Building Physics collision data...
done (0) (4489 bytes)
Placing detail props : 0...1...2...3...4...5...6...7...8...9...10
Compacting texture/material tables...
Reduced 18 texinfos to 10
Reduced 3 texdatas to 3 (60 bytes to 60)
Writing D:\SteamLibrary\steamapps\common\Portal 2\sdk_content\maps\custom maps\cd_special_stage\cd_special_stage.bsp

nummapplanes:     (   118 / 65536 )
nummapbrushes:    (    10 /  8192 )
nummapbrushsides: (    60 / 65536 )
num_map_overlays: (     0 /   512 )
nummodels:        (     5 /  1024 )
num_entities:     (    26 / 16384 )

0 seconds elapsed



24 threads
reading d:\steamlibrary\steamapps\common\portal 2\sdk_content\maps\custom maps\cd_special_stage\cd_special_stage.bsp
reading d:\steamlibrary\steamapps\common\portal 2\sdk_content\maps\custom maps\cd_special_stage\cd_special_stage.prt
   4 portalclusters
   4 numportals
0...1...2...3...4...5...6...7...8...9...100...1...2...3...4...5...6...7...8...9...10Optimized: 0 visible clusters (0.00%)
Total clusters visible: 16
Average clusters visible: 4
Building PAS...
Average clusters audible: 4
visdatasize:44  compressed from 64
writing d:\steamlibrary\steamapps\common\portal 2\sdk_content\maps\custom maps\cd_special_stage\cd_special_stage.bsp
0 seconds elapsed



[Reading texlights from 'lights.rad']
[59 texlights parsed from 'lights.rad']

Loading d:\steamlibrary\steamapps\common\portal 2\sdk_content\maps\custom maps\cd_special_stage\cd_special_stage.bsp
54 faces
57117 square feet [8224896.00 square inches]
0 Displacements
0 Square Feet [0.00 Square Inches]
54 patches before subdivision
5346 patches after subdivision
0 direct lights
0...1...2...3...4...5...6...7...8...9...100...1...2...3...4...5...6...7...8...9...10transfers 594649, max 256
transfer lists:   4.5 megs
0...1...2...3...4...5...6...7...8...9...10	Bounce #1 added RGB(0, 0, 0)
Build Patch/Sample Hash Table(s).....Done<0.0007 sec>
0...1...2...3...4...5...6...7...8...9...10FinalLightFace Done
0 of 0 (0% of) surface lights went in leaf ambient cubes.
0...1...2...3...4...5...6...7...8...9...10Writing leaf ambient...done
Ready to Finish

Object names       Objects/Maxobjs  Memory / Maxmem  Fullness 
------------       ---------------  ---------------  -------- 
models                   5/1024          240/49152    ( 0.5%) 
brushes                 10/8192          120/98304    ( 0.1%) 
brushsides              60/65536         480/524288   ( 0.1%) 
planes                 118/65536        2360/1310720  ( 0.2%) 
vertexes                65/65536         780/786432   ( 0.1%) 
nodes                   51/65536        1632/2097152  ( 0.1%) 
texinfos                10/12288         720/884736   ( 0.1%) 
texdata                  3/2048           96/65536    ( 0.1%) 
dispinfos                0/0               0/0        ( 0.0%) 
disp_verts               0/0               0/0        ( 0.0%) 
disp_tris                0/0               0/0        ( 0.0%) 
disp_multiblend          0/0               0/0        ( 0.0%) 
disp_lmsamples           0/0               0/0        ( 0.0%) 
faces                   54/65536        3024/3670016  ( 0.1%) 
hdr faces                0/65536           0/3670016  ( 0.0%) 
origfaces               18/65536        1008/3670016  ( 0.0%) 
facebrushes              0/0               0/0        ( 0.0%) 
facebrushlists          54/0             216/0        ( 0.0%) 
leaves                  57/65536        1824/2097152  ( 0.1%) 
leaffaces               54/65536         108/131072   ( 0.1%) 
leafbrushes             20/65536          40/131072   ( 0.0%) 
areas                    2/256            16/2048     ( 0.8%) 
surfedges              296/512000       1184/2048000  ( 0.1%) 
edges                  149/256000        596/1024000  ( 0.1%) 
LDR worldlights          0/8192            0/819200   ( 0.0%) 
HDR worldlights          0/8192            0/819200   ( 0.0%) 
leafwaterdata            0/32768           0/393216   ( 0.0%) 
waterstrips              0/32768           0/327680   ( 0.0%) 
waterverts               0/65536           0/786432   ( 0.0%) 
waterindices             0/65536           0/131072   ( 0.0%) 
cubemapsamples           0/1024            0/16384    ( 0.0%) 
overlays                 0/512             0/180224   ( 0.0%) 
LDR lightdata         [variable]      554600/0        ( 0.0%) 
HDR lightdata         [variable]           0/0        ( 0.0%) 
visdata               [variable]          44/16777216 ( 0.0%) 
entdata               [variable]        8516/393216   ( 2.2%) 
LDR ambient table       57/65536         228/262144   ( 0.1%) 
HDR ambient table       57/65536         228/262144   ( 0.1%) 
LDR leaf ambient        30/65536         840/1835008  ( 0.0%) 
HDR leaf ambient        57/65536        1596/1835008  ( 0.1%) 
occluders                0/0               0/0        ( 0.0%) 
occluder polygons        0/0               0/0        ( 0.0%) 
occluder vert ind        0/0               0/0        ( 0.0%) 
detail props          [variable]           1/12       ( 8.3%) 
static props          [variable]           1/12       ( 8.3%) 
pakfile               [variable]       74462/0        ( 0.0%) 
physics               [variable]        4489/4194304  ( 0.1%) 
physics terrain       [variable]           2/1048576  ( 0.0%) 

Level flags = 1

Total triangle count: 116
Writing d:\steamlibrary\steamapps\common\portal 2\sdk_content\maps\custom maps\cd_special_stage\cd_special_stage.bsp
0 seconds elapsed



Using shader api: shaderapiempty.dll
materialPath: D:\SteamLibrary\steamapps\common\Portal 2\portal2\materials
Loading D:\SteamLibrary\steamapps\common\Portal 2\sdk_content\maps\custom maps\cd_special_stage\cd_special_stage.vmf
ConVarRef gpu_level doesn't point to an existing ConVar
fixing up env_cubemap materials on brush sides...
0...1...2...3...4...5...6...7...8...9...100...1...2...3...4...5...6...7...8...9...10Processing areas...done (0)
Building Faces...done (0)
FixTjuncs...
PruneNodes...
WriteBSP...
done (0)
writing D:\SteamLibrary\steamapps\common\Portal 2\sdk_content\maps\custom maps\cd_special_stage\cd_special_stage.prt...Building visibility clusters...
done (0)
Finding displacement neighbors...
Finding lightmap sample positions...
Displacement Alpha : 0...1...2...3...4...5...6...7...8...9...10
Building Physics collision data...
done (0) (4489 bytes)
Placing detail props : 0...1...2...3...4...5...6...7...8...9...10
Compacting texture/material tables...
Reduced 18 texinfos to 10
Reduced 3 texdatas to 3 (60 bytes to 60)
Writing D:\SteamLibrary\steamapps\common\Portal 2\sdk_content\maps\custom maps\cd_special_stage\cd_special_stage.bsp

nummapplanes:     (   118 / 65536 )
nummapbrushes:    (    10 /  8192 )
nummapbrushsides: (    60 / 65536 )
num_map_overlays: (     0 /   512 )
nummodels:        (     5 /  1024 )
num_entities:     (    26 / 16384 )

0 seconds elapsed



24 threads
reading d:\steamlibrary\steamapps\common\portal 2\sdk_content\maps\custom maps\cd_special_stage\cd_special_stage.bsp
reading d:\steamlibrary\steamapps\common\portal 2\sdk_content\maps\custom maps\cd_special_stage\cd_special_stage.prt
   4 portalclusters
   4 numportals
0...1...2...3...4...5...6...7...8...9...100...1...2...3...4...5...6...7...8...9...10Optimized: 0 visible clusters (0.00%)
Total clusters visible: 16
Average clusters visible: 4
Building PAS...
Average clusters audible: 4
visdatasize:44  compressed from 64
writing d:\steamlibrary\steamapps\common\portal 2\sdk_content\maps\custom maps\cd_special_stage\cd_special_stage.bsp
0 seconds elapsed



[Reading texlights from 'lights.rad']
[59 texlights parsed from 'lights.rad']

Loading d:\steamlibrary\steamapps\common\portal 2\sdk_content\maps\custom maps\cd_special_stage\cd_special_stage.bsp
54 faces
57128 square feet [8226432.00 square inches]
0 Displacements
0 Square Feet [0.00 Square Inches]
54 patches before subdivision
5346 patches after subdivision
0 direct lights
0...1...2...3...4...5...6...7...8...9...100...1...2...3...4...5...6...7...8...9...10transfers 594660, max 256
transfer lists:   4.5 megs
0...1...2...3...4...5...6...7...8...9...10	Bounce #1 added RGB(0, 0, 0)
Build Patch/Sample Hash Table(s).....Done<0.0006 sec>
0...1...2...3...4...5...6...7...8...9...10FinalLightFace Done
0 of 0 (0% of) surface lights went in leaf ambient cubes.
0...1...2...3...4...5...6...7...8...9...10Writing leaf ambient...done
Ready to Finish

Object names       Objects/Maxobjs  Memory / Maxmem  Fullness 
------------       ---------------  ---------------  -------- 
models                   5/1024          240/49152    ( 0.5%) 
brushes                 10/8192          120/98304    ( 0.1%) 
brushsides              60/65536         480/524288   ( 0.1%) 
planes                 118/65536        2360/1310720  ( 0.2%) 
vertexes                65/65536         780/786432   ( 0.1%) 
nodes                   51/65536        1632/2097152  ( 0.1%) 
texinfos                10/12288         720/884736   ( 0.1%) 
texdata                  3/2048           96/65536    ( 0.1%) 
dispinfos                0/0               0/0        ( 0.0%) 
disp_verts               0/0               0/0        ( 0.0%) 
disp_tris                0/0               0/0        ( 0.0%) 
disp_multiblend          0/0               0/0        ( 0.0%) 
disp_lmsamples           0/0               0/0        ( 0.0%) 
faces                   54/65536        3024/3670016  ( 0.1%) 
hdr faces                0/65536           0/3670016  ( 0.0%) 
origfaces               18/65536        1008/3670016  ( 0.0%) 
facebrushes              0/0               0/0        ( 0.0%) 
facebrushlists          54/0             216/0        ( 0.0%) 
leaves                  57/65536        1824/2097152  ( 0.1%) 
leaffaces               54/65536         108/131072   ( 0.1%) 
leafbrushes             20/65536          40/131072   ( 0.0%) 
areas                    2/256            16/2048     ( 0.8%) 
surfedges              296/512000       1184/2048000  ( 0.1%) 
edges                  149/256000        596/1024000  ( 0.1%) 
LDR worldlights          0/8192            0/819200   ( 0.0%) 
HDR worldlights          0/8192            0/819200   ( 0.0%) 
leafwaterdata            0/32768           0/393216   ( 0.0%) 
waterstrips              0/32768           0/327680   ( 0.0%) 
waterverts               0/65536           0/786432   ( 0.0%) 
waterindices             0/65536           0/131072   ( 0.0%) 
cubemapsamples           0/1024            0/16384    ( 0.0%) 
overlays                 0/512             0/180224   ( 0.0%) 
LDR lightdata         [variable]      554600/0        ( 0.0%) 
HDR lightdata         [variable]           0/0        ( 0.0%) 
visdata               [variable]          44/16777216 ( 0.0%) 
entdata               [variable]        8516/393216   ( 2.2%) 
LDR ambient table       57/65536         228/262144   ( 0.1%) 
HDR ambient table       57/65536         228/262144   ( 0.1%) 
LDR leaf ambient        30/65536         840/1835008  ( 0.0%) 
HDR leaf ambient        57/65536        1596/1835008  ( 0.1%) 
occluders                0/0               0/0        ( 0.0%) 
occluder polygons        0/0               0/0        ( 0.0%) 
occluder vert ind        0/0               0/0        ( 0.0%) 
detail props          [variable]           1/12       ( 8.3%) 
static props          [variable]           1/12       ( 8.3%) 
pakfile               [variable]       74462/0        ( 0.0%) 
physics               [variable]        4489/4194304  ( 0.1%) 
physics terrain       [variable]           2/1048576  ( 0.0%) 

Level flags = 1

Total triangle count: 116
Writing d:\steamlibrary\steamapps\common\portal 2\sdk_content\maps\custom maps\cd_special_stage\cd_special_stage.bsp
0 seconds elapsed



Using shader api: shaderapiempty.dll
materialPath: D:\SteamLibrary\steamapps\common\Portal 2\portal2\materials
Loading D:\SteamLibrary\steamapps\common\Portal 2\sdk_content\maps\custom maps\cd_special_stage\cd_special_stage.vmf
ConVarRef gpu_level doesn't point to an existing ConVar
fixing up env_cubemap materials on brush sides...
0...1...2...3...4...5...6...7...8...9...100...1...2...3...4...5...6...7...8...9...10Processing areas...done (0)
Building Faces...done (0)
FixTjuncs...
PruneNodes...
WriteBSP...
done (0)
writing D:\SteamLibrary\steamapps\common\Portal 2\sdk_content\maps\custom maps\cd_special_stage\cd_special_stage.prt...Building visibility clusters...
done (0)
Finding displacement neighbors...
Finding lightmap sample positions...
Displacement Alpha : 0...1...2...3...4...5...6...7...8...9...10
Building Physics collision data...
done (0) (6147 bytes)
Placing detail props : 0...1...2...3...4...5...6...7...8...9...10
Compacting texture/material tables...
Reduced 18 texinfos to 13
Reduced 3 texdatas to 3 (60 bytes to 60)
Writing D:\SteamLibrary\steamapps\common\Portal 2\sdk_content\maps\custom maps\cd_special_stage\cd_special_stage.bsp

nummapplanes:     (   118 / 65536 )
nummapbrushes:    (    13 /  8192 )
nummapbrushsides: (    78 / 65536 )
num_map_overlays: (     0 /   512 )
nummodels:        (     8 /  1024 )
num_entities:     (    44 / 16384 )

0 seconds elapsed



24 threads
reading d:\steamlibrary\steamapps\common\portal 2\sdk_content\maps\custom maps\cd_special_stage\cd_special_stage.bsp
reading d:\steamlibrary\steamapps\common\portal 2\sdk_content\maps\custom maps\cd_special_stage\cd_special_stage.prt
   4 portalclusters
   4 numportals
0...1...2...3...4...5...6...7...8...9...100...1...2...3...4...5...6...7...8...9...10Optimized: 0 visible clusters (0.00%)
Total clusters visible: 16
Average clusters visible: 4
Building PAS...
Average clusters audible: 4
visdatasize:44  compressed from 64
writing d:\steamlibrary\steamapps\common\portal 2\sdk_content\maps\custom maps\cd_special_stage\cd_special_stage.bsp
0 seconds elapsed



[Reading texlights from 'lights.rad']
[59 texlights parsed from 'lights.rad']

Loading d:\steamlibrary\steamapps\common\portal 2\sdk_content\maps\custom maps\cd_special_stage\cd_special_stage.bsp
60 faces
57345 square feet [8257792.00 square inches]
0 Displacements
0 Square Feet [0.00 Square Inches]
60 patches before subdivision
5352 patches after subdivision
0 direct lights
0...1...2...3...4...5...6...7...8...9...100...1...2...3...4...5...6...7...8...9...10transfers 595946, max 256
transfer lists:   4.5 megs
0...1...2...3...4...5...6...7...8...9...10	Bounce #1 added RGB(0, 0, 0)
Build Patch/Sample Hash Table(s).....Done<0.0006 sec>
0...1...2...3...4...5...6...7...8...9...10FinalLightFace Done
0 of 0 (0% of) surface lights went in leaf ambient cubes.
0...1...2...3...4...5...6...7...8...9...10Writing leaf ambient...done
Ready to Finish

Object names       Objects/Maxobjs  Memory / Maxmem  Fullness 
------------       ---------------  ---------------  -------- 
models                   8/1024          384/49152    ( 0.8%) 
brushes                 13/8192          156/98304    ( 0.2%) 
brushsides              78/65536         624/524288   ( 0.1%) 
planes                 118/65536        2360/1310720  ( 0.2%) 
vertexes                73/65536         876/786432   ( 0.1%) 
nodes                   69/65536        2208/2097152  ( 0.1%) 
texinfos                13/12288         936/884736   ( 0.1%) 
texdata                  3/2048           96/65536    ( 0.1%) 
dispinfos                0/0               0/0        ( 0.0%) 
disp_verts               0/0               0/0        ( 0.0%) 
disp_tris                0/0               0/0        ( 0.0%) 
disp_multiblend          0/0               0/0        ( 0.0%) 
disp_lmsamples           0/0               0/0        ( 0.0%) 
faces                   60/65536        3360/3670016  ( 0.1%) 
hdr faces                0/65536           0/3670016  ( 0.0%) 
origfaces               24/65536        1344/3670016  ( 0.0%) 
facebrushes              0/0               0/0        ( 0.0%) 
facebrushlists          60/0             240/0        ( 0.0%) 
leaves                  78/65536        2496/2097152  ( 0.1%) 
leaffaces               60/65536         120/131072   ( 0.1%) 
leafbrushes             23/65536          46/131072   ( 0.0%) 
areas                    2/256            16/2048     ( 0.8%) 
surfedges              344/512000       1376/2048000  ( 0.1%) 
edges                  173/256000        692/1024000  ( 0.1%) 
LDR worldlights          0/8192            0/819200   ( 0.0%) 
HDR worldlights          0/8192            0/819200   ( 0.0%) 
leafwaterdata            0/32768           0/393216   ( 0.0%) 
waterstrips              0/32768           0/327680   ( 0.0%) 
waterverts               0/65536           0/786432   ( 0.0%) 
waterindices             0/65536           0/131072   ( 0.0%) 
cubemapsamples           0/1024            0/16384    ( 0.0%) 
overlays                 0/512             0/180224   ( 0.0%) 
LDR lightdata         [variable]      554600/0        ( 0.0%) 
HDR lightdata         [variable]           0/0        ( 0.0%) 
visdata               [variable]          44/16777216 ( 0.0%) 
entdata               [variable]       14942/393216   ( 3.8%) 
LDR ambient table       78/65536         312/262144   ( 0.1%) 
HDR ambient table       78/65536         312/262144   ( 0.1%) 
LDR leaf ambient        50/65536        1400/1835008  ( 0.1%) 
HDR leaf ambient        78/65536        2184/1835008  ( 0.1%) 
occluders                0/0               0/0        ( 0.0%) 
occluder polygons        0/0               0/0        ( 0.0%) 
occluder vert ind        0/0               0/0        ( 0.0%) 
detail props          [variable]           1/12       ( 8.3%) 
static props          [variable]           1/12       ( 8.3%) 
pakfile               [variable]       74462/0        ( 0.0%) 
physics               [variable]        6147/4194304  ( 0.1%) 
physics terrain       [variable]           2/1048576  ( 0.0%) 

Level flags = 1

Total triangle count: 128
Writing d:\steamlibrary\steamapps\common\portal 2\sdk_content\maps\custom maps\cd_special_stage\cd_special_stage.bsp
0 seconds elapsed



Using shader api: shaderapiempty.dll
materialPath: D:\SteamLibrary\steamapps\common\Portal 2\portal2\materials
Loading D:\SteamLibrary\steamapps\common\Portal 2\sdk_content\maps\custom maps\cd_special_stage\cd_special_stage.vmf
ConVarRef gpu_level doesn't point to an existing ConVar
fixing up env_cubemap materials on brush sides...
0...1...2...3...4...5...6...7...8...9...100...1...2...3...4...5...6...7...8...9...10Processing areas...done (0)
Building Faces...done (0)
FixTjuncs...
PruneNodes...
WriteBSP...
done (0)
writing D:\SteamLibrary\steamapps\common\Portal 2\sdk_content\maps\custom maps\cd_special_stage\cd_special_stage.prt...Building visibility clusters...
done (0)
Finding displacement neighbors...
Finding lightmap sample positions...
Displacement Alpha : 0...1...2...3...4...5...6...7...8...9...10
Building Physics collision data...
done (0) (6147 bytes)
Placing detail props : 0...1...2...3...4...5...6...7...8...9...10
Compacting texture/material tables...
Reduced 18 texinfos to 13
Reduced 3 texdatas to 3 (60 bytes to 60)
Writing D:\SteamLibrary\steamapps\common\Portal 2\sdk_content\maps\custom maps\cd_special_stage\cd_special_stage.bsp

nummapplanes:     (   118 / 65536 )
nummapbrushes:    (    13 /  8192 )
nummapbrushsides: (    78 / 65536 )
num_map_overlays: (     0 /   512 )
nummodels:        (     8 /  1024 )
num_entities:     (    44 / 16384 )

0 seconds elapsed



24 threads
reading d:\steamlibrary\steamapps\common\portal 2\sdk_content\maps\custom maps\cd_special_stage\cd_special_stage.bsp
reading d:\steamlibrary\steamapps\common\portal 2\sdk_content\maps\custom maps\cd_special_stage\cd_special_stage.prt
   4 portalclusters
   4 numportals
0...1...2...3...4...5...6...7...8...9...100...1...2...3...4...5...6...7...8...9...10Optimized: 0 visible clusters (0.00%)
Total clusters visible: 16
Average clusters visible: 4
Building PAS...
Average clusters audible: 4
visdatasize:44  compressed from 64
writing d:\steamlibrary\steamapps\common\portal 2\sdk_content\maps\custom maps\cd_special_stage\cd_special_stage.bsp
0 seconds elapsed



[Reading texlights from 'lights.rad']
[59 texlights parsed from 'lights.rad']

Loading d:\steamlibrary\steamapps\common\portal 2\sdk_content\maps\custom maps\cd_special_stage\cd_special_stage.bsp
60 faces
57345 square feet [8257792.00 square inches]
0 Displacements
0 Square Feet [0.00 Square Inches]
60 patches before subdivision
5352 patches after subdivision
0 direct lights
0...1...2...3...4...5...6...7...8...9...100...1...2...3...4...5...6...7...8...9...10transfers 595946, max 256
transfer lists:   4.5 megs
0...1...2...3...4...5...6...7...8...9...10	Bounce #1 added RGB(0, 0, 0)
Build Patch/Sample Hash Table(s).....Done<0.0007 sec>
0...1...2...3...4...5...6...7...8...9...10FinalLightFace Done
0 of 0 (0% of) surface lights went in leaf ambient cubes.
0...1...2...3...4...5...6...7...8...9...10Writing leaf ambient...done
Ready to Finish

Object names       Objects/Maxobjs  Memory / Maxmem  Fullness 
------------       ---------------  ---------------  -------- 
models                   8/1024          384/49152    ( 0.8%) 
brushes                 13/8192          156/98304    ( 0.2%) 
brushsides              78/65536         624/524288   ( 0.1%) 
planes                 118/65536        2360/1310720  ( 0.2%) 
vertexes                73/65536         876/786432   ( 0.1%) 
nodes                   69/65536        2208/2097152  ( 0.1%) 
texinfos                13/12288         936/884736   ( 0.1%) 
texdata                  3/2048           96/65536    ( 0.1%) 
dispinfos                0/0               0/0        ( 0.0%) 
disp_verts               0/0               0/0        ( 0.0%) 
disp_tris                0/0               0/0        ( 0.0%) 
disp_multiblend          0/0               0/0        ( 0.0%) 
disp_lmsamples           0/0               0/0        ( 0.0%) 
faces                   60/65536        3360/3670016  ( 0.1%) 
hdr faces                0/65536           0/3670016  ( 0.0%) 
origfaces               24/65536        1344/3670016  ( 0.0%) 
facebrushes              0/0               0/0        ( 0.0%) 
facebrushlists          60/0             240/0        ( 0.0%) 
leaves                  78/65536        2496/2097152  ( 0.1%) 
leaffaces               60/65536         120/131072   ( 0.1%) 
leafbrushes             23/65536          46/131072   ( 0.0%) 
areas                    2/256            16/2048     ( 0.8%) 
surfedges              344/512000       1376/2048000  ( 0.1%) 
edges                  173/256000        692/1024000  ( 0.1%) 
LDR worldlights          0/8192            0/819200   ( 0.0%) 
HDR worldlights          0/8192            0/819200   ( 0.0%) 
leafwaterdata            0/32768           0/393216   ( 0.0%) 
waterstrips              0/32768           0/327680   ( 0.0%) 
waterverts               0/65536           0/786432   ( 0.0%) 
waterindices             0/65536           0/131072   ( 0.0%) 
cubemapsamples           0/1024            0/16384    ( 0.0%) 
overlays                 0/512             0/180224   ( 0.0%) 
LDR lightdata         [variable]      554600/0        ( 0.0%) 
HDR lightdata         [variable]           0/0        ( 0.0%) 
visdata               [variable]          44/16777216 ( 0.0%) 
entdata               [variable]       14942/393216   ( 3.8%) 
LDR ambient table       78/65536         312/262144   ( 0.1%) 
HDR ambient table       78/65536         312/262144   ( 0.1%) 
LDR leaf ambient        50/65536        1400/1835008  ( 0.1%) 
HDR leaf ambient        78/65536        2184/1835008  ( 0.1%) 
occluders                0/0               0/0        ( 0.0%) 
occluder polygons        0/0               0/0        ( 0.0%) 
occluder vert ind        0/0               0/0        ( 0.0%) 
detail props          [variable]           1/12       ( 8.3%) 
static props          [variable]           1/12       ( 8.3%) 
pakfile               [variable]       74462/0        ( 0.0%) 
physics               [variable]        6147/4194304  ( 0.1%) 
physics terrain       [variable]           2/1048576  ( 0.0%) 

Level flags = 1

Total triangle count: 128
Writing d:\steamlibrary\steamapps\common\portal 2\sdk_content\maps\custom maps\cd_special_stage\cd_special_stage.bsp
0 seconds elapsed



Using shader api: shaderapiempty.dll
materialPath: D:\SteamLibrary\steamapps\common\Portal 2\portal2\materials
Loading D:\SteamLibrary\steamapps\common\Portal 2\sdk_content\maps\custom maps\cd_special_stage\cd_special_stage.vmf
ConVarRef gpu_level doesn't point to an existing ConVar
fixing up env_cubemap materials on brush sides...
0...1...2...3...4...5...6...7...8...9...100...1...2...3...4...5...6...7...8...9...10Processing areas...done (0)
Building Faces...done (0)
FixTjuncs...
PruneNodes...
WriteBSP...
done (0)
writing D:\SteamLibrary\steamapps\common\Portal 2\sdk_content\maps\custom maps\cd_special_stage\cd_special_stage.prt...Building visibility clusters...
done (0)
Finding displacement neighbors...
Finding lightmap sample positions...
Displacement Alpha : 0...1...2...3...4...5...6...7...8...9...10
Building Physics collision data...
done (0) (6147 bytes)
Placing detail props : 0...1...2...3...4...5...6...7...8...9...10
Compacting texture/material tables...
Reduced 20 texinfos to 13
Reduced 3 texdatas to 3 (60 bytes to 60)
Writing D:\SteamLibrary\steamapps\common\Portal 2\sdk_content\maps\custom maps\cd_special_stage\cd_special_stage.bsp

nummapplanes:     (   122 / 65536 )
nummapbrushes:    (    13 /  8192 )
nummapbrushsides: (    78 / 65536 )
num_map_overlays: (     0 /   512 )
nummodels:        (     8 /  1024 )
num_entities:     (    44 / 16384 )

0 seconds elapsed



24 threads
reading d:\steamlibrary\steamapps\common\portal 2\sdk_content\maps\custom maps\cd_special_stage\cd_special_stage.bsp
reading d:\steamlibrary\steamapps\common\portal 2\sdk_content\maps\custom maps\cd_special_stage\cd_special_stage.prt
   4 portalclusters
   4 numportals
0...1...2...3...4...5...6...7...8...9...100...1...2...3...4...5...6...7...8...9...10Optimized: 0 visible clusters (0.00%)
Total clusters visible: 16
Average clusters visible: 4
Building PAS...
Average clusters audible: 4
visdatasize:44  compressed from 64
writing d:\steamlibrary\steamapps\common\portal 2\sdk_content\maps\custom maps\cd_special_stage\cd_special_stage.bsp
0 seconds elapsed



[Reading texlights from 'lights.rad']
[59 texlights parsed from 'lights.rad']

Loading d:\steamlibrary\steamapps\common\portal 2\sdk_content\maps\custom maps\cd_special_stage\cd_special_stage.bsp
60 faces
57345 square feet [8257792.00 square inches]
0 Displacements
0 Square Feet [0.00 Square Inches]
60 patches before subdivision
5352 patches after subdivision
0 direct lights
0...1...2...3...4...5...6...7...8...9...100...1...2...3...4...5...6...7...8...9...10transfers 595946, max 256
transfer lists:   4.5 megs
0...1...2...3...4...5...6...7...8...9...10	Bounce #1 added RGB(0, 0, 0)
Build Patch/Sample Hash Table(s).....Done<0.0007 sec>
0...1...2...3...4...5...6...7...8...9...10FinalLightFace Done
0 of 0 (0% of) surface lights went in leaf ambient cubes.
0...1...2...3...4...5...6...7...8...9...10Writing leaf ambient...done
Ready to Finish

Object names       Objects/Maxobjs  Memory / Maxmem  Fullness 
------------       ---------------  ---------------  -------- 
models                   8/1024          384/49152    ( 0.8%) 
brushes                 13/8192          156/98304    ( 0.2%) 
brushsides              78/65536         624/524288   ( 0.1%) 
planes                 122/65536        2440/1310720  ( 0.2%) 
vertexes                73/65536         876/786432   ( 0.1%) 
nodes                   69/65536        2208/2097152  ( 0.1%) 
texinfos                13/12288         936/884736   ( 0.1%) 
texdata                  3/2048           96/65536    ( 0.1%) 
dispinfos                0/0               0/0        ( 0.0%) 
disp_verts               0/0               0/0        ( 0.0%) 
disp_tris                0/0               0/0        ( 0.0%) 
disp_multiblend          0/0               0/0        ( 0.0%) 
disp_lmsamples           0/0               0/0        ( 0.0%) 
faces                   60/65536        3360/3670016  ( 0.1%) 
hdr faces                0/65536           0/3670016  ( 0.0%) 
origfaces               24/65536        1344/3670016  ( 0.0%) 
facebrushes              0/0               0/0        ( 0.0%) 
facebrushlists          60/0             240/0        ( 0.0%) 
leaves                  78/65536        2496/2097152  ( 0.1%) 
leaffaces               60/65536         120/131072   ( 0.1%) 
leafbrushes             23/65536          46/131072   ( 0.0%) 
areas                    2/256            16/2048     ( 0.8%) 
surfedges              344/512000       1376/2048000  ( 0.1%) 
edges                  173/256000        692/1024000  ( 0.1%) 
LDR worldlights          0/8192            0/819200   ( 0.0%) 
HDR worldlights          0/8192            0/819200   ( 0.0%) 
leafwaterdata            0/32768           0/393216   ( 0.0%) 
waterstrips              0/32768           0/327680   ( 0.0%) 
waterverts               0/65536           0/786432   ( 0.0%) 
waterindices             0/65536           0/131072   ( 0.0%) 
cubemapsamples           0/1024            0/16384    ( 0.0%) 
overlays                 0/512             0/180224   ( 0.0%) 
LDR lightdata         [variable]      554600/0        ( 0.0%) 
HDR lightdata         [variable]           0/0        ( 0.0%) 
visdata               [variable]          44/16777216 ( 0.0%) 
entdata               [variable]       14937/393216   ( 3.8%) 
LDR ambient table       78/65536         312/262144   ( 0.1%) 
HDR ambient table       78/65536         312/262144   ( 0.1%) 
LDR leaf ambient        50/65536        1400/1835008  ( 0.1%) 
HDR leaf ambient        78/65536        2184/1835008  ( 0.1%) 
occluders                0/0               0/0        ( 0.0%) 
occluder polygons        0/0               0/0        ( 0.0%) 
occluder vert ind        0/0               0/0        ( 0.0%) 
detail props          [variable]           1/12       ( 8.3%) 
static props          [variable]           1/12       ( 8.3%) 
pakfile               [variable]       74462/0        ( 0.0%) 
physics               [variable]        6147/4194304  ( 0.1%) 
physics terrain       [variable]           2/1048576  ( 0.0%) 

Level flags = 1

Total triangle count: 128
Writing d:\steamlibrary\steamapps\common\portal 2\sdk_content\maps\custom maps\cd_special_stage\cd_special_stage.bsp
0 seconds elapsed



Using shader api: shaderapiempty.dll
materialPath: D:\SteamLibrary\steamapps\common\Portal 2\portal2\materials
Loading D:\SteamLibrary\steamapps\common\Portal 2\sdk_content\maps\custom maps\cd_special_stage\cd_special_stage.vmf
ConVarRef gpu_level doesn't point to an existing ConVar
fixing up env_cubemap materials on brush sides...
0...1...2...3...4...5...6...7...8...9...100...1...2...3...4...5...6...7...8...9...10Processing areas...done (0)
Building Faces...done (0)
FixTjuncs...
PruneNodes...
WriteBSP...
done (0)
writing D:\SteamLibrary\steamapps\common\Portal 2\sdk_content\maps\custom maps\cd_special_stage\cd_special_stage.prt...Building visibility clusters...
done (0)
Finding displacement neighbors...
Finding lightmap sample positions...
Displacement Alpha : 0...1...2...3...4...5...6...7...8...9...10
Building Physics collision data...
done (0) (6147 bytes)
Placing detail props : 0...1...2...3...4...5...6...7...8...9...10
Compacting texture/material tables...
Reduced 20 texinfos to 13
Reduced 3 texdatas to 3 (60 bytes to 60)
Writing D:\SteamLibrary\steamapps\common\Portal 2\sdk_content\maps\custom maps\cd_special_stage\cd_special_stage.bsp

nummapplanes:     (   122 / 65536 )
nummapbrushes:    (    13 /  8192 )
nummapbrushsides: (    78 / 65536 )
num_map_overlays: (     0 /   512 )
nummodels:        (     8 /  1024 )
num_entities:     (    44 / 16384 )

0 seconds elapsed



24 threads
reading d:\steamlibrary\steamapps\common\portal 2\sdk_content\maps\custom maps\cd_special_stage\cd_special_stage.bsp
reading d:\steamlibrary\steamapps\common\portal 2\sdk_content\maps\custom maps\cd_special_stage\cd_special_stage.prt
   4 portalclusters
   4 numportals
0...1...2...3...4...5...6...7...8...9...100...1...2...3...4...5...6...7...8...9...10Optimized: 0 visible clusters (0.00%)
Total clusters visible: 16
Average clusters visible: 4
Building PAS...
Average clusters audible: 4
visdatasize:44  compressed from 64
writing d:\steamlibrary\steamapps\common\portal 2\sdk_content\maps\custom maps\cd_special_stage\cd_special_stage.bsp
0 seconds elapsed



[Reading texlights from 'lights.rad']
[59 texlights parsed from 'lights.rad']

Loading d:\steamlibrary\steamapps\common\portal 2\sdk_content\maps\custom maps\cd_special_stage\cd_special_stage.bsp
60 faces
57345 square feet [8257792.00 square inches]
0 Displacements
0 Square Feet [0.00 Square Inches]
60 patches before subdivision
5352 patches after subdivision
0 direct lights
0...1...2...3...4...5...6...7...8...9...100...1...2...3...4...5...6...7...8...9...10transfers 595946, max 256
transfer lists:   4.5 megs
0...1...2...3...4...5...6...7...8...9...10	Bounce #1 added RGB(0, 0, 0)
Build Patch/Sample Hash Table(s).....Done<0.0007 sec>
0...1...2...3...4...5...6...7...8...9...10FinalLightFace Done
0 of 0 (0% of) surface lights went in leaf ambient cubes.
0...1...2...3...4...5...6...7...8...9...10Writing leaf ambient...done
Ready to Finish

Object names       Objects/Maxobjs  Memory / Maxmem  Fullness 
------------       ---------------  ---------------  -------- 
models                   8/1024          384/49152    ( 0.8%) 
brushes                 13/8192          156/98304    ( 0.2%) 
brushsides              78/65536         624/524288   ( 0.1%) 
planes                 122/65536        2440/1310720  ( 0.2%) 
vertexes                73/65536         876/786432   ( 0.1%) 
nodes                   69/65536        2208/2097152  ( 0.1%) 
texinfos                13/12288         936/884736   ( 0.1%) 
texdata                  3/2048           96/65536    ( 0.1%) 
dispinfos                0/0               0/0        ( 0.0%) 
disp_verts               0/0               0/0        ( 0.0%) 
disp_tris                0/0               0/0        ( 0.0%) 
disp_multiblend          0/0               0/0        ( 0.0%) 
disp_lmsamples           0/0               0/0        ( 0.0%) 
faces                   60/65536        3360/3670016  ( 0.1%) 
hdr faces                0/65536           0/3670016  ( 0.0%) 
origfaces               24/65536        1344/3670016  ( 0.0%) 
facebrushes              0/0               0/0        ( 0.0%) 
facebrushlists          60/0             240/0        ( 0.0%) 
leaves                  78/65536        2496/2097152  ( 0.1%) 
leaffaces               60/65536         120/131072   ( 0.1%) 
leafbrushes             23/65536          46/131072   ( 0.0%) 
areas                    2/256            16/2048     ( 0.8%) 
surfedges              344/512000       1376/2048000  ( 0.1%) 
edges                  173/256000        692/1024000  ( 0.1%) 
LDR worldlights          0/8192            0/819200   ( 0.0%) 
HDR worldlights          0/8192            0/819200   ( 0.0%) 
leafwaterdata            0/32768           0/393216   ( 0.0%) 
waterstrips              0/32768           0/327680   ( 0.0%) 
waterverts               0/65536           0/786432   ( 0.0%) 
waterindices             0/65536           0/131072   ( 0.0%) 
cubemapsamples           0/1024            0/16384    ( 0.0%) 
overlays                 0/512             0/180224   ( 0.0%) 
LDR lightdata         [variable]      554600/0        ( 0.0%) 
HDR lightdata         [variable]           0/0        ( 0.0%) 
visdata               [variable]          44/16777216 ( 0.0%) 
entdata               [variable]       14937/393216   ( 3.8%) 
LDR ambient table       78/65536         312/262144   ( 0.1%) 
HDR ambient table       78/65536         312/262144   ( 0.1%) 
LDR leaf ambient        50/65536        1400/1835008  ( 0.1%) 
HDR leaf ambient        78/65536        2184/1835008  ( 0.1%) 
occluders                0/0               0/0        ( 0.0%) 
occluder polygons        0/0               0/0        ( 0.0%) 
occluder vert ind        0/0               0/0        ( 0.0%) 
detail props          [variable]           1/12       ( 8.3%) 
static props          [variable]           1/12       ( 8.3%) 
pakfile               [variable]       74462/0        ( 0.0%) 
physics               [variable]        6147/4194304  ( 0.1%) 
physics terrain       [variable]           2/1048576  ( 0.0%) 

Level flags = 1

Total triangle count: 128
Writing d:\steamlibrary\steamapps\common\portal 2\sdk_content\maps\custom maps\cd_special_stage\cd_special_stage.bsp
0 seconds elapsed



Using shader api: shaderapiempty.dll
materialPath: D:\SteamLibrary\steamapps\common\Portal 2\portal2\materials
Loading D:\SteamLibrary\steamapps\common\Portal 2\sdk_content\maps\custom maps\cd_special_stage\cd_special_stage.vmf
ConVarRef gpu_level doesn't point to an existing ConVar
fixing up env_cubemap materials on brush sides...
0...1...2...3...4...5...6...7...8...9...100...1...2...3...4...5...6...7...8...9...10Processing areas...done (0)
Building Faces...done (0)
FixTjuncs...
PruneNodes...
WriteBSP...
done (0)
writing D:\SteamLibrary\steamapps\common\Portal 2\sdk_content\maps\custom maps\cd_special_stage\cd_special_stage.prt...Building visibility clusters...
done (0)
Finding displacement neighbors...
Finding lightmap sample positions...
Displacement Alpha : 0...1...2...3...4...5...6...7...8...9...10
Building Physics collision data...
done (0) (6147 bytes)
Placing detail props : 0...1...2...3...4...5...6...7...8...9...10
Compacting texture/material tables...
Reduced 20 texinfos to 13
Reduced 3 texdatas to 3 (60 bytes to 60)
Writing D:\SteamLibrary\steamapps\common\Portal 2\sdk_content\maps\custom maps\cd_special_stage\cd_special_stage.bsp

nummapplanes:     (   122 / 65536 )
nummapbrushes:    (    13 /  8192 )
nummapbrushsides: (    78 / 65536 )
num_map_overlays: (     0 /   512 )
nummodels:        (     8 /  1024 )
num_entities:     (    44 / 16384 )

0 seconds elapsed



24 threads
reading d:\steamlibrary\steamapps\common\portal 2\sdk_content\maps\custom maps\cd_special_stage\cd_special_stage.bsp
reading d:\steamlibrary\steamapps\common\portal 2\sdk_content\maps\custom maps\cd_special_stage\cd_special_stage.prt
   4 portalclusters
   4 numportals
0...1...2...3...4...5...6...7...8...9...100...1...2...3...4...5...6...7...8...9...10Optimized: 0 visible clusters (0.00%)
Total clusters visible: 16
Average clusters visible: 4
Building PAS...
Average clusters audible: 4
visdatasize:44  compressed from 64
writing d:\steamlibrary\steamapps\common\portal 2\sdk_content\maps\custom maps\cd_special_stage\cd_special_stage.bsp
0 seconds elapsed



[Reading texlights from 'lights.rad']
[59 texlights parsed from 'lights.rad']

Loading d:\steamlibrary\steamapps\common\portal 2\sdk_content\maps\custom maps\cd_special_stage\cd_special_stage.bsp
60 faces
57345 square feet [8257792.00 square inches]
0 Displacements
0 Square Feet [0.00 Square Inches]
60 patches before subdivision
5352 patches after subdivision
0 direct lights
0...1...2...3...4...5...6...7...8...9...100...1...2...3...4...5...6...7...8...9...10transfers 595946, max 256
transfer lists:   4.5 megs
0...1...2...3...4...5...6...7...8...9...10	Bounce #1 added RGB(0, 0, 0)
Build Patch/Sample Hash Table(s).....Done<0.0007 sec>
0...1...2...3...4...5...6...7...8...9...10FinalLightFace Done
0 of 0 (0% of) surface lights went in leaf ambient cubes.
0...1...2...3...4...5...6...7...8...9...10Writing leaf ambient...done
Ready to Finish

Object names       Objects/Maxobjs  Memory / Maxmem  Fullness 
------------       ---------------  ---------------  -------- 
models                   8/1024          384/49152    ( 0.8%) 
brushes                 13/8192          156/98304    ( 0.2%) 
brushsides              78/65536         624/524288   ( 0.1%) 
planes                 122/65536        2440/1310720  ( 0.2%) 
vertexes                73/65536         876/786432   ( 0.1%) 
nodes                   69/65536        2208/2097152  ( 0.1%) 
texinfos                13/12288         936/884736   ( 0.1%) 
texdata                  3/2048           96/65536    ( 0.1%) 
dispinfos                0/0               0/0        ( 0.0%) 
disp_verts               0/0               0/0        ( 0.0%) 
disp_tris                0/0               0/0        ( 0.0%) 
disp_multiblend          0/0               0/0        ( 0.0%) 
disp_lmsamples           0/0               0/0        ( 0.0%) 
faces                   60/65536        3360/3670016  ( 0.1%) 
hdr faces                0/65536           0/3670016  ( 0.0%) 
origfaces               24/65536        1344/3670016  ( 0.0%) 
facebrushes              0/0               0/0        ( 0.0%) 
facebrushlists          60/0             240/0        ( 0.0%) 
leaves                  78/65536        2496/2097152  ( 0.1%) 
leaffaces               60/65536         120/131072   ( 0.1%) 
leafbrushes             23/65536          46/131072   ( 0.0%) 
areas                    2/256            16/2048     ( 0.8%) 
surfedges              344/512000       1376/2048000  ( 0.1%) 
edges                  173/256000        692/1024000  ( 0.1%) 
LDR worldlights          0/8192            0/819200   ( 0.0%) 
HDR worldlights          0/8192            0/819200   ( 0.0%) 
leafwaterdata            0/32768           0/393216   ( 0.0%) 
waterstrips              0/32768           0/327680   ( 0.0%) 
waterverts               0/65536           0/786432   ( 0.0%) 
waterindices             0/65536           0/131072   ( 0.0%) 
cubemapsamples           0/1024            0/16384    ( 0.0%) 
overlays                 0/512             0/180224   ( 0.0%) 
LDR lightdata         [variable]      554600/0        ( 0.0%) 
HDR lightdata         [variable]           0/0        ( 0.0%) 
visdata               [variable]          44/16777216 ( 0.0%) 
entdata               [variable]       14936/393216   ( 3.8%) 
LDR ambient table       78/65536         312/262144   ( 0.1%) 
HDR ambient table       78/65536         312/262144   ( 0.1%) 
LDR leaf ambient        50/65536        1400/1835008  ( 0.1%) 
HDR leaf ambient        78/65536        2184/1835008  ( 0.1%) 
occluders                0/0               0/0        ( 0.0%) 
occluder polygons        0/0               0/0        ( 0.0%) 
occluder vert ind        0/0               0/0        ( 0.0%) 
detail props          [variable]           1/12       ( 8.3%) 
static props          [variable]           1/12       ( 8.3%) 
pakfile               [variable]       74462/0        ( 0.0%) 
physics               [variable]        6147/4194304  ( 0.1%) 
physics terrain       [variable]           2/1048576  ( 0.0%) 

Level flags = 1

Total triangle count: 128
Writing d:\steamlibrary\steamapps\common\portal 2\sdk_content\maps\custom maps\cd_special_stage\cd_special_stage.bsp
0 seconds elapsed



Using shader api: shaderapiempty.dll
materialPath: D:\SteamLibrary\steamapps\common\Portal 2\portal2\materials
Loading D:\SteamLibrary\steamapps\common\Portal 2\sdk_content\maps\custom maps\cd_special_stage\cd_special_stage.vmf
ConVarRef gpu_level doesn't point to an existing ConVar
fixing up env_cubemap materials on brush sides...
0...1...2...3...4...5...6...7...8...9...100...1...2...3...4...5...6...7...8...9...10Processing areas...done (0)
Building Faces...done (0)
FixTjuncs...
PruneNodes...
WriteBSP...
done (0)
writing D:\SteamLibrary\steamapps\common\Portal 2\sdk_content\maps\custom maps\cd_special_stage\cd_special_stage.prt...Building visibility clusters...
done (0)
Finding displacement neighbors...
Finding lightmap sample positions...
Displacement Alpha : 0...1...2...3...4...5...6...7...8...9...10
Building Physics collision data...
done (0) (6147 bytes)
Placing detail props : 0...1...2...3...4...5...6...7...8...9...10
Compacting texture/material tables...
Reduced 20 texinfos to 13
Reduced 3 texdatas to 3 (60 bytes to 60)
Writing D:\SteamLibrary\steamapps\common\Portal 2\sdk_content\maps\custom maps\cd_special_stage\cd_special_stage.bsp

nummapplanes:     (   122 / 65536 )
nummapbrushes:    (    13 /  8192 )
nummapbrushsides: (    78 / 65536 )
num_map_overlays: (     0 /   512 )
nummodels:        (     8 /  1024 )
num_entities:     (    45 / 16384 )

0 seconds elapsed



24 threads
reading d:\steamlibrary\steamapps\common\portal 2\sdk_content\maps\custom maps\cd_special_stage\cd_special_stage.bsp
reading d:\steamlibrary\steamapps\common\portal 2\sdk_content\maps\custom maps\cd_special_stage\cd_special_stage.prt
   4 portalclusters
   4 numportals
0...1...2...3...4...5...6...7...8...9...100...1...2...3...4...5...6...7...8...9...10Optimized: 0 visible clusters (0.00%)
Total clusters visible: 16
Average clusters visible: 4
Building PAS...
Average clusters audible: 4
visdatasize:44  compressed from 64
writing d:\steamlibrary\steamapps\common\portal 2\sdk_content\maps\custom maps\cd_special_stage\cd_special_stage.bsp
0 seconds elapsed



[Reading texlights from 'lights.rad']
[59 texlights parsed from 'lights.rad']

Loading d:\steamlibrary\steamapps\common\portal 2\sdk_content\maps\custom maps\cd_special_stage\cd_special_stage.bsp
60 faces
57345 square feet [8257792.00 square inches]
0 Displacements
0 Square Feet [0.00 Square Inches]
60 patches before subdivision
5352 patches after subdivision
0 direct lights
0...1...2...3...4...5...6...7...8...9...100...1...2...3...4...5...6...7...8...9...10transfers 595946, max 256
transfer lists:   4.5 megs
0...1...2...3...4...5...6...7...8...9...10	Bounce #1 added RGB(0, 0, 0)
Build Patch/Sample Hash Table(s).....Done<0.0008 sec>
0...1...2...3...4...5...6...7...8...9...10FinalLightFace Done
0 of 0 (0% of) surface lights went in leaf ambient cubes.
0...1...2...3...4...5...6...7...8...9...10Writing leaf ambient...done
Ready to Finish

Object names       Objects/Maxobjs  Memory / Maxmem  Fullness 
------------       ---------------  ---------------  -------- 
models                   8/1024          384/49152    ( 0.8%) 
brushes                 13/8192          156/98304    ( 0.2%) 
brushsides              78/65536         624/524288   ( 0.1%) 
planes                 122/65536        2440/1310720  ( 0.2%) 
vertexes                73/65536         876/786432   ( 0.1%) 
nodes                   69/65536        2208/2097152  ( 0.1%) 
texinfos                13/12288         936/884736   ( 0.1%) 
texdata                  3/2048           96/65536    ( 0.1%) 
dispinfos                0/0               0/0        ( 0.0%) 
disp_verts               0/0               0/0        ( 0.0%) 
disp_tris                0/0               0/0        ( 0.0%) 
disp_multiblend          0/0               0/0        ( 0.0%) 
disp_lmsamples           0/0               0/0        ( 0.0%) 
faces                   60/65536        3360/3670016  ( 0.1%) 
hdr faces                0/65536           0/3670016  ( 0.0%) 
origfaces               24/65536        1344/3670016  ( 0.0%) 
facebrushes              0/0               0/0        ( 0.0%) 
facebrushlists          60/0             240/0        ( 0.0%) 
leaves                  78/65536        2496/2097152  ( 0.1%) 
leaffaces               60/65536         120/131072   ( 0.1%) 
leafbrushes             23/65536          46/131072   ( 0.0%) 
areas                    2/256            16/2048     ( 0.8%) 
surfedges              344/512000       1376/2048000  ( 0.1%) 
edges                  173/256000        692/1024000  ( 0.1%) 
LDR worldlights          0/8192            0/819200   ( 0.0%) 
HDR worldlights          0/8192            0/819200   ( 0.0%) 
leafwaterdata            0/32768           0/393216   ( 0.0%) 
waterstrips              0/32768           0/327680   ( 0.0%) 
waterverts               0/65536           0/786432   ( 0.0%) 
waterindices             0/65536           0/131072   ( 0.0%) 
cubemapsamples           0/1024            0/16384    ( 0.0%) 
overlays                 0/512             0/180224   ( 0.0%) 
LDR lightdata         [variable]      554600/0        ( 0.0%) 
HDR lightdata         [variable]           0/0        ( 0.0%) 
visdata               [variable]          44/16777216 ( 0.0%) 
entdata               [variable]       14578/393216   ( 3.7%) 
LDR ambient table       78/65536         312/262144   ( 0.1%) 
HDR ambient table       78/65536         312/262144   ( 0.1%) 
LDR leaf ambient        50/65536        1400/1835008  ( 0.1%) 
HDR leaf ambient        78/65536        2184/1835008  ( 0.1%) 
occluders                0/0               0/0        ( 0.0%) 
occluder polygons        0/0               0/0        ( 0.0%) 
occluder vert ind        0/0               0/0        ( 0.0%) 
detail props          [variable]           1/12       ( 8.3%) 
static props          [variable]           1/12       ( 8.3%) 
pakfile               [variable]       74462/0        ( 0.0%) 
physics               [variable]        6147/4194304  ( 0.1%) 
physics terrain       [variable]           2/1048576  ( 0.0%) 

Level flags = 1

Total triangle count: 128
Writing d:\steamlibrary\steamapps\common\portal 2\sdk_content\maps\custom maps\cd_special_stage\cd_special_stage.bsp
0 seconds elapsed



Using shader api: shaderapiempty.dll
materialPath: D:\SteamLibrary\steamapps\common\Portal 2\portal2\materials
Loading D:\SteamLibrary\steamapps\common\Portal 2\sdk_content\maps\custom maps\cd_special_stage\cd_special_stage.vmf
ConVarRef gpu_level doesn't point to an existing ConVar
fixing up env_cubemap materials on brush sides...
0...1...2...3...4...5...6...7...8...9...100...1...2...3...4...5...6...7...8...9...10Processing areas...done (0)
Building Faces...done (0)
FixTjuncs...
PruneNodes...
WriteBSP...
done (0)
writing D:\SteamLibrary\steamapps\common\Portal 2\sdk_content\maps\custom maps\cd_special_stage\cd_special_stage.prt...Building visibility clusters...
done (0)
Finding displacement neighbors...
Finding lightmap sample positions...
Displacement Alpha : 0...1...2...3...4...5...6...7...8...9...10
Building Physics collision data...
done (0) (6147 bytes)
Placing detail props : 0...1...2...3...4...5...6...7...8...9...10
Compacting texture/material tables...
Reduced 20 texinfos to 13
Reduced 3 texdatas to 3 (60 bytes to 60)
Writing D:\SteamLibrary\steamapps\common\Portal 2\sdk_content\maps\custom maps\cd_special_stage\cd_special_stage.bsp

nummapplanes:     (   122 / 65536 )
nummapbrushes:    (    13 /  8192 )
nummapbrushsides: (    78 / 65536 )
num_map_overlays: (     0 /   512 )
nummodels:        (     8 /  1024 )
num_entities:     (    45 / 16384 )

0 seconds elapsed



24 threads
reading d:\steamlibrary\steamapps\common\portal 2\sdk_content\maps\custom maps\cd_special_stage\cd_special_stage.bsp
reading d:\steamlibrary\steamapps\common\portal 2\sdk_content\maps\custom maps\cd_special_stage\cd_special_stage.prt
   4 portalclusters
   4 numportals
0...1...2...3...4...5...6...7...8...9...100...1...2...3...4...5...6...7...8...9...10Optimized: 0 visible clusters (0.00%)
Total clusters visible: 16
Average clusters visible: 4
Building PAS...
Average clusters audible: 4
visdatasize:44  compressed from 64
writing d:\steamlibrary\steamapps\common\portal 2\sdk_content\maps\custom maps\cd_special_stage\cd_special_stage.bsp
0 seconds elapsed



[Reading texlights from 'lights.rad']
[59 texlights parsed from 'lights.rad']

Loading d:\steamlibrary\steamapps\common\portal 2\sdk_content\maps\custom maps\cd_special_stage\cd_special_stage.bsp
60 faces
57345 square feet [8257792.00 square inches]
0 Displacements
0 Square Feet [0.00 Square Inches]
60 patches before subdivision
5352 patches after subdivision
0 direct lights
0...1...2...3...4...5...6...7...8...9...100...1...2...3...4...5...6...7...8...9...10transfers 595946, max 256
transfer lists:   4.5 megs
0...1...2...3...4...5...6...7...8...9...10	Bounce #1 added RGB(0, 0, 0)
Build Patch/Sample Hash Table(s).....Done<0.0008 sec>
0...1...2...3...4...5...6...7...8...9...10FinalLightFace Done
0 of 0 (0% of) surface lights went in leaf ambient cubes.
0...1...2...3...4...5...6...7...8...9...10Writing leaf ambient...done
Ready to Finish

Object names       Objects/Maxobjs  Memory / Maxmem  Fullness 
------------       ---------------  ---------------  -------- 
models                   8/1024          384/49152    ( 0.8%) 
brushes                 13/8192          156/98304    ( 0.2%) 
brushsides              78/65536         624/524288   ( 0.1%) 
planes                 122/65536        2440/1310720  ( 0.2%) 
vertexes                73/65536         876/786432   ( 0.1%) 
nodes                   69/65536        2208/2097152  ( 0.1%) 
texinfos                13/12288         936/884736   ( 0.1%) 
texdata                  3/2048           96/65536    ( 0.1%) 
dispinfos                0/0               0/0        ( 0.0%) 
disp_verts               0/0               0/0        ( 0.0%) 
disp_tris                0/0               0/0        ( 0.0%) 
disp_multiblend          0/0               0/0        ( 0.0%) 
disp_lmsamples           0/0               0/0        ( 0.0%) 
faces                   60/65536        3360/3670016  ( 0.1%) 
hdr faces                0/65536           0/3670016  ( 0.0%) 
origfaces               24/65536        1344/3670016  ( 0.0%) 
facebrushes              0/0               0/0        ( 0.0%) 
facebrushlists          60/0             240/0        ( 0.0%) 
leaves                  78/65536        2496/2097152  ( 0.1%) 
leaffaces               60/65536         120/131072   ( 0.1%) 
leafbrushes             23/65536          46/131072   ( 0.0%) 
areas                    2/256            16/2048     ( 0.8%) 
surfedges              344/512000       1376/2048000  ( 0.1%) 
edges                  173/256000        692/1024000  ( 0.1%) 
LDR worldlights          0/8192            0/819200   ( 0.0%) 
HDR worldlights          0/8192            0/819200   ( 0.0%) 
leafwaterdata            0/32768           0/393216   ( 0.0%) 
waterstrips              0/32768           0/327680   ( 0.0%) 
waterverts               0/65536           0/786432   ( 0.0%) 
waterindices             0/65536           0/131072   ( 0.0%) 
cubemapsamples           0/1024            0/16384    ( 0.0%) 
overlays                 0/512             0/180224   ( 0.0%) 
LDR lightdata         [variable]      554600/0        ( 0.0%) 
HDR lightdata         [variable]           0/0        ( 0.0%) 
visdata               [variable]          44/16777216 ( 0.0%) 
entdata               [variable]       14612/393216   ( 3.7%) 
LDR ambient table       78/65536         312/262144   ( 0.1%) 
HDR ambient table       78/65536         312/262144   ( 0.1%) 
LDR leaf ambient        50/65536        1400/1835008  ( 0.1%) 
HDR leaf ambient        78/65536        2184/1835008  ( 0.1%) 
occluders                0/0               0/0        ( 0.0%) 
occluder polygons        0/0               0/0        ( 0.0%) 
occluder vert ind        0/0               0/0        ( 0.0%) 
detail props          [variable]           1/12       ( 8.3%) 
static props          [variable]           1/12       ( 8.3%) 
pakfile               [variable]       74462/0        ( 0.0%) 
physics               [variable]        6147/4194304  ( 0.1%) 
physics terrain       [variable]           2/1048576  ( 0.0%) 

Level flags = 1

Total triangle count: 128
Writing d:\steamlibrary\steamapps\common\portal 2\sdk_content\maps\custom maps\cd_special_stage\cd_special_stage.bsp
0 seconds elapsed



Using shader api: shaderapiempty.dll
materialPath: D:\SteamLibrary\steamapps\common\Portal 2\portal2\materials
Loading D:\SteamLibrary\steamapps\common\Portal 2\sdk_content\maps\custom maps\cd_special_stage\cd_special_stage.vmf
ConVarRef gpu_level doesn't point to an existing ConVar
fixing up env_cubemap materials on brush sides...
0...1...2...3...4...5...6...7...8...9...100...1...2...3...4...5...6...7...8...9...10Processing areas...done (0)
Building Faces...done (0)
FixTjuncs...
PruneNodes...
WriteBSP...
done (0)
writing D:\SteamLibrary\steamapps\common\Portal 2\sdk_content\maps\custom maps\cd_special_stage\cd_special_stage.prt...Building visibility clusters...
done (0)
Finding displacement neighbors...
Finding lightmap sample positions...
Displacement Alpha : 0...1...2...3...4...5...6...7...8...9...10
Building Physics collision data...
done (0) (4489 bytes)
Placing detail props : 0...1...2...3...4...5...6...7...8...9...10
Compacting texture/material tables...
Reduced 12 texinfos to 10
Reduced 3 texdatas to 3 (60 bytes to 60)
Writing D:\SteamLibrary\steamapps\common\Portal 2\sdk_content\maps\custom maps\cd_special_stage\cd_special_stage.bsp

nummapplanes:     (    94 / 65536 )
nummapbrushes:    (    10 /  8192 )
nummapbrushsides: (    60 / 65536 )
num_map_overlays: (     0 /   512 )
nummodels:        (     5 /  1024 )
num_entities:     (    38 / 16384 )

0 seconds elapsed



24 threads
reading d:\steamlibrary\steamapps\common\portal 2\sdk_content\maps\custom maps\cd_special_stage\cd_special_stage.bsp
reading d:\steamlibrary\steamapps\common\portal 2\sdk_content\maps\custom maps\cd_special_stage\cd_special_stage.prt
   4 portalclusters
   4 numportals
0...1...2...3...4...5...6...7...8...9...100...1...2...3...4...5...6...7...8...9...10Optimized: 0 visible clusters (0.00%)
Total clusters visible: 16
Average clusters visible: 4
Building PAS...
Average clusters audible: 4
visdatasize:44  compressed from 64
writing d:\steamlibrary\steamapps\common\portal 2\sdk_content\maps\custom maps\cd_special_stage\cd_special_stage.bsp
0 seconds elapsed



[Reading texlights from 'lights.rad']
[59 texlights parsed from 'lights.rad']

Loading d:\steamlibrary\steamapps\common\portal 2\sdk_content\maps\custom maps\cd_special_stage\cd_special_stage.bsp
54 faces
57128 square feet [8226432.00 square inches]
0 Displacements
0 Square Feet [0.00 Square Inches]
54 patches before subdivision
5346 patches after subdivision
0 direct lights
0...1...2...3...4...5...6...7...8...9...100...1...2...3...4...5...6...7...8...9...10transfers 594634, max 256
transfer lists:   4.5 megs
0...1...2...3...4...5...6...7...8...9...10	Bounce #1 added RGB(0, 0, 0)
Build Patch/Sample Hash Table(s).....Done<0.0008 sec>
0...1...2...3...4...5...6...7...8...9...10FinalLightFace Done
0 of 0 (0% of) surface lights went in leaf ambient cubes.
0...1...2...3...4...5...6...7...8...9...10Writing leaf ambient...done
Ready to Finish

Object names       Objects/Maxobjs  Memory / Maxmem  Fullness 
------------       ---------------  ---------------  -------- 
models                   5/1024          240/49152    ( 0.5%) 
brushes                 10/8192          120/98304    ( 0.1%) 
brushsides              60/65536         480/524288   ( 0.1%) 
planes                  94/65536        1880/1310720  ( 0.1%) 
vertexes                65/65536         780/786432   ( 0.1%) 
nodes                   51/65536        1632/2097152  ( 0.1%) 
texinfos                10/12288         720/884736   ( 0.1%) 
texdata                  3/2048           96/65536    ( 0.1%) 
dispinfos                0/0               0/0        ( 0.0%) 
disp_verts               0/0               0/0        ( 0.0%) 
disp_tris                0/0               0/0        ( 0.0%) 
disp_multiblend          0/0               0/0        ( 0.0%) 
disp_lmsamples           0/0               0/0        ( 0.0%) 
faces                   54/65536        3024/3670016  ( 0.1%) 
hdr faces                0/65536           0/3670016  ( 0.0%) 
origfaces               18/65536        1008/3670016  ( 0.0%) 
facebrushes              0/0               0/0        ( 0.0%) 
facebrushlists          54/0             216/0        ( 0.0%) 
leaves                  57/65536        1824/2097152  ( 0.1%) 
leaffaces               54/65536         108/131072   ( 0.1%) 
leafbrushes             20/65536          40/131072   ( 0.0%) 
areas                    2/256            16/2048     ( 0.8%) 
surfedges              296/512000       1184/2048000  ( 0.1%) 
edges                  149/256000        596/1024000  ( 0.1%) 
LDR worldlights          0/8192            0/819200   ( 0.0%) 
HDR worldlights          0/8192            0/819200   ( 0.0%) 
leafwaterdata            0/32768           0/393216   ( 0.0%) 
waterstrips              0/32768           0/327680   ( 0.0%) 
waterverts               0/65536           0/786432   ( 0.0%) 
waterindices             0/65536           0/131072   ( 0.0%) 
cubemapsamples           0/1024            0/16384    ( 0.0%) 
overlays                 0/512             0/180224   ( 0.0%) 
LDR lightdata         [variable]      554600/0        ( 0.0%) 
HDR lightdata         [variable]           0/0        ( 0.0%) 
visdata               [variable]          44/16777216 ( 0.0%) 
entdata               [variable]       12123/393216   ( 3.1%) 
LDR ambient table       57/65536         228/262144   ( 0.1%) 
HDR ambient table       57/65536         228/262144   ( 0.1%) 
LDR leaf ambient        30/65536         840/1835008  ( 0.0%) 
HDR leaf ambient        57/65536        1596/1835008  ( 0.1%) 
occluders                0/0               0/0        ( 0.0%) 
occluder polygons        0/0               0/0        ( 0.0%) 
occluder vert ind        0/0               0/0        ( 0.0%) 
detail props          [variable]           1/12       ( 8.3%) 
static props          [variable]           1/12       ( 8.3%) 
pakfile               [variable]       74462/0        ( 0.0%) 
physics               [variable]        4489/4194304  ( 0.1%) 
physics terrain       [variable]           2/1048576  ( 0.0%) 

Level flags = 1

Total triangle count: 116
Writing d:\steamlibrary\steamapps\common\portal 2\sdk_content\maps\custom maps\cd_special_stage\cd_special_stage.bsp
0 seconds elapsed



Using shader api: shaderapiempty.dll
materialPath: D:\SteamLibrary\steamapps\common\Portal 2\portal2\materials
Loading D:\SteamLibrary\steamapps\common\Portal 2\sdk_content\maps\custom maps\cd_special_stage\cd_special_stage.vmf
ConVarRef gpu_level doesn't point to an existing ConVar
fixing up env_cubemap materials on brush sides...
0...1...2...3...4...5...6...7...8...9...100...1...2...3...4...5...6...7...8...9...10Processing areas...done (0)
Building Faces...done (0)
FixTjuncs...
PruneNodes...
WriteBSP...
done (0)
writing D:\SteamLibrary\steamapps\common\Portal 2\sdk_content\maps\custom maps\cd_special_stage\cd_special_stage.prt...Building visibility clusters...
done (0)
Finding displacement neighbors...
Finding lightmap sample positions...
Displacement Alpha : 0...1...2...3...4...5...6...7...8...9...10
Building Physics collision data...
done (0) (4489 bytes)
Placing detail props : 0...1...2...3...4...5...6...7...8...9...10
Compacting texture/material tables...
Reduced 12 texinfos to 10
Reduced 3 texdatas to 3 (60 bytes to 60)
Writing D:\SteamLibrary\steamapps\common\Portal 2\sdk_content\maps\custom maps\cd_special_stage\cd_special_stage.bsp

nummapplanes:     (    94 / 65536 )
nummapbrushes:    (    10 /  8192 )
nummapbrushsides: (    60 / 65536 )
num_map_overlays: (     0 /   512 )
nummodels:        (     5 /  1024 )
num_entities:     (    38 / 16384 )

0 seconds elapsed



24 threads
reading d:\steamlibrary\steamapps\common\portal 2\sdk_content\maps\custom maps\cd_special_stage\cd_special_stage.bsp
reading d:\steamlibrary\steamapps\common\portal 2\sdk_content\maps\custom maps\cd_special_stage\cd_special_stage.prt
   4 portalclusters
   4 numportals
0...1...2...3...4...5...6...7...8...9...100...1...2...3...4...5...6...7...8...9...10Optimized: 0 visible clusters (0.00%)
Total clusters visible: 16
Average clusters visible: 4
Building PAS...
Average clusters audible: 4
visdatasize:44  compressed from 64
writing d:\steamlibrary\steamapps\common\portal 2\sdk_content\maps\custom maps\cd_special_stage\cd_special_stage.bsp
0 seconds elapsed



[Reading texlights from 'lights.rad']
[59 texlights parsed from 'lights.rad']

Loading d:\steamlibrary\steamapps\common\portal 2\sdk_content\maps\custom maps\cd_special_stage\cd_special_stage.bsp
54 faces
57128 square feet [8226432.00 square inches]
0 Displacements
0 Square Feet [0.00 Square Inches]
54 patches before subdivision
5346 patches after subdivision
0 direct lights
0...1...2...3...4...5...6...7...8...9...100...1...2...3...4...5...6...7...8...9...10transfers 594634, max 256
transfer lists:   4.5 megs
0...1...2...3...4...5...6...7...8...9...10	Bounce #1 added RGB(0, 0, 0)
Build Patch/Sample Hash Table(s).....Done<0.0007 sec>
0...1...2...3...4...5...6...7...8...9...10FinalLightFace Done
0 of 0 (0% of) surface lights went in leaf ambient cubes.
0...1...2...3...4...5...6...7...8...9...10Writing leaf ambient...done
Ready to Finish

Object names       Objects/Maxobjs  Memory / Maxmem  Fullness 
------------       ---------------  ---------------  -------- 
models                   5/1024          240/49152    ( 0.5%) 
brushes                 10/8192          120/98304    ( 0.1%) 
brushsides              60/65536         480/524288   ( 0.1%) 
planes                  94/65536        1880/1310720  ( 0.1%) 
vertexes                65/65536         780/786432   ( 0.1%) 
nodes                   51/65536        1632/2097152  ( 0.1%) 
texinfos                10/12288         720/884736   ( 0.1%) 
texdata                  3/2048           96/65536    ( 0.1%) 
dispinfos                0/0               0/0        ( 0.0%) 
disp_verts               0/0               0/0        ( 0.0%) 
disp_tris                0/0               0/0        ( 0.0%) 
disp_multiblend          0/0               0/0        ( 0.0%) 
disp_lmsamples           0/0               0/0        ( 0.0%) 
faces                   54/65536        3024/3670016  ( 0.1%) 
hdr faces                0/65536           0/3670016  ( 0.0%) 
origfaces               18/65536        1008/3670016  ( 0.0%) 
facebrushes              0/0               0/0        ( 0.0%) 
facebrushlists          54/0             216/0        ( 0.0%) 
leaves                  57/65536        1824/2097152  ( 0.1%) 
leaffaces               54/65536         108/131072   ( 0.1%) 
leafbrushes             20/65536          40/131072   ( 0.0%) 
areas                    2/256            16/2048     ( 0.8%) 
surfedges              296/512000       1184/2048000  ( 0.1%) 
edges                  149/256000        596/1024000  ( 0.1%) 
LDR worldlights          0/8192            0/819200   ( 0.0%) 
HDR worldlights          0/8192            0/819200   ( 0.0%) 
leafwaterdata            0/32768           0/393216   ( 0.0%) 
waterstrips              0/32768           0/327680   ( 0.0%) 
waterverts               0/65536           0/786432   ( 0.0%) 
waterindices             0/65536           0/131072   ( 0.0%) 
cubemapsamples           0/1024            0/16384    ( 0.0%) 
overlays                 0/512             0/180224   ( 0.0%) 
LDR lightdata         [variable]      554600/0        ( 0.0%) 
HDR lightdata         [variable]           0/0        ( 0.0%) 
visdata               [variable]          44/16777216 ( 0.0%) 
entdata               [variable]       12114/393216   ( 3.1%) 
LDR ambient table       57/65536         228/262144   ( 0.1%) 
HDR ambient table       57/65536         228/262144   ( 0.1%) 
LDR leaf ambient        30/65536         840/1835008  ( 0.0%) 
HDR leaf ambient        57/65536        1596/1835008  ( 0.1%) 
occluders                0/0               0/0        ( 0.0%) 
occluder polygons        0/0               0/0        ( 0.0%) 
occluder vert ind        0/0               0/0        ( 0.0%) 
detail props          [variable]           1/12       ( 8.3%) 
static props          [variable]           1/12       ( 8.3%) 
pakfile               [variable]       74462/0        ( 0.0%) 
physics               [variable]        4489/4194304  ( 0.1%) 
physics terrain       [variable]           2/1048576  ( 0.0%) 

Level flags = 1

Total triangle count: 116
Writing d:\steamlibrary\steamapps\common\portal 2\sdk_content\maps\custom maps\cd_special_stage\cd_special_stage.bsp
0 seconds elapsed



Using shader api: shaderapiempty.dll
materialPath: D:\SteamLibrary\steamapps\common\Portal 2\portal2\materials
Loading D:\SteamLibrary\steamapps\common\Portal 2\sdk_content\maps\custom maps\cd_special_stage\cd_special_stage.vmf
ConVarRef gpu_level doesn't point to an existing ConVar
fixing up env_cubemap materials on brush sides...
0...1...2...3...4...5...6...7...8...9...100...1...2...3...4...5...6...7...8...9...10Processing areas...done (0)
Building Faces...done (0)
FixTjuncs...
PruneNodes...
WriteBSP...
done (0)
writing D:\SteamLibrary\steamapps\common\Portal 2\sdk_content\maps\custom maps\cd_special_stage\cd_special_stage.prt...Building visibility clusters...
done (0)
Finding displacement neighbors...
Finding lightmap sample positions...
Displacement Alpha : 0...1...2...3...4...5...6...7...8...9...10
Building Physics collision data...
done (0) (11121 bytes)
Placing detail props : 0...1...2...3...4...5...6...7...8...9...10
Compacting texture/material tables...
Reduced 12 texinfos to 10
Reduced 3 texdatas to 3 (60 bytes to 60)
Writing D:\SteamLibrary\steamapps\common\Portal 2\sdk_content\maps\custom maps\cd_special_stage\cd_special_stage.bsp

nummapplanes:     (    94 / 65536 )
nummapbrushes:    (    22 /  8192 )
nummapbrushsides: (   132 / 65536 )
num_map_overlays: (     0 /   512 )
nummodels:        (    17 /  1024 )
num_entities:     (   114 / 16384 )

0 seconds elapsed



24 threads
reading d:\steamlibrary\steamapps\common\portal 2\sdk_content\maps\custom maps\cd_special_stage\cd_special_stage.bsp
reading d:\steamlibrary\steamapps\common\portal 2\sdk_content\maps\custom maps\cd_special_stage\cd_special_stage.prt
   4 portalclusters
   4 numportals
0...1...2...3...4...5...6...7...8...9...100...1...2...3...4...5...6...7...8...9...10Optimized: 0 visible clusters (0.00%)
Total clusters visible: 16
Average clusters visible: 4
Building PAS...
Average clusters audible: 4
visdatasize:44  compressed from 64
writing d:\steamlibrary\steamapps\common\portal 2\sdk_content\maps\custom maps\cd_special_stage\cd_special_stage.bsp
0 seconds elapsed



[Reading texlights from 'lights.rad']
[59 texlights parsed from 'lights.rad']

Loading d:\steamlibrary\steamapps\common\portal 2\sdk_content\maps\custom maps\cd_special_stage\cd_special_stage.bsp
78 faces
57999 square feet [8351872.00 square inches]
0 Displacements
0 Square Feet [0.00 Square Inches]
78 patches before subdivision
5370 patches after subdivision
0 direct lights
0...1...2...3...4...5...6...7...8...9...100...1...2...3...4...5...6...7...8...9...10transfers 599726, max 256
transfer lists:   4.6 megs
0...1...2...3...4...5...6...7...8...9...10	Bounce #1 added RGB(0, 0, 0)
Build Patch/Sample Hash Table(s).....Done<0.0007 sec>
0...1...2...3...4...5...6...7...8...9...10FinalLightFace Done
0 of 0 (0% of) surface lights went in leaf ambient cubes.
0...1...2...3...4...5...6...7...8...9...10Writing leaf ambient...done
Ready to Finish

Object names       Objects/Maxobjs  Memory / Maxmem  Fullness 
------------       ---------------  ---------------  -------- 
models                  17/1024          816/49152    ( 1.7%) 
brushes                 22/8192          264/98304    ( 0.3%) 
brushsides             132/65536        1056/524288   ( 0.2%) 
planes                  94/65536        1880/1310720  ( 0.1%) 
vertexes                97/65536        1164/786432   ( 0.1%) 
nodes                  123/65536        3936/2097152  ( 0.2%) 
texinfos                10/12288         720/884736   ( 0.1%) 
texdata                  3/2048           96/65536    ( 0.1%) 
dispinfos                0/0               0/0        ( 0.0%) 
disp_verts               0/0               0/0        ( 0.0%) 
disp_tris                0/0               0/0        ( 0.0%) 
disp_multiblend          0/0               0/0        ( 0.0%) 
disp_lmsamples           0/0               0/0        ( 0.0%) 
faces                   78/65536        4368/3670016  ( 0.1%) 
hdr faces                0/65536           0/3670016  ( 0.0%) 
origfaces               42/65536        2352/3670016  ( 0.1%) 
facebrushes              0/0               0/0        ( 0.0%) 
facebrushlists          78/0             312/0        ( 0.0%) 
leaves                 141/65536        4512/2097152  ( 0.2%) 
leaffaces               78/65536         156/131072   ( 0.1%) 
leafbrushes             32/65536          64/131072   ( 0.0%) 
areas                    2/256            16/2048     ( 0.8%) 
surfedges              488/512000       1952/2048000  ( 0.1%) 
edges                  245/256000        980/1024000  ( 0.1%) 
LDR worldlights          0/8192            0/819200   ( 0.0%) 
HDR worldlights          0/8192            0/819200   ( 0.0%) 
leafwaterdata            0/32768           0/393216   ( 0.0%) 
waterstrips              0/32768           0/327680   ( 0.0%) 
waterverts               0/65536           0/786432   ( 0.0%) 
waterindices             0/65536           0/131072   ( 0.0%) 
cubemapsamples           0/1024            0/16384    ( 0.0%) 
overlays                 0/512             0/180224   ( 0.0%) 
LDR lightdata         [variable]      554600/0        ( 0.0%) 
HDR lightdata         [variable]           0/0        ( 0.0%) 
visdata               [variable]          44/16777216 ( 0.0%) 
entdata               [variable]       36541/393216   ( 9.3%) 
LDR ambient table      141/65536         564/262144   ( 0.2%) 
HDR ambient table      141/65536         564/262144   ( 0.2%) 
LDR leaf ambient       110/65536        3080/1835008  ( 0.2%) 
HDR leaf ambient       141/65536        3948/1835008  ( 0.2%) 
occluders                0/0               0/0        ( 0.0%) 
occluder polygons        0/0               0/0        ( 0.0%) 
occluder vert ind        0/0               0/0        ( 0.0%) 
detail props          [variable]           1/12       ( 8.3%) 
static props          [variable]           1/12       ( 8.3%) 
pakfile               [variable]       74462/0        ( 0.0%) 
physics               [variable]       11121/4194304  ( 0.3%) 
physics terrain       [variable]           2/1048576  ( 0.0%) 

Level flags = 1

Total triangle count: 164
Writing d:\steamlibrary\steamapps\common\portal 2\sdk_content\maps\custom maps\cd_special_stage\cd_special_stage.bsp
0 seconds elapsed



Using shader api: shaderapiempty.dll
materialPath: D:\SteamLibrary\steamapps\common\Portal 2\portal2\materials
Loading D:\SteamLibrary\steamapps\common\Portal 2\sdk_content\maps\custom maps\cd_special_stage\cd_special_stage.vmf
ConVarRef gpu_level doesn't point to an existing ConVar
fixing up env_cubemap materials on brush sides...
0...1...2...3...4...5...6...7...8...9...100...1...2...3...4...5...6...7...8...9...10Processing areas...done (0)
Building Faces...done (0)
FixTjuncs...
PruneNodes...
WriteBSP...
done (0)
writing D:\SteamLibrary\steamapps\common\Portal 2\sdk_content\maps\custom maps\cd_special_stage\cd_special_stage.prt...Building visibility clusters...
done (0)
Finding displacement neighbors...
Finding lightmap sample positions...
Displacement Alpha : 0...1...2...3...4...5...6...7...8...9...10
Building Physics collision data...
done (0) (11121 bytes)
Placing detail props : 0...1...2...3...4...5...6...7...8...9...10
Compacting texture/material tables...
Reduced 12 texinfos to 10
Reduced 3 texdatas to 3 (60 bytes to 60)
Writing D:\SteamLibrary\steamapps\common\Portal 2\sdk_content\maps\custom maps\cd_special_stage\cd_special_stage.bsp

nummapplanes:     (    94 / 65536 )
nummapbrushes:    (    22 /  8192 )
nummapbrushsides: (   132 / 65536 )
num_map_overlays: (     0 /   512 )
nummodels:        (    17 /  1024 )
num_entities:     (   114 / 16384 )

0 seconds elapsed



24 threads
reading d:\steamlibrary\steamapps\common\portal 2\sdk_content\maps\custom maps\cd_special_stage\cd_special_stage.bsp
reading d:\steamlibrary\steamapps\common\portal 2\sdk_content\maps\custom maps\cd_special_stage\cd_special_stage.prt
   4 portalclusters
   4 numportals
0...1...2...3...4...5...6...7...8...9...100...1...2...3...4...5...6...7...8...9...10Optimized: 0 visible clusters (0.00%)
Total clusters visible: 16
Average clusters visible: 4
Building PAS...
Average clusters audible: 4
visdatasize:44  compressed from 64
writing d:\steamlibrary\steamapps\common\portal 2\sdk_content\maps\custom maps\cd_special_stage\cd_special_stage.bsp
0 seconds elapsed



[Reading texlights from 'lights.rad']
[59 texlights parsed from 'lights.rad']

Loading d:\steamlibrary\steamapps\common\portal 2\sdk_content\maps\custom maps\cd_special_stage\cd_special_stage.bsp
78 faces
57999 square feet [8351872.00 square inches]
0 Displacements
0 Square Feet [0.00 Square Inches]
78 patches before subdivision
5370 patches after subdivision
0 direct lights
0...1...2...3...4...5...6...7...8...9...100...1...2...3...4...5...6...7...8...9...10transfers 599726, max 256
transfer lists:   4.6 megs
0...1...2...3...4...5...6...7...8...9...10	Bounce #1 added RGB(0, 0, 0)
Build Patch/Sample Hash Table(s).....Done<0.0007 sec>
0...1...2...3...4...5...6...7...8...9...10FinalLightFace Done
0 of 0 (0% of) surface lights went in leaf ambient cubes.
0...1...2...3...4...5...6...7...8...9...10Writing leaf ambient...done
Ready to Finish

Object names       Objects/Maxobjs  Memory / Maxmem  Fullness 
------------       ---------------  ---------------  -------- 
models                  17/1024          816/49152    ( 1.7%) 
brushes                 22/8192          264/98304    ( 0.3%) 
brushsides             132/65536        1056/524288   ( 0.2%) 
planes                  94/65536        1880/1310720  ( 0.1%) 
vertexes                97/65536        1164/786432   ( 0.1%) 
nodes                  123/65536        3936/2097152  ( 0.2%) 
texinfos                10/12288         720/884736   ( 0.1%) 
texdata                  3/2048           96/65536    ( 0.1%) 
dispinfos                0/0               0/0        ( 0.0%) 
disp_verts               0/0               0/0        ( 0.0%) 
disp_tris                0/0               0/0        ( 0.0%) 
disp_multiblend          0/0               0/0        ( 0.0%) 
disp_lmsamples           0/0               0/0        ( 0.0%) 
faces                   78/65536        4368/3670016  ( 0.1%) 
hdr faces                0/65536           0/3670016  ( 0.0%) 
origfaces               42/65536        2352/3670016  ( 0.1%) 
facebrushes              0/0               0/0        ( 0.0%) 
facebrushlists          78/0             312/0        ( 0.0%) 
leaves                 141/65536        4512/2097152  ( 0.2%) 
leaffaces               78/65536         156/131072   ( 0.1%) 
leafbrushes             32/65536          64/131072   ( 0.0%) 
areas                    2/256            16/2048     ( 0.8%) 
surfedges              488/512000       1952/2048000  ( 0.1%) 
edges                  245/256000        980/1024000  ( 0.1%) 
LDR worldlights          0/8192            0/819200   ( 0.0%) 
HDR worldlights          0/8192            0/819200   ( 0.0%) 
leafwaterdata            0/32768           0/393216   ( 0.0%) 
waterstrips              0/32768           0/327680   ( 0.0%) 
waterverts               0/65536           0/786432   ( 0.0%) 
waterindices             0/65536           0/131072   ( 0.0%) 
cubemapsamples           0/1024            0/16384    ( 0.0%) 
overlays                 0/512             0/180224   ( 0.0%) 
LDR lightdata         [variable]      554600/0        ( 0.0%) 
HDR lightdata         [variable]           0/0        ( 0.0%) 
visdata               [variable]          44/16777216 ( 0.0%) 
entdata               [variable]       36461/393216   ( 9.3%) 
LDR ambient table      141/65536         564/262144   ( 0.2%) 
HDR ambient table      141/65536         564/262144   ( 0.2%) 
LDR leaf ambient       110/65536        3080/1835008  ( 0.2%) 
HDR leaf ambient       141/65536        3948/1835008  ( 0.2%) 
occluders                0/0               0/0        ( 0.0%) 
occluder polygons        0/0               0/0        ( 0.0%) 
occluder vert ind        0/0               0/0        ( 0.0%) 
detail props          [variable]           1/12       ( 8.3%) 
static props          [variable]           1/12       ( 8.3%) 
pakfile               [variable]       74462/0        ( 0.0%) 
physics               [variable]       11121/4194304  ( 0.3%) 
physics terrain       [variable]           2/1048576  ( 0.0%) 

Level flags = 1

Total triangle count: 164
Writing d:\steamlibrary\steamapps\common\portal 2\sdk_content\maps\custom maps\cd_special_stage\cd_special_stage.bsp
0 seconds elapsed



Using shader api: shaderapiempty.dll
materialPath: D:\SteamLibrary\steamapps\common\Portal 2\portal2\materials
Loading D:\SteamLibrary\steamapps\common\Portal 2\sdk_content\maps\custom maps\cd_special_stage\cd_special_stage.vmf
ConVarRef gpu_level doesn't point to an existing ConVar
fixing up env_cubemap materials on brush sides...
0...1...2...3...4...5...6...7...8...9...100...1...2...3...4...5...6...7...8...9...10Processing areas...done (0)
Building Faces...done (0)
FixTjuncs...
PruneNodes...
WriteBSP...
done (0)
writing D:\SteamLibrary\steamapps\common\Portal 2\sdk_content\maps\custom maps\cd_special_stage\cd_special_stage.prt...Building visibility clusters...
done (0)
Finding displacement neighbors...
Finding lightmap sample positions...
Displacement Alpha : 0...1...2...3...4...5...6...7...8...9...10
Building Physics collision data...
done (0) (11121 bytes)
Placing detail props : 0...1...2...3...4...5...6...7...8...9...10
Compacting texture/material tables...
Reduced 12 texinfos to 10
Reduced 3 texdatas to 3 (60 bytes to 60)
Writing D:\SteamLibrary\steamapps\common\Portal 2\sdk_content\maps\custom maps\cd_special_stage\cd_special_stage.bsp

nummapplanes:     (    94 / 65536 )
nummapbrushes:    (    22 /  8192 )
nummapbrushsides: (   132 / 65536 )
num_map_overlays: (     0 /   512 )
nummodels:        (    17 /  1024 )
num_entities:     (   114 / 16384 )

0 seconds elapsed



24 threads
reading d:\steamlibrary\steamapps\common\portal 2\sdk_content\maps\custom maps\cd_special_stage\cd_special_stage.bsp
reading d:\steamlibrary\steamapps\common\portal 2\sdk_content\maps\custom maps\cd_special_stage\cd_special_stage.prt
   4 portalclusters
   4 numportals
0...1...2...3...4...5...6...7...8...9...100...1...2...3...4...5...6...7...8...9...10Optimized: 0 visible clusters (0.00%)
Total clusters visible: 16
Average clusters visible: 4
Building PAS...
Average clusters audible: 4
visdatasize:44  compressed from 64
writing d:\steamlibrary\steamapps\common\portal 2\sdk_content\maps\custom maps\cd_special_stage\cd_special_stage.bsp
0 seconds elapsed



[Reading texlights from 'lights.rad']
[59 texlights parsed from 'lights.rad']

Loading d:\steamlibrary\steamapps\common\portal 2\sdk_content\maps\custom maps\cd_special_stage\cd_special_stage.bsp
78 faces
57999 square feet [8351872.00 square inches]
0 Displacements
0 Square Feet [0.00 Square Inches]
78 patches before subdivision
5370 patches after subdivision
0 direct lights
0...1...2...3...4...5...6...7...8...9...100...1...2...3...4...5...6...7...8...9...10transfers 599726, max 256
transfer lists:   4.6 megs
0...1...2...3...4...5...6...7...8...9...10	Bounce #1 added RGB(0, 0, 0)
Build Patch/Sample Hash Table(s).....Done<0.0007 sec>
0...1...2...3...4...5...6...7...8...9...10FinalLightFace Done
0 of 0 (0% of) surface lights went in leaf ambient cubes.
0...1...2...3...4...5...6...7...8...9...10Writing leaf ambient...done
Ready to Finish

Object names       Objects/Maxobjs  Memory / Maxmem  Fullness 
------------       ---------------  ---------------  -------- 
models                  17/1024          816/49152    ( 1.7%) 
brushes                 22/8192          264/98304    ( 0.3%) 
brushsides             132/65536        1056/524288   ( 0.2%) 
planes                  94/65536        1880/1310720  ( 0.1%) 
vertexes                97/65536        1164/786432   ( 0.1%) 
nodes                  123/65536        3936/2097152  ( 0.2%) 
texinfos                10/12288         720/884736   ( 0.1%) 
texdata                  3/2048           96/65536    ( 0.1%) 
dispinfos                0/0               0/0        ( 0.0%) 
disp_verts               0/0               0/0        ( 0.0%) 
disp_tris                0/0               0/0        ( 0.0%) 
disp_multiblend          0/0               0/0        ( 0.0%) 
disp_lmsamples           0/0               0/0        ( 0.0%) 
faces                   78/65536        4368/3670016  ( 0.1%) 
hdr faces                0/65536           0/3670016  ( 0.0%) 
origfaces               42/65536        2352/3670016  ( 0.1%) 
facebrushes              0/0               0/0        ( 0.0%) 
facebrushlists          78/0             312/0        ( 0.0%) 
leaves                 141/65536        4512/2097152  ( 0.2%) 
leaffaces               78/65536         156/131072   ( 0.1%) 
leafbrushes             32/65536          64/131072   ( 0.0%) 
areas                    2/256            16/2048     ( 0.8%) 
surfedges              488/512000       1952/2048000  ( 0.1%) 
edges                  245/256000        980/1024000  ( 0.1%) 
LDR worldlights          0/8192            0/819200   ( 0.0%) 
HDR worldlights          0/8192            0/819200   ( 0.0%) 
leafwaterdata            0/32768           0/393216   ( 0.0%) 
waterstrips              0/32768           0/327680   ( 0.0%) 
waterverts               0/65536           0/786432   ( 0.0%) 
waterindices             0/65536           0/131072   ( 0.0%) 
cubemapsamples           0/1024            0/16384    ( 0.0%) 
overlays                 0/512             0/180224   ( 0.0%) 
LDR lightdata         [variable]      554600/0        ( 0.0%) 
HDR lightdata         [variable]           0/0        ( 0.0%) 
visdata               [variable]          44/16777216 ( 0.0%) 
entdata               [variable]       36541/393216   ( 9.3%) 
LDR ambient table      141/65536         564/262144   ( 0.2%) 
HDR ambient table      141/65536         564/262144   ( 0.2%) 
LDR leaf ambient       110/65536        3080/1835008  ( 0.2%) 
HDR leaf ambient       141/65536        3948/1835008  ( 0.2%) 
occluders                0/0               0/0        ( 0.0%) 
occluder polygons        0/0               0/0        ( 0.0%) 
occluder vert ind        0/0               0/0        ( 0.0%) 
detail props          [variable]           1/12       ( 8.3%) 
static props          [variable]           1/12       ( 8.3%) 
pakfile               [variable]       74462/0        ( 0.0%) 
physics               [variable]       11121/4194304  ( 0.3%) 
physics terrain       [variable]           2/1048576  ( 0.0%) 

Level flags = 1

Total triangle count: 164
Writing d:\steamlibrary\steamapps\common\portal 2\sdk_content\maps\custom maps\cd_special_stage\cd_special_stage.bsp
0 seconds elapsed



Using shader api: shaderapiempty.dll
materialPath: D:\SteamLibrary\steamapps\common\Portal 2\portal2\materials
Loading D:\SteamLibrary\steamapps\common\Portal 2\sdk_content\maps\custom maps\cd_special_stage\cd_special_stage.vmf
ConVarRef gpu_level doesn't point to an existing ConVar
fixing up env_cubemap materials on brush sides...
0...1...2...3...4...5...6...7...8...9...100...1...2...3...4...5...6...7...8...9...10Processing areas...done (0)
Building Faces...done (0)
FixTjuncs...
PruneNodes...
WriteBSP...
done (0)
writing D:\SteamLibrary\steamapps\common\Portal 2\sdk_content\maps\custom maps\cd_special_stage\cd_special_stage.prt...Building visibility clusters...
done (0)
Finding displacement neighbors...
Finding lightmap sample positions...
Displacement Alpha : 0...1...2...3...4...5...6...7...8...9...10
Building Physics collision data...
done (0) (11121 bytes)
Placing detail props : 0...1...2...3...4...5...6...7...8...9...10
Compacting texture/material tables...
Reduced 12 texinfos to 10
Reduced 3 texdatas to 3 (60 bytes to 60)
Writing D:\SteamLibrary\steamapps\common\Portal 2\sdk_content\maps\custom maps\cd_special_stage\cd_special_stage.bsp

nummapplanes:     (    94 / 65536 )
nummapbrushes:    (    22 /  8192 )
nummapbrushsides: (   132 / 65536 )
num_map_overlays: (     0 /   512 )
nummodels:        (    17 /  1024 )
num_entities:     (   114 / 16384 )

0 seconds elapsed



24 threads
reading d:\steamlibrary\steamapps\common\portal 2\sdk_content\maps\custom maps\cd_special_stage\cd_special_stage.bsp
reading d:\steamlibrary\steamapps\common\portal 2\sdk_content\maps\custom maps\cd_special_stage\cd_special_stage.prt
   4 portalclusters
   4 numportals
0...1...2...3...4...5...6...7...8...9...100...1...2...3...4...5...6...7...8...9...10Optimized: 0 visible clusters (0.00%)
Total clusters visible: 16
Average clusters visible: 4
Building PAS...
Average clusters audible: 4
visdatasize:44  compressed from 64
writing d:\steamlibrary\steamapps\common\portal 2\sdk_content\maps\custom maps\cd_special_stage\cd_special_stage.bsp
0 seconds elapsed



[Reading texlights from 'lights.rad']
[59 texlights parsed from 'lights.rad']

Loading d:\steamlibrary\steamapps\common\portal 2\sdk_content\maps\custom maps\cd_special_stage\cd_special_stage.bsp
78 faces
57999 square feet [8351872.00 square inches]
0 Displacements
0 Square Feet [0.00 Square Inches]
78 patches before subdivision
5370 patches after subdivision
0 direct lights
0...1...2...3...4...5...6...7...8...9...100...1...2...3...4...5...6...7...8...9...10transfers 599726, max 256
transfer lists:   4.6 megs
0...1...2...3...4...5...6...7...8...9...10	Bounce #1 added RGB(0, 0, 0)
Build Patch/Sample Hash Table(s).....Done<0.0007 sec>
0...1...2...3...4...5...6...7...8...9...10FinalLightFace Done
0 of 0 (0% of) surface lights went in leaf ambient cubes.
0...1...2...3...4...5...6...7...8...9...10Writing leaf ambient...done
Ready to Finish

Object names       Objects/Maxobjs  Memory / Maxmem  Fullness 
------------       ---------------  ---------------  -------- 
models                  17/1024          816/49152    ( 1.7%) 
brushes                 22/8192          264/98304    ( 0.3%) 
brushsides             132/65536        1056/524288   ( 0.2%) 
planes                  94/65536        1880/1310720  ( 0.1%) 
vertexes                97/65536        1164/786432   ( 0.1%) 
nodes                  123/65536        3936/2097152  ( 0.2%) 
texinfos                10/12288         720/884736   ( 0.1%) 
texdata                  3/2048           96/65536    ( 0.1%) 
dispinfos                0/0               0/0        ( 0.0%) 
disp_verts               0/0               0/0        ( 0.0%) 
disp_tris                0/0               0/0        ( 0.0%) 
disp_multiblend          0/0               0/0        ( 0.0%) 
disp_lmsamples           0/0               0/0        ( 0.0%) 
faces                   78/65536        4368/3670016  ( 0.1%) 
hdr faces                0/65536           0/3670016  ( 0.0%) 
origfaces               42/65536        2352/3670016  ( 0.1%) 
facebrushes              0/0               0/0        ( 0.0%) 
facebrushlists          78/0             312/0        ( 0.0%) 
leaves                 141/65536        4512/2097152  ( 0.2%) 
leaffaces               78/65536         156/131072   ( 0.1%) 
leafbrushes             32/65536          64/131072   ( 0.0%) 
areas                    2/256            16/2048     ( 0.8%) 
surfedges              488/512000       1952/2048000  ( 0.1%) 
edges                  245/256000        980/1024000  ( 0.1%) 
LDR worldlights          0/8192            0/819200   ( 0.0%) 
HDR worldlights          0/8192            0/819200   ( 0.0%) 
leafwaterdata            0/32768           0/393216   ( 0.0%) 
waterstrips              0/32768           0/327680   ( 0.0%) 
waterverts               0/65536           0/786432   ( 0.0%) 
waterindices             0/65536           0/131072   ( 0.0%) 
cubemapsamples           0/1024            0/16384    ( 0.0%) 
overlays                 0/512             0/180224   ( 0.0%) 
LDR lightdata         [variable]      554600/0        ( 0.0%) 
HDR lightdata         [variable]           0/0        ( 0.0%) 
visdata               [variable]          44/16777216 ( 0.0%) 
entdata               [variable]       36541/393216   ( 9.3%) 
LDR ambient table      141/65536         564/262144   ( 0.2%) 
HDR ambient table      141/65536         564/262144   ( 0.2%) 
LDR leaf ambient       110/65536        3080/1835008  ( 0.2%) 
HDR leaf ambient       141/65536        3948/1835008  ( 0.2%) 
occluders                0/0               0/0        ( 0.0%) 
occluder polygons        0/0               0/0        ( 0.0%) 
occluder vert ind        0/0               0/0        ( 0.0%) 
detail props          [variable]           1/12       ( 8.3%) 
static props          [variable]           1/12       ( 8.3%) 
pakfile               [variable]       74462/0        ( 0.0%) 
physics               [variable]       11121/4194304  ( 0.3%) 
physics terrain       [variable]           2/1048576  ( 0.0%) 

Level flags = 1

Total triangle count: 164
Writing d:\steamlibrary\steamapps\common\portal 2\sdk_content\maps\custom maps\cd_special_stage\cd_special_stage.bsp
0 seconds elapsed



Using shader api: shaderapiempty.dll
materialPath: D:\SteamLibrary\steamapps\common\Portal 2\portal2\materials
Loading D:\SteamLibrary\steamapps\common\Portal 2\sdk_content\maps\custom maps\cd_special_stage\cd_special_stage.vmf
ConVarRef gpu_level doesn't point to an existing ConVar
fixing up env_cubemap materials on brush sides...
0...1...2...3...4...5...6...7...8...9...100...1...2...3...4...5...6...7...8...9...10Processing areas...done (0)
Building Faces...done (0)
FixTjuncs...
PruneNodes...
WriteBSP...
done (0)
writing D:\SteamLibrary\steamapps\common\Portal 2\sdk_content\maps\custom maps\cd_special_stage\cd_special_stage.prt...Building visibility clusters...
done (0)
Finding displacement neighbors...
Finding lightmap sample positions...
Displacement Alpha : 0...1...2...3...4...5...6...7...8...9...10
Building Physics collision data...
done (0) (11121 bytes)
Placing detail props : 0...1...2...3...4...5...6...7...8...9...10
Compacting texture/material tables...
Reduced 12 texinfos to 10
Reduced 3 texdatas to 3 (60 bytes to 60)
Writing D:\SteamLibrary\steamapps\common\Portal 2\sdk_content\maps\custom maps\cd_special_stage\cd_special_stage.bsp

nummapplanes:     (    94 / 65536 )
nummapbrushes:    (    22 /  8192 )
nummapbrushsides: (   132 / 65536 )
num_map_overlays: (     0 /   512 )
nummodels:        (    17 /  1024 )
num_entities:     (   115 / 16384 )

0 seconds elapsed



24 threads
reading d:\steamlibrary\steamapps\common\portal 2\sdk_content\maps\custom maps\cd_special_stage\cd_special_stage.bsp
reading d:\steamlibrary\steamapps\common\portal 2\sdk_content\maps\custom maps\cd_special_stage\cd_special_stage.prt
   4 portalclusters
   4 numportals
0...1...2...3...4...5...6...7...8...9...100...1...2...3...4...5...6...7...8...9...10Optimized: 0 visible clusters (0.00%)
Total clusters visible: 16
Average clusters visible: 4
Building PAS...
Average clusters audible: 4
visdatasize:44  compressed from 64
writing d:\steamlibrary\steamapps\common\portal 2\sdk_content\maps\custom maps\cd_special_stage\cd_special_stage.bsp
0 seconds elapsed



[Reading texlights from 'lights.rad']
[59 texlights parsed from 'lights.rad']

Loading d:\steamlibrary\steamapps\common\portal 2\sdk_content\maps\custom maps\cd_special_stage\cd_special_stage.bsp
78 faces
57999 square feet [8351872.00 square inches]
0 Displacements
0 Square Feet [0.00 Square Inches]
78 patches before subdivision
5370 patches after subdivision
0 direct lights
0...1...2...3...4...5...6...7...8...9...100...1...2...3...4...5...6...7...8...9...10transfers 599726, max 256
transfer lists:   4.6 megs
0...1...2...3...4...5...6...7...8...9...10	Bounce #1 added RGB(0, 0, 0)
Build Patch/Sample Hash Table(s).....Done<0.0007 sec>
0...1...2...3...4...5...6...7...8...9...10FinalLightFace Done
0 of 0 (0% of) surface lights went in leaf ambient cubes.
0...1...2...3...4...5...6...7...8...9...10Writing leaf ambient...done
Ready to Finish

Object names       Objects/Maxobjs  Memory / Maxmem  Fullness 
------------       ---------------  ---------------  -------- 
models                  17/1024          816/49152    ( 1.7%) 
brushes                 22/8192          264/98304    ( 0.3%) 
brushsides             132/65536        1056/524288   ( 0.2%) 
planes                  94/65536        1880/1310720  ( 0.1%) 
vertexes                97/65536        1164/786432   ( 0.1%) 
nodes                  123/65536        3936/2097152  ( 0.2%) 
texinfos                10/12288         720/884736   ( 0.1%) 
texdata                  3/2048           96/65536    ( 0.1%) 
dispinfos                0/0               0/0        ( 0.0%) 
disp_verts               0/0               0/0        ( 0.0%) 
disp_tris                0/0               0/0        ( 0.0%) 
disp_multiblend          0/0               0/0        ( 0.0%) 
disp_lmsamples           0/0               0/0        ( 0.0%) 
faces                   78/65536        4368/3670016  ( 0.1%) 
hdr faces                0/65536           0/3670016  ( 0.0%) 
origfaces               42/65536        2352/3670016  ( 0.1%) 
facebrushes              0/0               0/0        ( 0.0%) 
facebrushlists          78/0             312/0        ( 0.0%) 
leaves                 141/65536        4512/2097152  ( 0.2%) 
leaffaces               78/65536         156/131072   ( 0.1%) 
leafbrushes             32/65536          64/131072   ( 0.0%) 
areas                    2/256            16/2048     ( 0.8%) 
surfedges              488/512000       1952/2048000  ( 0.1%) 
edges                  245/256000        980/1024000  ( 0.1%) 
LDR worldlights          0/8192            0/819200   ( 0.0%) 
HDR worldlights          0/8192            0/819200   ( 0.0%) 
leafwaterdata            0/32768           0/393216   ( 0.0%) 
waterstrips              0/32768           0/327680   ( 0.0%) 
waterverts               0/65536           0/786432   ( 0.0%) 
waterindices             0/65536           0/131072   ( 0.0%) 
cubemapsamples           0/1024            0/16384    ( 0.0%) 
overlays                 0/512             0/180224   ( 0.0%) 
LDR lightdata         [variable]      554600/0        ( 0.0%) 
HDR lightdata         [variable]           0/0        ( 0.0%) 
visdata               [variable]          44/16777216 ( 0.0%) 
entdata               [variable]       37139/393216   ( 9.4%) 
LDR ambient table      141/65536         564/262144   ( 0.2%) 
HDR ambient table      141/65536         564/262144   ( 0.2%) 
LDR leaf ambient       110/65536        3080/1835008  ( 0.2%) 
HDR leaf ambient       141/65536        3948/1835008  ( 0.2%) 
occluders                0/0               0/0        ( 0.0%) 
occluder polygons        0/0               0/0        ( 0.0%) 
occluder vert ind        0/0               0/0        ( 0.0%) 
detail props          [variable]           1/12       ( 8.3%) 
static props          [variable]           1/12       ( 8.3%) 
pakfile               [variable]       74462/0        ( 0.0%) 
physics               [variable]       11121/4194304  ( 0.3%) 
physics terrain       [variable]           2/1048576  ( 0.0%) 

Level flags = 1

Total triangle count: 164
Writing d:\steamlibrary\steamapps\common\portal 2\sdk_content\maps\custom maps\cd_special_stage\cd_special_stage.bsp
0 seconds elapsed



Using shader api: shaderapiempty.dll
materialPath: D:\SteamLibrary\steamapps\common\Portal 2\portal2\materials
Loading D:\SteamLibrary\steamapps\common\Portal 2\sdk_content\maps\custom maps\cd_special_stage\cd_special_stage.vmf
ConVarRef gpu_level doesn't point to an existing ConVar
fixing up env_cubemap materials on brush sides...
0...1...2...3...4...5...6...7...8...9...100...1...2...3...4...5...6...7...8...9...10Processing areas...done (0)
Building Faces...done (0)
FixTjuncs...
PruneNodes...
WriteBSP...
done (0)
writing D:\SteamLibrary\steamapps\common\Portal 2\sdk_content\maps\custom maps\cd_special_stage\cd_special_stage.prt...Building visibility clusters...
done (0)
Finding displacement neighbors...
Finding lightmap sample positions...
Displacement Alpha : 0...1...2...3...4...5...6...7...8...9...10
Building Physics collision data...
done (0) (11121 bytes)
Placing detail props : 0...1...2...3...4...5...6...7...8...9...10
Compacting texture/material tables...
Reduced 12 texinfos to 10
Reduced 3 texdatas to 3 (60 bytes to 60)
Writing D:\SteamLibrary\steamapps\common\Portal 2\sdk_content\maps\custom maps\cd_special_stage\cd_special_stage.bsp

nummapplanes:     (    94 / 65536 )
nummapbrushes:    (    22 /  8192 )
nummapbrushsides: (   132 / 65536 )
num_map_overlays: (     0 /   512 )
nummodels:        (    17 /  1024 )
num_entities:     (   116 / 16384 )

0 seconds elapsed



24 threads
reading d:\steamlibrary\steamapps\common\portal 2\sdk_content\maps\custom maps\cd_special_stage\cd_special_stage.bsp
reading d:\steamlibrary\steamapps\common\portal 2\sdk_content\maps\custom maps\cd_special_stage\cd_special_stage.prt
   4 portalclusters
   4 numportals
0...1...2...3...4...5...6...7...8...9...100...1...2...3...4...5...6...7...8...9...10Optimized: 0 visible clusters (0.00%)
Total clusters visible: 16
Average clusters visible: 4
Building PAS...
Average clusters audible: 4
visdatasize:44  compressed from 64
writing d:\steamlibrary\steamapps\common\portal 2\sdk_content\maps\custom maps\cd_special_stage\cd_special_stage.bsp
0 seconds elapsed



[Reading texlights from 'lights.rad']
[59 texlights parsed from 'lights.rad']

Loading d:\steamlibrary\steamapps\common\portal 2\sdk_content\maps\custom maps\cd_special_stage\cd_special_stage.bsp
78 faces
57999 square feet [8351872.00 square inches]
0 Displacements
0 Square Feet [0.00 Square Inches]
78 patches before subdivision
5370 patches after subdivision
0 direct lights
0...1...2...3...4...5...6...7...8...9...100...1...2...3...4...5...6...7...8...9...10transfers 599726, max 256
transfer lists:   4.6 megs
0...1...2...3...4...5...6...7...8...9...10	Bounce #1 added RGB(0, 0, 0)
Build Patch/Sample Hash Table(s).....Done<0.0006 sec>
0...1...2...3...4...5...6...7...8...9...10FinalLightFace Done
0 of 0 (0% of) surface lights went in leaf ambient cubes.
0...1...2...3...4...5...6...7...8...9...10Writing leaf ambient...done
Ready to Finish

Object names       Objects/Maxobjs  Memory / Maxmem  Fullness 
------------       ---------------  ---------------  -------- 
models                  17/1024          816/49152    ( 1.7%) 
brushes                 22/8192          264/98304    ( 0.3%) 
brushsides             132/65536        1056/524288   ( 0.2%) 
planes                  94/65536        1880/1310720  ( 0.1%) 
vertexes                97/65536        1164/786432   ( 0.1%) 
nodes                  123/65536        3936/2097152  ( 0.2%) 
texinfos                10/12288         720/884736   ( 0.1%) 
texdata                  3/2048           96/65536    ( 0.1%) 
dispinfos                0/0               0/0        ( 0.0%) 
disp_verts               0/0               0/0        ( 0.0%) 
disp_tris                0/0               0/0        ( 0.0%) 
disp_multiblend          0/0               0/0        ( 0.0%) 
disp_lmsamples           0/0               0/0        ( 0.0%) 
faces                   78/65536        4368/3670016  ( 0.1%) 
hdr faces                0/65536           0/3670016  ( 0.0%) 
origfaces               42/65536        2352/3670016  ( 0.1%) 
facebrushes              0/0               0/0        ( 0.0%) 
facebrushlists          78/0             312/0        ( 0.0%) 
leaves                 141/65536        4512/2097152  ( 0.2%) 
leaffaces               78/65536         156/131072   ( 0.1%) 
leafbrushes             32/65536          64/131072   ( 0.0%) 
areas                    2/256            16/2048     ( 0.8%) 
surfedges              488/512000       1952/2048000  ( 0.1%) 
edges                  245/256000        980/1024000  ( 0.1%) 
LDR worldlights          0/8192            0/819200   ( 0.0%) 
HDR worldlights          0/8192            0/819200   ( 0.0%) 
leafwaterdata            0/32768           0/393216   ( 0.0%) 
waterstrips              0/32768           0/327680   ( 0.0%) 
waterverts               0/65536           0/786432   ( 0.0%) 
waterindices             0/65536           0/131072   ( 0.0%) 
cubemapsamples           0/1024            0/16384    ( 0.0%) 
overlays                 0/512             0/180224   ( 0.0%) 
LDR lightdata         [variable]      554600/0        ( 0.0%) 
HDR lightdata         [variable]           0/0        ( 0.0%) 
visdata               [variable]          44/16777216 ( 0.0%) 
entdata               [variable]       37330/393216   ( 9.5%) 
LDR ambient table      141/65536         564/262144   ( 0.2%) 
HDR ambient table      141/65536         564/262144   ( 0.2%) 
LDR leaf ambient       110/65536        3080/1835008  ( 0.2%) 
HDR leaf ambient       141/65536        3948/1835008  ( 0.2%) 
occluders                0/0               0/0        ( 0.0%) 
occluder polygons        0/0               0/0        ( 0.0%) 
occluder vert ind        0/0               0/0        ( 0.0%) 
detail props          [variable]           1/12       ( 8.3%) 
static props          [variable]           1/12       ( 8.3%) 
pakfile               [variable]       74462/0        ( 0.0%) 
physics               [variable]       11121/4194304  ( 0.3%) 
physics terrain       [variable]           2/1048576  ( 0.0%) 

Level flags = 1

Total triangle count: 164
Writing d:\steamlibrary\steamapps\common\portal 2\sdk_content\maps\custom maps\cd_special_stage\cd_special_stage.bsp
0 seconds elapsed



Using shader api: shaderapiempty.dll
materialPath: D:\SteamLibrary\steamapps\common\Portal 2\portal2\materials
Loading D:\SteamLibrary\steamapps\common\Portal 2\sdk_content\maps\custom maps\cd_special_stage\cd_special_stage.vmf
ConVarRef gpu_level doesn't point to an existing ConVar
fixing up env_cubemap materials on brush sides...
0...1...2...3...4...5...6...7...8...9...100...1...2...3...4...5...6...7...8...9...10Processing areas...done (0)
Building Faces...done (0)
FixTjuncs...
PruneNodes...
WriteBSP...
done (0)
writing D:\SteamLibrary\steamapps\common\Portal 2\sdk_content\maps\custom maps\cd_special_stage\cd_special_stage.prt...Building visibility clusters...
done (0)
Finding displacement neighbors...
Finding lightmap sample positions...
Displacement Alpha : 0...1...2...3...4...5...6...7...8...9...10
Building Physics collision data...
done (0) (11121 bytes)
Placing detail props : 0...1...2...3...4...5...6...7...8...9...10
Compacting texture/material tables...
Reduced 12 texinfos to 10
Reduced 3 texdatas to 3 (60 bytes to 60)
Writing D:\SteamLibrary\steamapps\common\Portal 2\sdk_content\maps\custom maps\cd_special_stage\cd_special_stage.bsp

nummapplanes:     (    94 / 65536 )
nummapbrushes:    (    22 /  8192 )
nummapbrushsides: (   132 / 65536 )
num_map_overlays: (     0 /   512 )
nummodels:        (    17 /  1024 )
num_entities:     (   116 / 16384 )

0 seconds elapsed



24 threads
reading d:\steamlibrary\steamapps\common\portal 2\sdk_content\maps\custom maps\cd_special_stage\cd_special_stage.bsp
reading d:\steamlibrary\steamapps\common\portal 2\sdk_content\maps\custom maps\cd_special_stage\cd_special_stage.prt
   4 portalclusters
   4 numportals
0...1...2...3...4...5...6...7...8...9...100...1...2...3...4...5...6...7...8...9...10Optimized: 0 visible clusters (0.00%)
Total clusters visible: 16
Average clusters visible: 4
Building PAS...
Average clusters audible: 4
visdatasize:44  compressed from 64
writing d:\steamlibrary\steamapps\common\portal 2\sdk_content\maps\custom maps\cd_special_stage\cd_special_stage.bsp
0 seconds elapsed



[Reading texlights from 'lights.rad']
[59 texlights parsed from 'lights.rad']

Loading d:\steamlibrary\steamapps\common\portal 2\sdk_content\maps\custom maps\cd_special_stage\cd_special_stage.bsp
78 faces
57999 square feet [8351872.00 square inches]
0 Displacements
0 Square Feet [0.00 Square Inches]
78 patches before subdivision
5370 patches after subdivision
0 direct lights
0...1...2...3...4...5...6...7...8...9...100...1...2...3...4...5...6...7...8...9...10transfers 599726, max 256
transfer lists:   4.6 megs
0...1...2...3...4...5...6...7...8...9...10	Bounce #1 added RGB(0, 0, 0)
Build Patch/Sample Hash Table(s).....Done<0.0007 sec>
0...1...2...3...4...5...6...7...8...9...10FinalLightFace Done
0 of 0 (0% of) surface lights went in leaf ambient cubes.
0...1...2...3...4...5...6...7...8...9...10Writing leaf ambient...done
Ready to Finish

Object names       Objects/Maxobjs  Memory / Maxmem  Fullness 
------------       ---------------  ---------------  -------- 
models                  17/1024          816/49152    ( 1.7%) 
brushes                 22/8192          264/98304    ( 0.3%) 
brushsides             132/65536        1056/524288   ( 0.2%) 
planes                  94/65536        1880/1310720  ( 0.1%) 
vertexes                97/65536        1164/786432   ( 0.1%) 
nodes                  123/65536        3936/2097152  ( 0.2%) 
texinfos                10/12288         720/884736   ( 0.1%) 
texdata                  3/2048           96/65536    ( 0.1%) 
dispinfos                0/0               0/0        ( 0.0%) 
disp_verts               0/0               0/0        ( 0.0%) 
disp_tris                0/0               0/0        ( 0.0%) 
disp_multiblend          0/0               0/0        ( 0.0%) 
disp_lmsamples           0/0               0/0        ( 0.0%) 
faces                   78/65536        4368/3670016  ( 0.1%) 
hdr faces                0/65536           0/3670016  ( 0.0%) 
origfaces               42/65536        2352/3670016  ( 0.1%) 
facebrushes              0/0               0/0        ( 0.0%) 
facebrushlists          78/0             312/0        ( 0.0%) 
leaves                 141/65536        4512/2097152  ( 0.2%) 
leaffaces               78/65536         156/131072   ( 0.1%) 
leafbrushes             32/65536          64/131072   ( 0.0%) 
areas                    2/256            16/2048     ( 0.8%) 
surfedges              488/512000       1952/2048000  ( 0.1%) 
edges                  245/256000        980/1024000  ( 0.1%) 
LDR worldlights          0/8192            0/819200   ( 0.0%) 
HDR worldlights          0/8192            0/819200   ( 0.0%) 
leafwaterdata            0/32768           0/393216   ( 0.0%) 
waterstrips              0/32768           0/327680   ( 0.0%) 
waterverts               0/65536           0/786432   ( 0.0%) 
waterindices             0/65536           0/131072   ( 0.0%) 
cubemapsamples           0/1024            0/16384    ( 0.0%) 
overlays                 0/512             0/180224   ( 0.0%) 
LDR lightdata         [variable]      554600/0        ( 0.0%) 
HDR lightdata         [variable]           0/0        ( 0.0%) 
visdata               [variable]          44/16777216 ( 0.0%) 
entdata               [variable]       37294/393216   ( 9.5%) 
LDR ambient table      141/65536         564/262144   ( 0.2%) 
HDR ambient table      141/65536         564/262144   ( 0.2%) 
LDR leaf ambient       110/65536        3080/1835008  ( 0.2%) 
HDR leaf ambient       141/65536        3948/1835008  ( 0.2%) 
occluders                0/0               0/0        ( 0.0%) 
occluder polygons        0/0               0/0        ( 0.0%) 
occluder vert ind        0/0               0/0        ( 0.0%) 
detail props          [variable]           1/12       ( 8.3%) 
static props          [variable]           1/12       ( 8.3%) 
pakfile               [variable]       74462/0        ( 0.0%) 
physics               [variable]       11121/4194304  ( 0.3%) 
physics terrain       [variable]           2/1048576  ( 0.0%) 

Level flags = 1

Total triangle count: 164
Writing d:\steamlibrary\steamapps\common\portal 2\sdk_content\maps\custom maps\cd_special_stage\cd_special_stage.bsp
0 seconds elapsed



Using shader api: shaderapiempty.dll
materialPath: D:\SteamLibrary\steamapps\common\Portal 2\portal2\materials
Loading D:\SteamLibrary\steamapps\common\Portal 2\sdk_content\maps\custom maps\cd_special_stage\cd_special_stage.vmf
ConVarRef gpu_level doesn't point to an existing ConVar
fixing up env_cubemap materials on brush sides...
0...1...2...3...4...5...6...7...8...9...100...1...2...3...4...5...6...7...8...9...10Processing areas...done (0)
Building Faces...done (0)
FixTjuncs...
PruneNodes...
WriteBSP...
done (0)
writing D:\SteamLibrary\steamapps\common\Portal 2\sdk_content\maps\custom maps\cd_special_stage\cd_special_stage.prt...Building visibility clusters...
done (0)
Finding displacement neighbors...
Finding lightmap sample positions...
Displacement Alpha : 0...1...2...3...4...5...6...7...8...9...10
Building Physics collision data...
done (0) (11121 bytes)
Placing detail props : 0...1...2...3...4...5...6...7...8...9...10
Compacting texture/material tables...
Reduced 12 texinfos to 10
Reduced 3 texdatas to 3 (60 bytes to 60)
Writing D:\SteamLibrary\steamapps\common\Portal 2\sdk_content\maps\custom maps\cd_special_stage\cd_special_stage.bsp

nummapplanes:     (    94 / 65536 )
nummapbrushes:    (    22 /  8192 )
nummapbrushsides: (   132 / 65536 )
num_map_overlays: (     0 /   512 )
nummodels:        (    17 /  1024 )
num_entities:     (   116 / 16384 )

0 seconds elapsed



24 threads
reading d:\steamlibrary\steamapps\common\portal 2\sdk_content\maps\custom maps\cd_special_stage\cd_special_stage.bsp
reading d:\steamlibrary\steamapps\common\portal 2\sdk_content\maps\custom maps\cd_special_stage\cd_special_stage.prt
   4 portalclusters
   4 numportals
0...1...2...3...4...5...6...7...8...9...100...1...2...3...4...5...6...7...8...9...10Optimized: 0 visible clusters (0.00%)
Total clusters visible: 16
Average clusters visible: 4
Building PAS...
Average clusters audible: 4
visdatasize:44  compressed from 64
writing d:\steamlibrary\steamapps\common\portal 2\sdk_content\maps\custom maps\cd_special_stage\cd_special_stage.bsp
0 seconds elapsed



[Reading texlights from 'lights.rad']
[59 texlights parsed from 'lights.rad']

Loading d:\steamlibrary\steamapps\common\portal 2\sdk_content\maps\custom maps\cd_special_stage\cd_special_stage.bsp
78 faces
57999 square feet [8351872.00 square inches]
0 Displacements
0 Square Feet [0.00 Square Inches]
78 patches before subdivision
5370 patches after subdivision
0 direct lights
0...1...2...3...4...5...6...7...8...9...100...1...2...3...4...5...6...7...8...9...10transfers 599726, max 256
transfer lists:   4.6 megs
0...1...2...3...4...5...6...7...8...9...10	Bounce #1 added RGB(0, 0, 0)
Build Patch/Sample Hash Table(s).....Done<0.0006 sec>
0...1...2...3...4...5...6...7...8...9...10FinalLightFace Done
0 of 0 (0% of) surface lights went in leaf ambient cubes.
0...1...2...3...4...5...6...7...8...9...10Writing leaf ambient...done
Ready to Finish

Object names       Objects/Maxobjs  Memory / Maxmem  Fullness 
------------       ---------------  ---------------  -------- 
models                  17/1024          816/49152    ( 1.7%) 
brushes                 22/8192          264/98304    ( 0.3%) 
brushsides             132/65536        1056/524288   ( 0.2%) 
planes                  94/65536        1880/1310720  ( 0.1%) 
vertexes                97/65536        1164/786432   ( 0.1%) 
nodes                  123/65536        3936/2097152  ( 0.2%) 
texinfos                10/12288         720/884736   ( 0.1%) 
texdata                  3/2048           96/65536    ( 0.1%) 
dispinfos                0/0               0/0        ( 0.0%) 
disp_verts               0/0               0/0        ( 0.0%) 
disp_tris                0/0               0/0        ( 0.0%) 
disp_multiblend          0/0               0/0        ( 0.0%) 
disp_lmsamples           0/0               0/0        ( 0.0%) 
faces                   78/65536        4368/3670016  ( 0.1%) 
hdr faces                0/65536           0/3670016  ( 0.0%) 
origfaces               42/65536        2352/3670016  ( 0.1%) 
facebrushes              0/0               0/0        ( 0.0%) 
facebrushlists          78/0             312/0        ( 0.0%) 
leaves                 141/65536        4512/2097152  ( 0.2%) 
leaffaces               78/65536         156/131072   ( 0.1%) 
leafbrushes             32/65536          64/131072   ( 0.0%) 
areas                    2/256            16/2048     ( 0.8%) 
surfedges              488/512000       1952/2048000  ( 0.1%) 
edges                  245/256000        980/1024000  ( 0.1%) 
LDR worldlights          0/8192            0/819200   ( 0.0%) 
HDR worldlights          0/8192            0/819200   ( 0.0%) 
leafwaterdata            0/32768           0/393216   ( 0.0%) 
waterstrips              0/32768           0/327680   ( 0.0%) 
waterverts               0/65536           0/786432   ( 0.0%) 
waterindices             0/65536           0/131072   ( 0.0%) 
cubemapsamples           0/1024            0/16384    ( 0.0%) 
overlays                 0/512             0/180224   ( 0.0%) 
LDR lightdata         [variable]      554600/0        ( 0.0%) 
HDR lightdata         [variable]           0/0        ( 0.0%) 
visdata               [variable]          44/16777216 ( 0.0%) 
entdata               [variable]       37296/393216   ( 9.5%) 
LDR ambient table      141/65536         564/262144   ( 0.2%) 
HDR ambient table      141/65536         564/262144   ( 0.2%) 
LDR leaf ambient       110/65536        3080/1835008  ( 0.2%) 
HDR leaf ambient       141/65536        3948/1835008  ( 0.2%) 
occluders                0/0               0/0        ( 0.0%) 
occluder polygons        0/0               0/0        ( 0.0%) 
occluder vert ind        0/0               0/0        ( 0.0%) 
detail props          [variable]           1/12       ( 8.3%) 
static props          [variable]           1/12       ( 8.3%) 
pakfile               [variable]       74462/0        ( 0.0%) 
physics               [variable]       11121/4194304  ( 0.3%) 
physics terrain       [variable]           2/1048576  ( 0.0%) 

Level flags = 1

Total triangle count: 164
Writing d:\steamlibrary\steamapps\common\portal 2\sdk_content\maps\custom maps\cd_special_stage\cd_special_stage.bsp
0 seconds elapsed



Using shader api: shaderapiempty.dll
materialPath: D:\SteamLibrary\steamapps\common\Portal 2\portal2\materials
Loading D:\SteamLibrary\steamapps\common\Portal 2\sdk_content\maps\custom maps\cd_special_stage\cd_special_stage.vmf
ConVarRef gpu_level doesn't point to an existing ConVar
fixing up env_cubemap materials on brush sides...
0...1...2...3...4...5...6...7...8...9...100...1...2...3...4...5...6...7...8...9...10Processing areas...done (0)
Building Faces...done (0)
FixTjuncs...
PruneNodes...
WriteBSP...
done (0)
writing D:\SteamLibrary\steamapps\common\Portal 2\sdk_content\maps\custom maps\cd_special_stage\cd_special_stage.prt...Building visibility clusters...
done (0)
Finding displacement neighbors...
Finding lightmap sample positions...
Displacement Alpha : 0...1...2...3...4...5...6...7...8...9...10
Building Physics collision data...
done (0) (11121 bytes)
Placing detail props : 0...1...2...3...4...5...6...7...8...9...10
Compacting texture/material tables...
Reduced 12 texinfos to 10
Reduced 3 texdatas to 3 (60 bytes to 60)
Writing D:\SteamLibrary\steamapps\common\Portal 2\sdk_content\maps\custom maps\cd_special_stage\cd_special_stage.bsp

nummapplanes:     (    94 / 65536 )
nummapbrushes:    (    22 /  8192 )
nummapbrushsides: (   132 / 65536 )
num_map_overlays: (     0 /   512 )
nummodels:        (    17 /  1024 )
num_entities:     (   116 / 16384 )

0 seconds elapsed



24 threads
reading d:\steamlibrary\steamapps\common\portal 2\sdk_content\maps\custom maps\cd_special_stage\cd_special_stage.bsp
reading d:\steamlibrary\steamapps\common\portal 2\sdk_content\maps\custom maps\cd_special_stage\cd_special_stage.prt
   4 portalclusters
   4 numportals
0...1...2...3...4...5...6...7...8...9...100...1...2...3...4...5...6...7...8...9...10Optimized: 0 visible clusters (0.00%)
Total clusters visible: 16
Average clusters visible: 4
Building PAS...
Average clusters audible: 4
visdatasize:44  compressed from 64
writing d:\steamlibrary\steamapps\common\portal 2\sdk_content\maps\custom maps\cd_special_stage\cd_special_stage.bsp
0 seconds elapsed



[Reading texlights from 'lights.rad']
[59 texlights parsed from 'lights.rad']

Loading d:\steamlibrary\steamapps\common\portal 2\sdk_content\maps\custom maps\cd_special_stage\cd_special_stage.bsp
78 faces
57999 square feet [8351872.00 square inches]
0 Displacements
0 Square Feet [0.00 Square Inches]
78 patches before subdivision
5370 patches after subdivision
0 direct lights
0...1...2...3...4...5...6...7...8...9...100...1...2...3...4...5...6...7...8...9...10transfers 599726, max 256
transfer lists:   4.6 megs
0...1...2...3...4...5...6...7...8...9...10	Bounce #1 added RGB(0, 0, 0)
Build Patch/Sample Hash Table(s).....Done<0.0007 sec>
0...1...2...3...4...5...6...7...8...9...10FinalLightFace Done
0 of 0 (0% of) surface lights went in leaf ambient cubes.
0...1...2...3...4...5...6...7...8...9...10Writing leaf ambient...done
Ready to Finish

Object names       Objects/Maxobjs  Memory / Maxmem  Fullness 
------------       ---------------  ---------------  -------- 
models                  17/1024          816/49152    ( 1.7%) 
brushes                 22/8192          264/98304    ( 0.3%) 
brushsides             132/65536        1056/524288   ( 0.2%) 
planes                  94/65536        1880/1310720  ( 0.1%) 
vertexes                97/65536        1164/786432   ( 0.1%) 
nodes                  123/65536        3936/2097152  ( 0.2%) 
texinfos                10/12288         720/884736   ( 0.1%) 
texdata                  3/2048           96/65536    ( 0.1%) 
dispinfos                0/0               0/0        ( 0.0%) 
disp_verts               0/0               0/0        ( 0.0%) 
disp_tris                0/0               0/0        ( 0.0%) 
disp_multiblend          0/0               0/0        ( 0.0%) 
disp_lmsamples           0/0               0/0        ( 0.0%) 
faces                   78/65536        4368/3670016  ( 0.1%) 
hdr faces                0/65536           0/3670016  ( 0.0%) 
origfaces               42/65536        2352/3670016  ( 0.1%) 
facebrushes              0/0               0/0        ( 0.0%) 
facebrushlists          78/0             312/0        ( 0.0%) 
leaves                 141/65536        4512/2097152  ( 0.2%) 
leaffaces               78/65536         156/131072   ( 0.1%) 
leafbrushes             32/65536          64/131072   ( 0.0%) 
areas                    2/256            16/2048     ( 0.8%) 
surfedges              488/512000       1952/2048000  ( 0.1%) 
edges                  245/256000        980/1024000  ( 0.1%) 
LDR worldlights          0/8192            0/819200   ( 0.0%) 
HDR worldlights          0/8192            0/819200   ( 0.0%) 
leafwaterdata            0/32768           0/393216   ( 0.0%) 
waterstrips              0/32768           0/327680   ( 0.0%) 
waterverts               0/65536           0/786432   ( 0.0%) 
waterindices             0/65536           0/131072   ( 0.0%) 
cubemapsamples           0/1024            0/16384    ( 0.0%) 
overlays                 0/512             0/180224   ( 0.0%) 
LDR lightdata         [variable]      554600/0        ( 0.0%) 
HDR lightdata         [variable]           0/0        ( 0.0%) 
visdata               [variable]          44/16777216 ( 0.0%) 
entdata               [variable]       37295/393216   ( 9.5%) 
LDR ambient table      141/65536         564/262144   ( 0.2%) 
HDR ambient table      141/65536         564/262144   ( 0.2%) 
LDR leaf ambient       110/65536        3080/1835008  ( 0.2%) 
HDR leaf ambient       141/65536        3948/1835008  ( 0.2%) 
occluders                0/0               0/0        ( 0.0%) 
occluder polygons        0/0               0/0        ( 0.0%) 
occluder vert ind        0/0               0/0        ( 0.0%) 
detail props          [variable]           1/12       ( 8.3%) 
static props          [variable]           1/12       ( 8.3%) 
pakfile               [variable]       74462/0        ( 0.0%) 
physics               [variable]       11121/4194304  ( 0.3%) 
physics terrain       [variable]           2/1048576  ( 0.0%) 

Level flags = 1

Total triangle count: 164
Writing d:\steamlibrary\steamapps\common\portal 2\sdk_content\maps\custom maps\cd_special_stage\cd_special_stage.bsp
0 seconds elapsed



Using shader api: shaderapiempty.dll
materialPath: D:\SteamLibrary\steamapps\common\Portal 2\portal2\materials
Loading D:\SteamLibrary\steamapps\common\Portal 2\sdk_content\maps\custom maps\cd_special_stage\cd_special_stage.vmf
ConVarRef gpu_level doesn't point to an existing ConVar
fixing up env_cubemap materials on brush sides...
0...1...2...3...4...5...6...7...8...9...100...1...2...3...4...5...6...7...8...9...10Processing areas...done (0)
Building Faces...done (0)
FixTjuncs...
PruneNodes...
WriteBSP...
done (0)
writing D:\SteamLibrary\steamapps\common\Portal 2\sdk_content\maps\custom maps\cd_special_stage\cd_special_stage.prt...Building visibility clusters...
done (0)
Finding displacement neighbors...
Finding lightmap sample positions...
Displacement Alpha : 0...1...2...3...4...5...6...7...8...9...10
Building Physics collision data...
done (0) (11121 bytes)
Placing detail props : 0...1...2...3...4...5...6...7...8...9...10
Compacting texture/material tables...
Reduced 12 texinfos to 10
Reduced 3 texdatas to 3 (60 bytes to 60)
Writing D:\SteamLibrary\steamapps\common\Portal 2\sdk_content\maps\custom maps\cd_special_stage\cd_special_stage.bsp

nummapplanes:     (    94 / 65536 )
nummapbrushes:    (    22 /  8192 )
nummapbrushsides: (   132 / 65536 )
num_map_overlays: (     0 /   512 )
nummodels:        (    17 /  1024 )
num_entities:     (   116 / 16384 )

0 seconds elapsed



24 threads
reading d:\steamlibrary\steamapps\common\portal 2\sdk_content\maps\custom maps\cd_special_stage\cd_special_stage.bsp
reading d:\steamlibrary\steamapps\common\portal 2\sdk_content\maps\custom maps\cd_special_stage\cd_special_stage.prt
   4 portalclusters
   4 numportals
0...1...2...3...4...5...6...7...8...9...100...1...2...3...4...5...6...7...8...9...10Optimized: 0 visible clusters (0.00%)
Total clusters visible: 16
Average clusters visible: 4
Building PAS...
Average clusters audible: 4
visdatasize:44  compressed from 64
writing d:\steamlibrary\steamapps\common\portal 2\sdk_content\maps\custom maps\cd_special_stage\cd_special_stage.bsp
0 seconds elapsed



[Reading texlights from 'lights.rad']
[59 texlights parsed from 'lights.rad']

Loading d:\steamlibrary\steamapps\common\portal 2\sdk_content\maps\custom maps\cd_special_stage\cd_special_stage.bsp
78 faces
57999 square feet [8351872.00 square inches]
0 Displacements
0 Square Feet [0.00 Square Inches]
78 patches before subdivision
5370 patches after subdivision
0 direct lights
0...1...2...3...4...5...6...7...8...9...100...1...2...3...4...5...6...7...8...9...10transfers 599726, max 256
transfer lists:   4.6 megs
0...1...2...3...4...5...6...7...8...9...10	Bounce #1 added RGB(0, 0, 0)
Build Patch/Sample Hash Table(s).....Done<0.0007 sec>
0...1...2...3...4...5...6...7...8...9...10FinalLightFace Done
0 of 0 (0% of) surface lights went in leaf ambient cubes.
0...1...2...3...4...5...6...7...8...9...10Writing leaf ambient...done
Ready to Finish

Object names       Objects/Maxobjs  Memory / Maxmem  Fullness 
------------       ---------------  ---------------  -------- 
models                  17/1024          816/49152    ( 1.7%) 
brushes                 22/8192          264/98304    ( 0.3%) 
brushsides             132/65536        1056/524288   ( 0.2%) 
planes                  94/65536        1880/1310720  ( 0.1%) 
vertexes                97/65536        1164/786432   ( 0.1%) 
nodes                  123/65536        3936/2097152  ( 0.2%) 
texinfos                10/12288         720/884736   ( 0.1%) 
texdata                  3/2048           96/65536    ( 0.1%) 
dispinfos                0/0               0/0        ( 0.0%) 
disp_verts               0/0               0/0        ( 0.0%) 
disp_tris                0/0               0/0        ( 0.0%) 
disp_multiblend          0/0               0/0        ( 0.0%) 
disp_lmsamples           0/0               0/0        ( 0.0%) 
faces                   78/65536        4368/3670016  ( 0.1%) 
hdr faces                0/65536           0/3670016  ( 0.0%) 
origfaces               42/65536        2352/3670016  ( 0.1%) 
facebrushes              0/0               0/0        ( 0.0%) 
facebrushlists          78/0             312/0        ( 0.0%) 
leaves                 141/65536        4512/2097152  ( 0.2%) 
leaffaces               78/65536         156/131072   ( 0.1%) 
leafbrushes             32/65536          64/131072   ( 0.0%) 
areas                    2/256            16/2048     ( 0.8%) 
surfedges              488/512000       1952/2048000  ( 0.1%) 
edges                  245/256000        980/1024000  ( 0.1%) 
LDR worldlights          0/8192            0/819200   ( 0.0%) 
HDR worldlights          0/8192            0/819200   ( 0.0%) 
leafwaterdata            0/32768           0/393216   ( 0.0%) 
waterstrips              0/32768           0/327680   ( 0.0%) 
waterverts               0/65536           0/786432   ( 0.0%) 
waterindices             0/65536           0/131072   ( 0.0%) 
cubemapsamples           0/1024            0/16384    ( 0.0%) 
overlays                 0/512             0/180224   ( 0.0%) 
LDR lightdata         [variable]      554600/0        ( 0.0%) 
HDR lightdata         [variable]           0/0        ( 0.0%) 
visdata               [variable]          44/16777216 ( 0.0%) 
entdata               [variable]       37295/393216   ( 9.5%) 
LDR ambient table      141/65536         564/262144   ( 0.2%) 
HDR ambient table      141/65536         564/262144   ( 0.2%) 
LDR leaf ambient       110/65536        3080/1835008  ( 0.2%) 
HDR leaf ambient       141/65536        3948/1835008  ( 0.2%) 
occluders                0/0               0/0        ( 0.0%) 
occluder polygons        0/0               0/0        ( 0.0%) 
occluder vert ind        0/0               0/0        ( 0.0%) 
detail props          [variable]           1/12       ( 8.3%) 
static props          [variable]           1/12       ( 8.3%) 
pakfile               [variable]       74462/0        ( 0.0%) 
physics               [variable]       11121/4194304  ( 0.3%) 
physics terrain       [variable]           2/1048576  ( 0.0%) 

Level flags = 1

Total triangle count: 164
Writing d:\steamlibrary\steamapps\common\portal 2\sdk_content\maps\custom maps\cd_special_stage\cd_special_stage.bsp
0 seconds elapsed



Using shader api: shaderapiempty.dll
materialPath: D:\SteamLibrary\steamapps\common\Portal 2\portal2\materials
Loading D:\SteamLibrary\steamapps\common\Portal 2\sdk_content\maps\custom maps\cd_special_stage\cd_special_stage.vmf
ConVarRef gpu_level doesn't point to an existing ConVar
fixing up env_cubemap materials on brush sides...
0...1...2...3...4...5...6...7...8...9...100...1...2...3...4...5...6...7...8...9...10Processing areas...done (0)
Building Faces...done (0)
FixTjuncs...
PruneNodes...
WriteBSP...
done (0)
writing D:\SteamLibrary\steamapps\common\Portal 2\sdk_content\maps\custom maps\cd_special_stage\cd_special_stage.prt...Building visibility clusters...
done (0)
Finding displacement neighbors...
Finding lightmap sample positions...
Displacement Alpha : 0...1...2...3...4...5...6...7...8...9...10
Building Physics collision data...
done (0) (11121 bytes)
Placing detail props : 0...1...2...3...4...5...6...7...8...9...10
Compacting texture/material tables...
Reduced 12 texinfos to 10
Reduced 3 texdatas to 3 (60 bytes to 60)
Writing D:\SteamLibrary\steamapps\common\Portal 2\sdk_content\maps\custom maps\cd_special_stage\cd_special_stage.bsp

nummapplanes:     (    94 / 65536 )
nummapbrushes:    (    22 /  8192 )
nummapbrushsides: (   132 / 65536 )
num_map_overlays: (     0 /   512 )
nummodels:        (    17 /  1024 )
num_entities:     (   117 / 16384 )

0 seconds elapsed



24 threads
reading d:\steamlibrary\steamapps\common\portal 2\sdk_content\maps\custom maps\cd_special_stage\cd_special_stage.bsp
reading d:\steamlibrary\steamapps\common\portal 2\sdk_content\maps\custom maps\cd_special_stage\cd_special_stage.prt
   4 portalclusters
   4 numportals
0...1...2...3...4...5...6...7...8...9...100...1...2...3...4...5...6...7...8...9...10Optimized: 0 visible clusters (0.00%)
Total clusters visible: 16
Average clusters visible: 4
Building PAS...
Average clusters audible: 4
visdatasize:44  compressed from 64
writing d:\steamlibrary\steamapps\common\portal 2\sdk_content\maps\custom maps\cd_special_stage\cd_special_stage.bsp
0 seconds elapsed



[Reading texlights from 'lights.rad']
[59 texlights parsed from 'lights.rad']

Loading d:\steamlibrary\steamapps\common\portal 2\sdk_content\maps\custom maps\cd_special_stage\cd_special_stage.bsp
78 faces
57999 square feet [8351872.00 square inches]
0 Displacements
0 Square Feet [0.00 Square Inches]
78 patches before subdivision
5370 patches after subdivision
0 direct lights
0...1...2...3...4...5...6...7...8...9...100...1...2...3...4...5...6...7...8...9...10transfers 599726, max 256
transfer lists:   4.6 megs
0...1...2...3...4...5...6...7...8...9...10	Bounce #1 added RGB(0, 0, 0)
Build Patch/Sample Hash Table(s).....Done<0.0006 sec>
0...1...2...3...4...5...6...7...8...9...10FinalLightFace Done
0 of 0 (0% of) surface lights went in leaf ambient cubes.
0...1...2...3...4...5...6...7...8...9...10Writing leaf ambient...done
Ready to Finish

Object names       Objects/Maxobjs  Memory / Maxmem  Fullness 
------------       ---------------  ---------------  -------- 
models                  17/1024          816/49152    ( 1.7%) 
brushes                 22/8192          264/98304    ( 0.3%) 
brushsides             132/65536        1056/524288   ( 0.2%) 
planes                  94/65536        1880/1310720  ( 0.1%) 
vertexes                97/65536        1164/786432   ( 0.1%) 
nodes                  123/65536        3936/2097152  ( 0.2%) 
texinfos                10/12288         720/884736   ( 0.1%) 
texdata                  3/2048           96/65536    ( 0.1%) 
dispinfos                0/0               0/0        ( 0.0%) 
disp_verts               0/0               0/0        ( 0.0%) 
disp_tris                0/0               0/0        ( 0.0%) 
disp_multiblend          0/0               0/0        ( 0.0%) 
disp_lmsamples           0/0               0/0        ( 0.0%) 
faces                   78/65536        4368/3670016  ( 0.1%) 
hdr faces                0/65536           0/3670016  ( 0.0%) 
origfaces               42/65536        2352/3670016  ( 0.1%) 
facebrushes              0/0               0/0        ( 0.0%) 
facebrushlists          78/0             312/0        ( 0.0%) 
leaves                 141/65536        4512/2097152  ( 0.2%) 
leaffaces               78/65536         156/131072   ( 0.1%) 
leafbrushes             32/65536          64/131072   ( 0.0%) 
areas                    2/256            16/2048     ( 0.8%) 
surfedges              488/512000       1952/2048000  ( 0.1%) 
edges                  245/256000        980/1024000  ( 0.1%) 
LDR worldlights          0/8192            0/819200   ( 0.0%) 
HDR worldlights          0/8192            0/819200   ( 0.0%) 
leafwaterdata            0/32768           0/393216   ( 0.0%) 
waterstrips              0/32768           0/327680   ( 0.0%) 
waterverts               0/65536           0/786432   ( 0.0%) 
waterindices             0/65536           0/131072   ( 0.0%) 
cubemapsamples           0/1024            0/16384    ( 0.0%) 
overlays                 0/512             0/180224   ( 0.0%) 
LDR lightdata         [variable]      554600/0        ( 0.0%) 
HDR lightdata         [variable]           0/0        ( 0.0%) 
visdata               [variable]          44/16777216 ( 0.0%) 
entdata               [variable]       37465/393216   ( 9.5%) 
LDR ambient table      141/65536         564/262144   ( 0.2%) 
HDR ambient table      141/65536         564/262144   ( 0.2%) 
LDR leaf ambient       110/65536        3080/1835008  ( 0.2%) 
HDR leaf ambient       141/65536        3948/1835008  ( 0.2%) 
occluders                0/0               0/0        ( 0.0%) 
occluder polygons        0/0               0/0        ( 0.0%) 
occluder vert ind        0/0               0/0        ( 0.0%) 
detail props          [variable]           1/12       ( 8.3%) 
static props          [variable]           1/12       ( 8.3%) 
pakfile               [variable]       74462/0        ( 0.0%) 
physics               [variable]       11121/4194304  ( 0.3%) 
physics terrain       [variable]           2/1048576  ( 0.0%) 

Level flags = 1

Total triangle count: 164
Writing d:\steamlibrary\steamapps\common\portal 2\sdk_content\maps\custom maps\cd_special_stage\cd_special_stage.bsp
0 seconds elapsed



Using shader api: shaderapiempty.dll
materialPath: D:\SteamLibrary\steamapps\common\Portal 2\portal2\materials
Loading D:\SteamLibrary\steamapps\common\Portal 2\sdk_content\maps\custom maps\cd_special_stage\cd_special_stage.vmf
ConVarRef gpu_level doesn't point to an existing ConVar
fixing up env_cubemap materials on brush sides...
0...1...2...3...4...5...6...7...8...9...100...1...2...3...4...5...6...7...8...9...10Processing areas...done (0)
Building Faces...done (0)
FixTjuncs...
PruneNodes...
WriteBSP...
done (0)
writing D:\SteamLibrary\steamapps\common\Portal 2\sdk_content\maps\custom maps\cd_special_stage\cd_special_stage.prt...Building visibility clusters...
done (0)
Finding displacement neighbors...
Finding lightmap sample positions...
Displacement Alpha : 0...1...2...3...4...5...6...7...8...9...10
Building Physics collision data...
done (0) (11121 bytes)
Placing detail props : 0...1...2...3...4...5...6...7...8...9...10
Compacting texture/material tables...
Reduced 12 texinfos to 10
Reduced 3 texdatas to 3 (60 bytes to 60)
Writing D:\SteamLibrary\steamapps\common\Portal 2\sdk_content\maps\custom maps\cd_special_stage\cd_special_stage.bsp

nummapplanes:     (    94 / 65536 )
nummapbrushes:    (    22 /  8192 )
nummapbrushsides: (   132 / 65536 )
num_map_overlays: (     0 /   512 )
nummodels:        (    17 /  1024 )
num_entities:     (   118 / 16384 )

0 seconds elapsed



24 threads
reading d:\steamlibrary\steamapps\common\portal 2\sdk_content\maps\custom maps\cd_special_stage\cd_special_stage.bsp
reading d:\steamlibrary\steamapps\common\portal 2\sdk_content\maps\custom maps\cd_special_stage\cd_special_stage.prt
   4 portalclusters
   4 numportals
0...1...2...3...4...5...6...7...8...9...100...1...2...3...4...5...6...7...8...9...10Optimized: 0 visible clusters (0.00%)
Total clusters visible: 16
Average clusters visible: 4
Building PAS...
Average clusters audible: 4
visdatasize:44  compressed from 64
writing d:\steamlibrary\steamapps\common\portal 2\sdk_content\maps\custom maps\cd_special_stage\cd_special_stage.bsp
0 seconds elapsed



[Reading texlights from 'lights.rad']
[59 texlights parsed from 'lights.rad']

Loading d:\steamlibrary\steamapps\common\portal 2\sdk_content\maps\custom maps\cd_special_stage\cd_special_stage.bsp
78 faces
57999 square feet [8351872.00 square inches]
0 Displacements
0 Square Feet [0.00 Square Inches]
78 patches before subdivision
5370 patches after subdivision
0 direct lights
0...1...2...3...4...5...6...7...8...9...100...1...2...3...4...5...6...7...8...9...10transfers 599726, max 256
transfer lists:   4.6 megs
0...1...2...3...4...5...6...7...8...9...10	Bounce #1 added RGB(0, 0, 0)
Build Patch/Sample Hash Table(s).....Done<0.0007 sec>
0...1...2...3...4...5...6...7...8...9...10FinalLightFace Done
0 of 0 (0% of) surface lights went in leaf ambient cubes.
0...1...2...3...4...5...6...7...8...9...10Writing leaf ambient...done
Ready to Finish

Object names       Objects/Maxobjs  Memory / Maxmem  Fullness 
------------       ---------------  ---------------  -------- 
models                  17/1024          816/49152    ( 1.7%) 
brushes                 22/8192          264/98304    ( 0.3%) 
brushsides             132/65536        1056/524288   ( 0.2%) 
planes                  94/65536        1880/1310720  ( 0.1%) 
vertexes                97/65536        1164/786432   ( 0.1%) 
nodes                  123/65536        3936/2097152  ( 0.2%) 
texinfos                10/12288         720/884736   ( 0.1%) 
texdata                  3/2048           96/65536    ( 0.1%) 
dispinfos                0/0               0/0        ( 0.0%) 
disp_verts               0/0               0/0        ( 0.0%) 
disp_tris                0/0               0/0        ( 0.0%) 
disp_multiblend          0/0               0/0        ( 0.0%) 
disp_lmsamples           0/0               0/0        ( 0.0%) 
faces                   78/65536        4368/3670016  ( 0.1%) 
hdr faces                0/65536           0/3670016  ( 0.0%) 
origfaces               42/65536        2352/3670016  ( 0.1%) 
facebrushes              0/0               0/0        ( 0.0%) 
facebrushlists          78/0             312/0        ( 0.0%) 
leaves                 141/65536        4512/2097152  ( 0.2%) 
leaffaces               78/65536         156/131072   ( 0.1%) 
leafbrushes             32/65536          64/131072   ( 0.0%) 
areas                    2/256            16/2048     ( 0.8%) 
surfedges              488/512000       1952/2048000  ( 0.1%) 
edges                  245/256000        980/1024000  ( 0.1%) 
LDR worldlights          0/8192            0/819200   ( 0.0%) 
HDR worldlights          0/8192            0/819200   ( 0.0%) 
leafwaterdata            0/32768           0/393216   ( 0.0%) 
waterstrips              0/32768           0/327680   ( 0.0%) 
waterverts               0/65536           0/786432   ( 0.0%) 
waterindices             0/65536           0/131072   ( 0.0%) 
cubemapsamples           0/1024            0/16384    ( 0.0%) 
overlays                 0/512             0/180224   ( 0.0%) 
LDR lightdata         [variable]      554600/0        ( 0.0%) 
HDR lightdata         [variable]           0/0        ( 0.0%) 
visdata               [variable]          44/16777216 ( 0.0%) 
entdata               [variable]       37725/393216   ( 9.6%) 
LDR ambient table      141/65536         564/262144   ( 0.2%) 
HDR ambient table      141/65536         564/262144   ( 0.2%) 
LDR leaf ambient       110/65536        3080/1835008  ( 0.2%) 
HDR leaf ambient       141/65536        3948/1835008  ( 0.2%) 
occluders                0/0               0/0        ( 0.0%) 
occluder polygons        0/0               0/0        ( 0.0%) 
occluder vert ind        0/0               0/0        ( 0.0%) 
detail props          [variable]           1/12       ( 8.3%) 
static props          [variable]           1/12       ( 8.3%) 
pakfile               [variable]       74462/0        ( 0.0%) 
physics               [variable]       11121/4194304  ( 0.3%) 
physics terrain       [variable]           2/1048576  ( 0.0%) 

Level flags = 1

Total triangle count: 164
Writing d:\steamlibrary\steamapps\common\portal 2\sdk_content\maps\custom maps\cd_special_stage\cd_special_stage.bsp
0 seconds elapsed



Using shader api: shaderapiempty.dll
materialPath: D:\SteamLibrary\steamapps\common\Portal 2\portal2\materials
Loading D:\SteamLibrary\steamapps\common\Portal 2\sdk_content\maps\custom maps\cd_special_stage\cd_special_stage.vmf
ConVarRef gpu_level doesn't point to an existing ConVar
fixing up env_cubemap materials on brush sides...
0...1...2...3...4...5...6...7...8...9...100...1...2...3...4...5...6...7...8...9...10Processing areas...done (0)
Building Faces...done (0)
FixTjuncs...
PruneNodes...
WriteBSP...
done (0)
writing D:\SteamLibrary\steamapps\common\Portal 2\sdk_content\maps\custom maps\cd_special_stage\cd_special_stage.prt...Building visibility clusters...
done (0)
Finding displacement neighbors...
Finding lightmap sample positions...
Displacement Alpha : 0...1...2...3...4...5...6...7...8...9...10
Building Physics collision data...
done (0) (11121 bytes)
Placing detail props : 0...1...2...3...4...5...6...7...8...9...10
Compacting texture/material tables...
Reduced 12 texinfos to 10
Reduced 3 texdatas to 3 (60 bytes to 60)
Writing D:\SteamLibrary\steamapps\common\Portal 2\sdk_content\maps\custom maps\cd_special_stage\cd_special_stage.bsp

nummapplanes:     (    94 / 65536 )
nummapbrushes:    (    22 /  8192 )
nummapbrushsides: (   132 / 65536 )
num_map_overlays: (     0 /   512 )
nummodels:        (    17 /  1024 )
num_entities:     (   118 / 16384 )

0 seconds elapsed



24 threads
reading d:\steamlibrary\steamapps\common\portal 2\sdk_content\maps\custom maps\cd_special_stage\cd_special_stage.bsp
reading d:\steamlibrary\steamapps\common\portal 2\sdk_content\maps\custom maps\cd_special_stage\cd_special_stage.prt
   4 portalclusters
   4 numportals
0...1...2...3...4...5...6...7...8...9...100...1...2...3...4...5...6...7...8...9...10Optimized: 0 visible clusters (0.00%)
Total clusters visible: 16
Average clusters visible: 4
Building PAS...
Average clusters audible: 4
visdatasize:44  compressed from 64
writing d:\steamlibrary\steamapps\common\portal 2\sdk_content\maps\custom maps\cd_special_stage\cd_special_stage.bsp
0 seconds elapsed



[Reading texlights from 'lights.rad']
[59 texlights parsed from 'lights.rad']

Loading d:\steamlibrary\steamapps\common\portal 2\sdk_content\maps\custom maps\cd_special_stage\cd_special_stage.bsp
78 faces
57999 square feet [8351872.00 square inches]
0 Displacements
0 Square Feet [0.00 Square Inches]
78 patches before subdivision
5370 patches after subdivision
0 direct lights
0...1...2...3...4...5...6...7...8...9...100...1...2...3...4...5...6...7...8...9...10transfers 599726, max 256
transfer lists:   4.6 megs
0...1...2...3...4...5...6...7...8...9...10	Bounce #1 added RGB(0, 0, 0)
Build Patch/Sample Hash Table(s).....Done<0.0007 sec>
0...1...2...3...4...5...6...7...8...9...10FinalLightFace Done
0 of 0 (0% of) surface lights went in leaf ambient cubes.
0...1...2...3...4...5...6...7...8...9...10Writing leaf ambient...done
Ready to Finish

Object names       Objects/Maxobjs  Memory / Maxmem  Fullness 
------------       ---------------  ---------------  -------- 
models                  17/1024          816/49152    ( 1.7%) 
brushes                 22/8192          264/98304    ( 0.3%) 
brushsides             132/65536        1056/524288   ( 0.2%) 
planes                  94/65536        1880/1310720  ( 0.1%) 
vertexes                97/65536        1164/786432   ( 0.1%) 
nodes                  123/65536        3936/2097152  ( 0.2%) 
texinfos                10/12288         720/884736   ( 0.1%) 
texdata                  3/2048           96/65536    ( 0.1%) 
dispinfos                0/0               0/0        ( 0.0%) 
disp_verts               0/0               0/0        ( 0.0%) 
disp_tris                0/0               0/0        ( 0.0%) 
disp_multiblend          0/0               0/0        ( 0.0%) 
disp_lmsamples           0/0               0/0        ( 0.0%) 
faces                   78/65536        4368/3670016  ( 0.1%) 
hdr faces                0/65536           0/3670016  ( 0.0%) 
origfaces               42/65536        2352/3670016  ( 0.1%) 
facebrushes              0/0               0/0        ( 0.0%) 
facebrushlists          78/0             312/0        ( 0.0%) 
leaves                 141/65536        4512/2097152  ( 0.2%) 
leaffaces               78/65536         156/131072   ( 0.1%) 
leafbrushes             32/65536          64/131072   ( 0.0%) 
areas                    2/256            16/2048     ( 0.8%) 
surfedges              488/512000       1952/2048000  ( 0.1%) 
edges                  245/256000        980/1024000  ( 0.1%) 
LDR worldlights          0/8192            0/819200   ( 0.0%) 
HDR worldlights          0/8192            0/819200   ( 0.0%) 
leafwaterdata            0/32768           0/393216   ( 0.0%) 
waterstrips              0/32768           0/327680   ( 0.0%) 
waterverts               0/65536           0/786432   ( 0.0%) 
waterindices             0/65536           0/131072   ( 0.0%) 
cubemapsamples           0/1024            0/16384    ( 0.0%) 
overlays                 0/512             0/180224   ( 0.0%) 
LDR lightdata         [variable]      554600/0        ( 0.0%) 
HDR lightdata         [variable]           0/0        ( 0.0%) 
visdata               [variable]          44/16777216 ( 0.0%) 
entdata               [variable]       37695/393216   ( 9.6%) 
LDR ambient table      141/65536         564/262144   ( 0.2%) 
HDR ambient table      141/65536         564/262144   ( 0.2%) 
LDR leaf ambient       110/65536        3080/1835008  ( 0.2%) 
HDR leaf ambient       141/65536        3948/1835008  ( 0.2%) 
occluders                0/0               0/0        ( 0.0%) 
occluder polygons        0/0               0/0        ( 0.0%) 
occluder vert ind        0/0               0/0        ( 0.0%) 
detail props          [variable]           1/12       ( 8.3%) 
static props          [variable]           1/12       ( 8.3%) 
pakfile               [variable]       74462/0        ( 0.0%) 
physics               [variable]       11121/4194304  ( 0.3%) 
physics terrain       [variable]           2/1048576  ( 0.0%) 

Level flags = 1

Total triangle count: 164
Writing d:\steamlibrary\steamapps\common\portal 2\sdk_content\maps\custom maps\cd_special_stage\cd_special_stage.bsp
0 seconds elapsed



Using shader api: shaderapiempty.dll
materialPath: D:\SteamLibrary\steamapps\common\Portal 2\portal2\materials
Loading D:\SteamLibrary\steamapps\common\Portal 2\sdk_content\maps\custom maps\cd_special_stage\cd_special_stage.vmf
ConVarRef gpu_level doesn't point to an existing ConVar
fixing up env_cubemap materials on brush sides...
0...1...2...3...4...5...6...7...8...9...100...1...2...3...4...5...6...7...8...9...10Processing areas...done (0)
Building Faces...done (0)
FixTjuncs...
PruneNodes...
WriteBSP...
done (0)
writing D:\SteamLibrary\steamapps\common\Portal 2\sdk_content\maps\custom maps\cd_special_stage\cd_special_stage.prt...Building visibility clusters...
done (0)
Finding displacement neighbors...
Finding lightmap sample positions...
Displacement Alpha : 0...1...2...3...4...5...6...7...8...9...10
Building Physics collision data...
done (0) (11121 bytes)
Placing detail props : 0...1...2...3...4...5...6...7...8...9...10
Compacting texture/material tables...
Reduced 12 texinfos to 10
Reduced 3 texdatas to 3 (60 bytes to 60)
Writing D:\SteamLibrary\steamapps\common\Portal 2\sdk_content\maps\custom maps\cd_special_stage\cd_special_stage.bsp

nummapplanes:     (    94 / 65536 )
nummapbrushes:    (    22 /  8192 )
nummapbrushsides: (   132 / 65536 )
num_map_overlays: (     0 /   512 )
nummodels:        (    17 /  1024 )
num_entities:     (   118 / 16384 )

0 seconds elapsed



24 threads
reading d:\steamlibrary\steamapps\common\portal 2\sdk_content\maps\custom maps\cd_special_stage\cd_special_stage.bsp
reading d:\steamlibrary\steamapps\common\portal 2\sdk_content\maps\custom maps\cd_special_stage\cd_special_stage.prt
   4 portalclusters
   4 numportals
0...1...2...3...4...5...6...7...8...9...100...1...2...3...4...5...6...7...8...9...10Optimized: 0 visible clusters (0.00%)
Total clusters visible: 16
Average clusters visible: 4
Building PAS...
Average clusters audible: 4
visdatasize:44  compressed from 64
writing d:\steamlibrary\steamapps\common\portal 2\sdk_content\maps\custom maps\cd_special_stage\cd_special_stage.bsp
0 seconds elapsed



[Reading texlights from 'lights.rad']
[59 texlights parsed from 'lights.rad']

Loading d:\steamlibrary\steamapps\common\portal 2\sdk_content\maps\custom maps\cd_special_stage\cd_special_stage.bsp
78 faces
57999 square feet [8351872.00 square inches]
0 Displacements
0 Square Feet [0.00 Square Inches]
78 patches before subdivision
5370 patches after subdivision
0 direct lights
0...1...2...3...4...5...6...7...8...9...100...1...2...3...4...5...6...7...8...9...10transfers 599726, max 256
transfer lists:   4.6 megs
0...1...2...3...4...5...6...7...8...9...10	Bounce #1 added RGB(0, 0, 0)
Build Patch/Sample Hash Table(s).....Done<0.0006 sec>
0...1...2...3...4...5...6...7...8...9...10FinalLightFace Done
0 of 0 (0% of) surface lights went in leaf ambient cubes.
0...1...2...3...4...5...6...7...8...9...10Writing leaf ambient...done
Ready to Finish

Object names       Objects/Maxobjs  Memory / Maxmem  Fullness 
------------       ---------------  ---------------  -------- 
models                  17/1024          816/49152    ( 1.7%) 
brushes                 22/8192          264/98304    ( 0.3%) 
brushsides             132/65536        1056/524288   ( 0.2%) 
planes                  94/65536        1880/1310720  ( 0.1%) 
vertexes                97/65536        1164/786432   ( 0.1%) 
nodes                  123/65536        3936/2097152  ( 0.2%) 
texinfos                10/12288         720/884736   ( 0.1%) 
texdata                  3/2048           96/65536    ( 0.1%) 
dispinfos                0/0               0/0        ( 0.0%) 
disp_verts               0/0               0/0        ( 0.0%) 
disp_tris                0/0               0/0        ( 0.0%) 
disp_multiblend          0/0               0/0        ( 0.0%) 
disp_lmsamples           0/0               0/0        ( 0.0%) 
faces                   78/65536        4368/3670016  ( 0.1%) 
hdr faces                0/65536           0/3670016  ( 0.0%) 
origfaces               42/65536        2352/3670016  ( 0.1%) 
facebrushes              0/0               0/0        ( 0.0%) 
facebrushlists          78/0             312/0        ( 0.0%) 
leaves                 141/65536        4512/2097152  ( 0.2%) 
leaffaces               78/65536         156/131072   ( 0.1%) 
leafbrushes             32/65536          64/131072   ( 0.0%) 
areas                    2/256            16/2048     ( 0.8%) 
surfedges              488/512000       1952/2048000  ( 0.1%) 
edges                  245/256000        980/1024000  ( 0.1%) 
LDR worldlights          0/8192            0/819200   ( 0.0%) 
HDR worldlights          0/8192            0/819200   ( 0.0%) 
leafwaterdata            0/32768           0/393216   ( 0.0%) 
waterstrips              0/32768           0/327680   ( 0.0%) 
waterverts               0/65536           0/786432   ( 0.0%) 
waterindices             0/65536           0/131072   ( 0.0%) 
cubemapsamples           0/1024            0/16384    ( 0.0%) 
overlays                 0/512             0/180224   ( 0.0%) 
LDR lightdata         [variable]      554600/0        ( 0.0%) 
HDR lightdata         [variable]           0/0        ( 0.0%) 
visdata               [variable]          44/16777216 ( 0.0%) 
entdata               [variable]       37695/393216   ( 9.6%) 
LDR ambient table      141/65536         564/262144   ( 0.2%) 
HDR ambient table      141/65536         564/262144   ( 0.2%) 
LDR leaf ambient       110/65536        3080/1835008  ( 0.2%) 
HDR leaf ambient       141/65536        3948/1835008  ( 0.2%) 
occluders                0/0               0/0        ( 0.0%) 
occluder polygons        0/0               0/0        ( 0.0%) 
occluder vert ind        0/0               0/0        ( 0.0%) 
detail props          [variable]           1/12       ( 8.3%) 
static props          [variable]           1/12       ( 8.3%) 
pakfile               [variable]       74462/0        ( 0.0%) 
physics               [variable]       11121/4194304  ( 0.3%) 
physics terrain       [variable]           2/1048576  ( 0.0%) 

Level flags = 1

Total triangle count: 164
Writing d:\steamlibrary\steamapps\common\portal 2\sdk_content\maps\custom maps\cd_special_stage\cd_special_stage.bsp
0 seconds elapsed



Using shader api: shaderapiempty.dll
materialPath: D:\SteamLibrary\steamapps\common\Portal 2\portal2\materials
Loading D:\SteamLibrary\steamapps\common\Portal 2\sdk_content\maps\custom maps\cd_special_stage\cd_special_stage.vmf
ConVarRef gpu_level doesn't point to an existing ConVar
fixing up env_cubemap materials on brush sides...
0...1...2...3...4...5...6...7...8...9...100...1...2...3...4...5...6...7...8...9...10Processing areas...done (0)
Building Faces...done (0)
FixTjuncs...
PruneNodes...
WriteBSP...
done (0)
writing D:\SteamLibrary\steamapps\common\Portal 2\sdk_content\maps\custom maps\cd_special_stage\cd_special_stage.prt...Building visibility clusters...
done (0)
Finding displacement neighbors...
Finding lightmap sample positions...
Displacement Alpha : 0...1...2...3...4...5...6...7...8...9...10
Building Physics collision data...
done (0) (11672 bytes)
Placing detail props : 0...1...2...3...4...5...6...7...8...9...10
Compacting texture/material tables...
Reduced 18 texinfos to 11
Reduced 4 texdatas to 4 (82 bytes to 82)
Writing D:\SteamLibrary\steamapps\common\Portal 2\sdk_content\maps\custom maps\cd_special_stage\cd_special_stage.bsp

nummapplanes:     (   102 / 65536 )
nummapbrushes:    (    23 /  8192 )
nummapbrushsides: (   138 / 65536 )
num_map_overlays: (     0 /   512 )
nummodels:        (    18 /  1024 )
num_entities:     (   119 / 16384 )

0 seconds elapsed



24 threads
reading d:\steamlibrary\steamapps\common\portal 2\sdk_content\maps\custom maps\cd_special_stage\cd_special_stage.bsp
reading d:\steamlibrary\steamapps\common\portal 2\sdk_content\maps\custom maps\cd_special_stage\cd_special_stage.prt
   4 portalclusters
   4 numportals
0...1...2...3...4...5...6...7...8...9...100...1...2...3...4...5...6...7...8...9...10Optimized: 0 visible clusters (0.00%)
Total clusters visible: 16
Average clusters visible: 4
Building PAS...
Average clusters audible: 4
visdatasize:44  compressed from 64
writing d:\steamlibrary\steamapps\common\portal 2\sdk_content\maps\custom maps\cd_special_stage\cd_special_stage.bsp
0 seconds elapsed



[Reading texlights from 'lights.rad']
[59 texlights parsed from 'lights.rad']

Loading d:\steamlibrary\steamapps\common\portal 2\sdk_content\maps\custom maps\cd_special_stage\cd_special_stage.bsp
78 faces
57999 square feet [8351872.00 square inches]
0 Displacements
0 Square Feet [0.00 Square Inches]
78 patches before subdivision
5370 patches after subdivision
0 direct lights
0...1...2...3...4...5...6...7...8...9...100...1...2...3...4...5...6...7...8...9...10transfers 599726, max 256
transfer lists:   4.6 megs
0...1...2...3...4...5...6...7...8...9...10	Bounce #1 added RGB(0, 0, 0)
Build Patch/Sample Hash Table(s).....Done<0.0007 sec>
0...1...2...3...4...5...6...7...8...9...10FinalLightFace Done
0 of 0 (0% of) surface lights went in leaf ambient cubes.
0...1...2...3...4...5...6...7...8...9...10Writing leaf ambient...done
Ready to Finish

Object names       Objects/Maxobjs  Memory / Maxmem  Fullness 
------------       ---------------  ---------------  -------- 
models                  18/1024          864/49152    ( 1.8%) 
brushes                 23/8192          276/98304    ( 0.3%) 
brushsides             138/65536        1104/524288   ( 0.2%) 
planes                 102/65536        2040/1310720  ( 0.2%) 
vertexes                97/65536        1164/786432   ( 0.1%) 
nodes                  129/65536        4128/2097152  ( 0.2%) 
texinfos                11/12288         792/884736   ( 0.1%) 
texdata                  4/2048          128/65536    ( 0.2%) 
dispinfos                0/0               0/0        ( 0.0%) 
disp_verts               0/0               0/0        ( 0.0%) 
disp_tris                0/0               0/0        ( 0.0%) 
disp_multiblend          0/0               0/0        ( 0.0%) 
disp_lmsamples           0/0               0/0        ( 0.0%) 
faces                   78/65536        4368/3670016  ( 0.1%) 
hdr faces                0/65536           0/3670016  ( 0.0%) 
origfaces               42/65536        2352/3670016  ( 0.1%) 
facebrushes              0/0               0/0        ( 0.0%) 
facebrushlists          78/0             312/0        ( 0.0%) 
leaves                 148/65536        4736/2097152  ( 0.2%) 
leaffaces               78/65536         156/131072   ( 0.1%) 
leafbrushes             33/65536          66/131072   ( 0.1%) 
areas                    2/256            16/2048     ( 0.8%) 
surfedges              488/512000       1952/2048000  ( 0.1%) 
edges                  245/256000        980/1024000  ( 0.1%) 
LDR worldlights          0/8192            0/819200   ( 0.0%) 
HDR worldlights          0/8192            0/819200   ( 0.0%) 
leafwaterdata            0/32768           0/393216   ( 0.0%) 
waterstrips              0/32768           0/327680   ( 0.0%) 
waterverts               0/65536           0/786432   ( 0.0%) 
waterindices             0/65536           0/131072   ( 0.0%) 
cubemapsamples           0/1024            0/16384    ( 0.0%) 
overlays                 0/512             0/180224   ( 0.0%) 
LDR lightdata         [variable]      554600/0        ( 0.0%) 
HDR lightdata         [variable]           0/0        ( 0.0%) 
visdata               [variable]          44/16777216 ( 0.0%) 
entdata               [variable]       38253/393216   ( 9.7%) 
LDR ambient table      148/65536         592/262144   ( 0.2%) 
HDR ambient table      148/65536         592/262144   ( 0.2%) 
LDR leaf ambient       117/65536        3276/1835008  ( 0.2%) 
HDR leaf ambient       148/65536        4144/1835008  ( 0.2%) 
occluders                0/0               0/0        ( 0.0%) 
occluder polygons        0/0               0/0        ( 0.0%) 
occluder vert ind        0/0               0/0        ( 0.0%) 
detail props          [variable]           1/12       ( 8.3%) 
static props          [variable]           1/12       ( 8.3%) 
pakfile               [variable]       74462/0        ( 0.0%) 
physics               [variable]       11672/4194304  ( 0.3%) 
physics terrain       [variable]           2/1048576  ( 0.0%) 

Level flags = 1

Total triangle count: 164
Writing d:\steamlibrary\steamapps\common\portal 2\sdk_content\maps\custom maps\cd_special_stage\cd_special_stage.bsp
0 seconds elapsed



Using shader api: shaderapiempty.dll
materialPath: D:\SteamLibrary\steamapps\common\Portal 2\portal2\materials
Loading D:\SteamLibrary\steamapps\common\Portal 2\sdk_content\maps\custom maps\cd_special_stage\cd_special_stage.vmf
ConVarRef gpu_level doesn't point to an existing ConVar
fixing up env_cubemap materials on brush sides...
0...1...2...3...4...5...6...7...8...9...100...1...2...3...4...5...6...7...8...9...10Processing areas...done (0)
Building Faces...done (0)
FixTjuncs...
PruneNodes...
WriteBSP...
done (0)
writing D:\SteamLibrary\steamapps\common\Portal 2\sdk_content\maps\custom maps\cd_special_stage\cd_special_stage.prt...Building visibility clusters...
done (0)
Finding displacement neighbors...
Finding lightmap sample positions...
Displacement Alpha : 0...1...2...3...4...5...6...7...8...9...10
Building Physics collision data...
done (0) (11672 bytes)
Placing detail props : 0...1...2...3...4...5...6...7...8...9...10
Compacting texture/material tables...
Reduced 18 texinfos to 11
Reduced 4 texdatas to 4 (82 bytes to 82)
Writing D:\SteamLibrary\steamapps\common\Portal 2\sdk_content\maps\custom maps\cd_special_stage\cd_special_stage.bsp

nummapplanes:     (   102 / 65536 )
nummapbrushes:    (    23 /  8192 )
nummapbrushsides: (   138 / 65536 )
num_map_overlays: (     0 /   512 )
nummodels:        (    18 /  1024 )
num_entities:     (   122 / 16384 )

0 seconds elapsed



24 threads
reading d:\steamlibrary\steamapps\common\portal 2\sdk_content\maps\custom maps\cd_special_stage\cd_special_stage.bsp
reading d:\steamlibrary\steamapps\common\portal 2\sdk_content\maps\custom maps\cd_special_stage\cd_special_stage.prt
   4 portalclusters
   4 numportals
0...1...2...3...4...5...6...7...8...9...100...1...2...3...4...5...6...7...8...9...10Optimized: 0 visible clusters (0.00%)
Total clusters visible: 16
Average clusters visible: 4
Building PAS...
Average clusters audible: 4
visdatasize:44  compressed from 64
writing d:\steamlibrary\steamapps\common\portal 2\sdk_content\maps\custom maps\cd_special_stage\cd_special_stage.bsp
0 seconds elapsed



[Reading texlights from 'lights.rad']
[59 texlights parsed from 'lights.rad']

Loading d:\steamlibrary\steamapps\common\portal 2\sdk_content\maps\custom maps\cd_special_stage\cd_special_stage.bsp
78 faces
57999 square feet [8351872.00 square inches]
0 Displacements
0 Square Feet [0.00 Square Inches]
78 patches before subdivision
5370 patches after subdivision
0 direct lights
0...1...2...3...4...5...6...7...8...9...100...1...2...3...4...5...6...7...8...9...10transfers 599715, max 256
transfer lists:   4.6 megs
0...1...2...3...4...5...6...7...8...9...10	Bounce #1 added RGB(0, 0, 0)
Build Patch/Sample Hash Table(s).....Done<0.0008 sec>
0...1...2...3...4...5...6...7...8...9...10FinalLightFace Done
0 of 0 (0% of) surface lights went in leaf ambient cubes.
0...1...2...3...4...5...6...7...8...9...10Writing leaf ambient...done
Ready to Finish

Object names       Objects/Maxobjs  Memory / Maxmem  Fullness 
------------       ---------------  ---------------  -------- 
models                  18/1024          864/49152    ( 1.8%) 
brushes                 23/8192          276/98304    ( 0.3%) 
brushsides             138/65536        1104/524288   ( 0.2%) 
planes                 102/65536        2040/1310720  ( 0.2%) 
vertexes                97/65536        1164/786432   ( 0.1%) 
nodes                  129/65536        4128/2097152  ( 0.2%) 
texinfos                11/12288         792/884736   ( 0.1%) 
texdata                  4/2048          128/65536    ( 0.2%) 
dispinfos                0/0               0/0        ( 0.0%) 
disp_verts               0/0               0/0        ( 0.0%) 
disp_tris                0/0               0/0        ( 0.0%) 
disp_multiblend          0/0               0/0        ( 0.0%) 
disp_lmsamples           0/0               0/0        ( 0.0%) 
faces                   78/65536        4368/3670016  ( 0.1%) 
hdr faces                0/65536           0/3670016  ( 0.0%) 
origfaces               42/65536        2352/3670016  ( 0.1%) 
facebrushes              0/0               0/0        ( 0.0%) 
facebrushlists          78/0             312/0        ( 0.0%) 
leaves                 148/65536        4736/2097152  ( 0.2%) 
leaffaces               78/65536         156/131072   ( 0.1%) 
leafbrushes             33/65536          66/131072   ( 0.1%) 
areas                    2/256            16/2048     ( 0.8%) 
surfedges              488/512000       1952/2048000  ( 0.1%) 
edges                  245/256000        980/1024000  ( 0.1%) 
LDR worldlights          0/8192            0/819200   ( 0.0%) 
HDR worldlights          0/8192            0/819200   ( 0.0%) 
leafwaterdata            0/32768           0/393216   ( 0.0%) 
waterstrips              0/32768           0/327680   ( 0.0%) 
waterverts               0/65536           0/786432   ( 0.0%) 
waterindices             0/65536           0/131072   ( 0.0%) 
cubemapsamples           0/1024            0/16384    ( 0.0%) 
overlays                 0/512             0/180224   ( 0.0%) 
LDR lightdata         [variable]      554600/0        ( 0.0%) 
HDR lightdata         [variable]           0/0        ( 0.0%) 
visdata               [variable]          44/16777216 ( 0.0%) 
entdata               [variable]       38798/393216   ( 9.9%) 
LDR ambient table      148/65536         592/262144   ( 0.2%) 
HDR ambient table      148/65536         592/262144   ( 0.2%) 
LDR leaf ambient       117/65536        3276/1835008  ( 0.2%) 
HDR leaf ambient       148/65536        4144/1835008  ( 0.2%) 
occluders                0/0               0/0        ( 0.0%) 
occluder polygons        0/0               0/0        ( 0.0%) 
occluder vert ind        0/0               0/0        ( 0.0%) 
detail props          [variable]           1/12       ( 8.3%) 
static props          [variable]           1/12       ( 8.3%) 
pakfile               [variable]       74462/0        ( 0.0%) 
physics               [variable]       11672/4194304  ( 0.3%) 
physics terrain       [variable]           2/1048576  ( 0.0%) 

Level flags = 1

Total triangle count: 164
Writing d:\steamlibrary\steamapps\common\portal 2\sdk_content\maps\custom maps\cd_special_stage\cd_special_stage.bsp
0 seconds elapsed



Using shader api: shaderapiempty.dll
materialPath: D:\SteamLibrary\steamapps\common\Portal 2\portal2\materials
Loading D:\SteamLibrary\steamapps\common\Portal 2\sdk_content\maps\custom maps\cd_special_stage\cd_special_stage.vmf
ConVarRef gpu_level doesn't point to an existing ConVar
fixing up env_cubemap materials on brush sides...
0...1...2...3...4...5...6...7...8...9...100...1...2...3...4...5...6...7...8...9...10Processing areas...done (0)
Building Faces...done (0)
FixTjuncs...
PruneNodes...
WriteBSP...
done (0)
writing D:\SteamLibrary\steamapps\common\Portal 2\sdk_content\maps\custom maps\cd_special_stage\cd_special_stage.prt...Building visibility clusters...
done (0)
Finding displacement neighbors...
Finding lightmap sample positions...
Displacement Alpha : 0...1...2...3...4...5...6...7...8...9...10
Building Physics collision data...
done (0) (11672 bytes)
Placing detail props : 0...1...2...3...4...5...6...7...8...9...10
Compacting texture/material tables...
Reduced 18 texinfos to 11
Reduced 4 texdatas to 4 (82 bytes to 82)
Writing D:\SteamLibrary\steamapps\common\Portal 2\sdk_content\maps\custom maps\cd_special_stage\cd_special_stage.bsp

nummapplanes:     (   102 / 65536 )
nummapbrushes:    (    23 /  8192 )
nummapbrushsides: (   138 / 65536 )
num_map_overlays: (     0 /   512 )
nummodels:        (    18 /  1024 )
num_entities:     (   122 / 16384 )

0 seconds elapsed



24 threads
reading d:\steamlibrary\steamapps\common\portal 2\sdk_content\maps\custom maps\cd_special_stage\cd_special_stage.bsp
reading d:\steamlibrary\steamapps\common\portal 2\sdk_content\maps\custom maps\cd_special_stage\cd_special_stage.prt
   4 portalclusters
   4 numportals
0...1...2...3...4...5...6...7...8...9...100...1...2...3...4...5...6...7...8...9...10Optimized: 0 visible clusters (0.00%)
Total clusters visible: 16
Average clusters visible: 4
Building PAS...
Average clusters audible: 4
visdatasize:44  compressed from 64
writing d:\steamlibrary\steamapps\common\portal 2\sdk_content\maps\custom maps\cd_special_stage\cd_special_stage.bsp
0 seconds elapsed



[Reading texlights from 'lights.rad']
[59 texlights parsed from 'lights.rad']

Loading d:\steamlibrary\steamapps\common\portal 2\sdk_content\maps\custom maps\cd_special_stage\cd_special_stage.bsp
78 faces
57999 square feet [8351872.00 square inches]
0 Displacements
0 Square Feet [0.00 Square Inches]
78 patches before subdivision
5370 patches after subdivision
0 direct lights
0...1...2...3...4...5...6...7...8...9...100...1...2...3...4...5...6...7...8...9...10transfers 599715, max 256
transfer lists:   4.6 megs
0...1...2...3...4...5...6...7...8...9...10	Bounce #1 added RGB(0, 0, 0)
Build Patch/Sample Hash Table(s).....Done<0.0007 sec>
0...1...2...3...4...5...6...7...8...9...10FinalLightFace Done
0 of 0 (0% of) surface lights went in leaf ambient cubes.
0...1...2...3...4...5...6...7...8...9...10Writing leaf ambient...done
Ready to Finish

Object names       Objects/Maxobjs  Memory / Maxmem  Fullness 
------------       ---------------  ---------------  -------- 
models                  18/1024          864/49152    ( 1.8%) 
brushes                 23/8192          276/98304    ( 0.3%) 
brushsides             138/65536        1104/524288   ( 0.2%) 
planes                 102/65536        2040/1310720  ( 0.2%) 
vertexes                97/65536        1164/786432   ( 0.1%) 
nodes                  129/65536        4128/2097152  ( 0.2%) 
texinfos                11/12288         792/884736   ( 0.1%) 
texdata                  4/2048          128/65536    ( 0.2%) 
dispinfos                0/0               0/0        ( 0.0%) 
disp_verts               0/0               0/0        ( 0.0%) 
disp_tris                0/0               0/0        ( 0.0%) 
disp_multiblend          0/0               0/0        ( 0.0%) 
disp_lmsamples           0/0               0/0        ( 0.0%) 
faces                   78/65536        4368/3670016  ( 0.1%) 
hdr faces                0/65536           0/3670016  ( 0.0%) 
origfaces               42/65536        2352/3670016  ( 0.1%) 
facebrushes              0/0               0/0        ( 0.0%) 
facebrushlists          78/0             312/0        ( 0.0%) 
leaves                 148/65536        4736/2097152  ( 0.2%) 
leaffaces               78/65536         156/131072   ( 0.1%) 
leafbrushes             33/65536          66/131072   ( 0.1%) 
areas                    2/256            16/2048     ( 0.8%) 
surfedges              488/512000       1952/2048000  ( 0.1%) 
edges                  245/256000        980/1024000  ( 0.1%) 
LDR worldlights          0/8192            0/819200   ( 0.0%) 
HDR worldlights          0/8192            0/819200   ( 0.0%) 
leafwaterdata            0/32768           0/393216   ( 0.0%) 
waterstrips              0/32768           0/327680   ( 0.0%) 
waterverts               0/65536           0/786432   ( 0.0%) 
waterindices             0/65536           0/131072   ( 0.0%) 
cubemapsamples           0/1024            0/16384    ( 0.0%) 
overlays                 0/512             0/180224   ( 0.0%) 
LDR lightdata         [variable]      554600/0        ( 0.0%) 
HDR lightdata         [variable]           0/0        ( 0.0%) 
visdata               [variable]          44/16777216 ( 0.0%) 
entdata               [variable]       38798/393216   ( 9.9%) 
LDR ambient table      148/65536         592/262144   ( 0.2%) 
HDR ambient table      148/65536         592/262144   ( 0.2%) 
LDR leaf ambient       117/65536        3276/1835008  ( 0.2%) 
HDR leaf ambient       148/65536        4144/1835008  ( 0.2%) 
occluders                0/0               0/0        ( 0.0%) 
occluder polygons        0/0               0/0        ( 0.0%) 
occluder vert ind        0/0               0/0        ( 0.0%) 
detail props          [variable]           1/12       ( 8.3%) 
static props          [variable]           1/12       ( 8.3%) 
pakfile               [variable]       74462/0        ( 0.0%) 
physics               [variable]       11672/4194304  ( 0.3%) 
physics terrain       [variable]           2/1048576  ( 0.0%) 

Level flags = 1

Total triangle count: 164
Writing d:\steamlibrary\steamapps\common\portal 2\sdk_content\maps\custom maps\cd_special_stage\cd_special_stage.bsp
0 seconds elapsed



Using shader api: shaderapiempty.dll
materialPath: D:\SteamLibrary\steamapps\common\Portal 2\portal2\materials
Loading D:\SteamLibrary\steamapps\common\Portal 2\sdk_content\maps\custom maps\cd_special_stage\cd_special_stage.vmf
ConVarRef gpu_level doesn't point to an existing ConVar
fixing up env_cubemap materials on brush sides...
0...1...2...3...4...5...6...7...8...9...100...1...2...3...4...5...6...7...8...9...10Processing areas...done (0)
Building Faces...done (0)
FixTjuncs...
PruneNodes...
WriteBSP...
done (0)
writing D:\SteamLibrary\steamapps\common\Portal 2\sdk_content\maps\custom maps\cd_special_stage\cd_special_stage.prt...Building visibility clusters...
done (0)
Finding displacement neighbors...
Finding lightmap sample positions...
Displacement Alpha : 0...1...2...3...4...5...6...7...8...9...10
Building Physics collision data...
done (0) (13330 bytes)
Placing detail props : 0...1...2...3...4...5...6...7...8...9...10
Compacting texture/material tables...
Reduced 18 texinfos to 11
Reduced 4 texdatas to 4 (82 bytes to 82)
Writing D:\SteamLibrary\steamapps\common\Portal 2\sdk_content\maps\custom maps\cd_special_stage\cd_special_stage.bsp

nummapplanes:     (   102 / 65536 )
nummapbrushes:    (    26 /  8192 )
nummapbrushsides: (   156 / 65536 )
num_map_overlays: (     0 /   512 )
nummodels:        (    21 /  1024 )
num_entities:     (   138 / 16384 )

0 seconds elapsed



24 threads
reading d:\steamlibrary\steamapps\common\portal 2\sdk_content\maps\custom maps\cd_special_stage\cd_special_stage.bsp
reading d:\steamlibrary\steamapps\common\portal 2\sdk_content\maps\custom maps\cd_special_stage\cd_special_stage.prt
   4 portalclusters
   4 numportals
0...1...2...3...4...5...6...7...8...9...100...1...2...3...4...5...6...7...8...9...10Optimized: 0 visible clusters (0.00%)
Total clusters visible: 16
Average clusters visible: 4
Building PAS...
Average clusters audible: 4
visdatasize:44  compressed from 64
writing d:\steamlibrary\steamapps\common\portal 2\sdk_content\maps\custom maps\cd_special_stage\cd_special_stage.bsp
0 seconds elapsed



[Reading texlights from 'lights.rad']
[59 texlights parsed from 'lights.rad']

Loading d:\steamlibrary\steamapps\common\portal 2\sdk_content\maps\custom maps\cd_special_stage\cd_special_stage.bsp
84 faces
58216 square feet [8383232.00 square inches]
0 Displacements
0 Square Feet [0.00 Square Inches]
84 patches before subdivision
5376 patches after subdivision
0 direct lights
0...1...2...3...4...5...6...7...8...9...100...1...2...3...4...5...6...7...8...9...10transfers 600974, max 256
transfer lists:   4.6 megs
0...1...2...3...4...5...6...7...8...9...10	Bounce #1 added RGB(0, 0, 0)
Build Patch/Sample Hash Table(s).....Done<0.0008 sec>
0...1...2...3...4...5...6...7...8...9...10FinalLightFace Done
0 of 0 (0% of) surface lights went in leaf ambient cubes.
0...1...2...3...4...5...6...7...8...9...10Writing leaf ambient...done
Ready to Finish

Object names       Objects/Maxobjs  Memory / Maxmem  Fullness 
------------       ---------------  ---------------  -------- 
models                  21/1024         1008/49152    ( 2.1%) 
brushes                 26/8192          312/98304    ( 0.3%) 
brushsides             156/65536        1248/524288   ( 0.2%) 
planes                 102/65536        2040/1310720  ( 0.2%) 
vertexes               105/65536        1260/786432   ( 0.2%) 
nodes                  147/65536        4704/2097152  ( 0.2%) 
texinfos                11/12288         792/884736   ( 0.1%) 
texdata                  4/2048          128/65536    ( 0.2%) 
dispinfos                0/0               0/0        ( 0.0%) 
disp_verts               0/0               0/0        ( 0.0%) 
disp_tris                0/0               0/0        ( 0.0%) 
disp_multiblend          0/0               0/0        ( 0.0%) 
disp_lmsamples           0/0               0/0        ( 0.0%) 
faces                   84/65536        4704/3670016  ( 0.1%) 
hdr faces                0/65536           0/3670016  ( 0.0%) 
origfaces               48/65536        2688/3670016  ( 0.1%) 
facebrushes              0/0               0/0        ( 0.0%) 
facebrushlists          84/0             336/0        ( 0.0%) 
leaves                 169/65536        5408/2097152  ( 0.3%) 
leaffaces               84/65536         168/131072   ( 0.1%) 
leafbrushes             36/65536          72/131072   ( 0.1%) 
areas                    2/256            16/2048     ( 0.8%) 
surfedges              536/512000       2144/2048000  ( 0.1%) 
edges                  269/256000       1076/1024000  ( 0.1%) 
LDR worldlights          0/8192            0/819200   ( 0.0%) 
HDR worldlights          0/8192            0/819200   ( 0.0%) 
leafwaterdata            0/32768           0/393216   ( 0.0%) 
waterstrips              0/32768           0/327680   ( 0.0%) 
waterverts               0/65536           0/786432   ( 0.0%) 
waterindices             0/65536           0/131072   ( 0.0%) 
cubemapsamples           0/1024            0/16384    ( 0.0%) 
overlays                 0/512             0/180224   ( 0.0%) 
LDR lightdata         [variable]      554600/0        ( 0.0%) 
HDR lightdata         [variable]           0/0        ( 0.0%) 
visdata               [variable]          44/16777216 ( 0.0%) 
entdata               [variable]       44600/393216   (11.3%) 
LDR ambient table      169/65536         676/262144   ( 0.3%) 
HDR ambient table      169/65536         676/262144   ( 0.3%) 
LDR leaf ambient       137/65536        3836/1835008  ( 0.2%) 
HDR leaf ambient       169/65536        4732/1835008  ( 0.3%) 
occluders                0/0               0/0        ( 0.0%) 
occluder polygons        0/0               0/0        ( 0.0%) 
occluder vert ind        0/0               0/0        ( 0.0%) 
detail props          [variable]           1/12       ( 8.3%) 
static props          [variable]           1/12       ( 8.3%) 
pakfile               [variable]       74462/0        ( 0.0%) 
physics               [variable]       13330/4194304  ( 0.3%) 
physics terrain       [variable]           2/1048576  ( 0.0%) 

Level flags = 1

Total triangle count: 176
Writing d:\steamlibrary\steamapps\common\portal 2\sdk_content\maps\custom maps\cd_special_stage\cd_special_stage.bsp
0 seconds elapsed



Using shader api: shaderapiempty.dll
materialPath: D:\SteamLibrary\steamapps\common\Portal 2\portal2\materials
Loading D:\SteamLibrary\steamapps\common\Portal 2\sdk_content\maps\custom maps\cd_special_stage\cd_special_stage.vmf
ConVarRef gpu_level doesn't point to an existing ConVar
fixing up env_cubemap materials on brush sides...
0...1...2...3...4...5...6...7...8...9...100...1...2...3...4...5...6...7...8...9...10Processing areas...done (0)
Building Faces...done (0)
FixTjuncs...
PruneNodes...
WriteBSP...
done (0)
writing D:\SteamLibrary\steamapps\common\Portal 2\sdk_content\maps\custom maps\cd_special_stage\cd_special_stage.prt...Building visibility clusters...
done (0)
Finding displacement neighbors...
Finding lightmap sample positions...
Displacement Alpha : 0...1...2...3...4...5...6...7...8...9...10
Building Physics collision data...
done (0) (17098 bytes)
Placing detail props : 0...1...2...3...4...5...6...7...8...9...10
Compacting texture/material tables...
Reduced 30 texinfos to 12
Reduced 5 texdatas to 5 (100 bytes to 100)
Writing D:\SteamLibrary\steamapps\common\Portal 2\sdk_content\maps\custom maps\cd_special_stage\cd_special_stage.bsp

nummapplanes:     (   152 / 65536 )
nummapbrushes:    (    35 /  8192 )
nummapbrushsides: (   210 / 65536 )
num_map_overlays: (     0 /   512 )
nummodels:        (    24 /  1024 )
num_entities:     (   166 / 16384 )

0 seconds elapsed



24 threads
reading d:\steamlibrary\steamapps\common\portal 2\sdk_content\maps\custom maps\cd_special_stage\cd_special_stage.bsp
reading d:\steamlibrary\steamapps\common\portal 2\sdk_content\maps\custom maps\cd_special_stage\cd_special_stage.prt
   5 portalclusters
   4 numportals
0...1...2...3...4...5...6...7...8...9...100...1...2...3...4...5...6...7...8...9...10Optimized: 0 visible clusters (0.00%)
Total clusters visible: 17
Average clusters visible: 3
Building PAS...
Average clusters audible: 3
visdatasize:54  compressed from 80
writing d:\steamlibrary\steamapps\common\portal 2\sdk_content\maps\custom maps\cd_special_stage\cd_special_stage.bsp
0 seconds elapsed



[Reading texlights from 'lights.rad']
[59 texlights parsed from 'lights.rad']

Loading d:\steamlibrary\steamapps\common\portal 2\sdk_content\maps\custom maps\cd_special_stage\cd_special_stage.bsp
90 faces
58434 square feet [8414592.00 square inches]
0 Displacements
0 Square Feet [0.00 Square Inches]
90 patches before subdivision
5382 patches after subdivision
0 direct lights
0...1...2...3...4...5...6...7...8...9...100...1...2...3...4...5...6...7...8...9...10transfers 602206, max 256
transfer lists:   4.6 megs
0...1...2...3...4...5...6...7...8...9...10	Bounce #1 added RGB(0, 0, 0)
Build Patch/Sample Hash Table(s).....Done<0.0007 sec>
0...1...2...3...4...5...6...7...8...9...10FinalLightFace Done
0 of 0 (0% of) surface lights went in leaf ambient cubes.
0...1...2...3...4...5...6...7...8...9...10Writing leaf ambient...done
Ready to Finish

Object names       Objects/Maxobjs  Memory / Maxmem  Fullness 
------------       ---------------  ---------------  -------- 
models                  24/1024         1152/49152    ( 2.3%) 
brushes                 35/8192          420/98304    ( 0.4%) 
brushsides             210/65536        1680/524288   ( 0.3%) 
planes                 152/65536        3040/1310720  ( 0.2%) 
vertexes               121/65536        1452/786432   ( 0.2%) 
nodes                  174/65536        5568/2097152  ( 0.3%) 
texinfos                12/12288         864/884736   ( 0.1%) 
texdata                  5/2048          160/65536    ( 0.2%) 
dispinfos                0/0               0/0        ( 0.0%) 
disp_verts               0/0               0/0        ( 0.0%) 
disp_tris                0/0               0/0        ( 0.0%) 
disp_multiblend          0/0               0/0        ( 0.0%) 
disp_lmsamples           0/0               0/0        ( 0.0%) 
faces                   90/65536        5040/3670016  ( 0.1%) 
hdr faces                0/65536           0/3670016  ( 0.0%) 
origfaces               54/65536        3024/3670016  ( 0.1%) 
facebrushes              0/0               0/0        ( 0.0%) 
facebrushlists          90/0             360/0        ( 0.0%) 
leaves                 199/65536        6368/2097152  ( 0.3%) 
leaffaces               90/65536         180/131072   ( 0.1%) 
leafbrushes             45/65536          90/131072   ( 0.1%) 
areas                    3/256            24/2048     ( 1.2%) 
surfedges              584/512000       2336/2048000  ( 0.1%) 
edges                  293/256000       1172/1024000  ( 0.1%) 
LDR worldlights          0/8192            0/819200   ( 0.0%) 
HDR worldlights          0/8192            0/819200   ( 0.0%) 
leafwaterdata            0/32768           0/393216   ( 0.0%) 
waterstrips              0/32768           0/327680   ( 0.0%) 
waterverts               0/65536           0/786432   ( 0.0%) 
waterindices             0/65536           0/131072   ( 0.0%) 
cubemapsamples           0/1024            0/16384    ( 0.0%) 
overlays                 0/512             0/180224   ( 0.0%) 
LDR lightdata         [variable]      554600/0        ( 0.0%) 
HDR lightdata         [variable]           0/0        ( 0.0%) 
visdata               [variable]          54/16777216 ( 0.0%) 
entdata               [variable]       53114/393216   (13.5%) 
LDR ambient table      199/65536         796/262144   ( 0.3%) 
HDR ambient table      199/65536         796/262144   ( 0.3%) 
LDR leaf ambient       158/65536        4424/1835008  ( 0.2%) 
HDR leaf ambient       199/65536        5572/1835008  ( 0.3%) 
occluders                0/0               0/0        ( 0.0%) 
occluder polygons        0/0               0/0        ( 0.0%) 
occluder vert ind        0/0               0/0        ( 0.0%) 
detail props          [variable]           1/12       ( 8.3%) 
static props          [variable]           1/12       ( 8.3%) 
pakfile               [variable]       74462/0        ( 0.0%) 
physics               [variable]       17098/4194304  ( 0.4%) 
physics terrain       [variable]           2/1048576  ( 0.0%) 

Level flags = 1

Total triangle count: 188
Writing d:\steamlibrary\steamapps\common\portal 2\sdk_content\maps\custom maps\cd_special_stage\cd_special_stage.bsp
0 seconds elapsed



Using shader api: shaderapiempty.dll
materialPath: D:\SteamLibrary\steamapps\common\Portal 2\portal2\materials
Loading D:\SteamLibrary\steamapps\common\Portal 2\sdk_content\maps\custom maps\cd_special_stage\cd_special_stage.vmf
ConVarRef gpu_level doesn't point to an existing ConVar
fixing up env_cubemap materials on brush sides...
0...1...2...3...4...5...6...7...8...9...100...1...2...3...4...5...6...7...8...9...10Processing areas...done (0)
Building Faces...done (0)
FixTjuncs...
PruneNodes...
WriteBSP...
done (0)
writing D:\SteamLibrary\steamapps\common\Portal 2\sdk_content\maps\custom maps\cd_special_stage\cd_special_stage.prt...Building visibility clusters...
done (0)
Finding displacement neighbors...
Finding lightmap sample positions...
Displacement Alpha : 0...1...2...3...4...5...6...7...8...9...10
Building Physics collision data...
done (0) (17098 bytes)
Placing detail props : 0...1...2...3...4...5...6...7...8...9...10
Compacting texture/material tables...
Reduced 30 texinfos to 12
Reduced 5 texdatas to 5 (100 bytes to 100)
Writing D:\SteamLibrary\steamapps\common\Portal 2\sdk_content\maps\custom maps\cd_special_stage\cd_special_stage.bsp

nummapplanes:     (   152 / 65536 )
nummapbrushes:    (    35 /  8192 )
nummapbrushsides: (   210 / 65536 )
num_map_overlays: (     0 /   512 )
nummodels:        (    24 /  1024 )
num_entities:     (   166 / 16384 )

0 seconds elapsed



24 threads
reading d:\steamlibrary\steamapps\common\portal 2\sdk_content\maps\custom maps\cd_special_stage\cd_special_stage.bsp
reading d:\steamlibrary\steamapps\common\portal 2\sdk_content\maps\custom maps\cd_special_stage\cd_special_stage.prt
   5 portalclusters
   4 numportals
0...1...2...3...4...5...6...7...8...9...100...1...2...3...4...5...6...7...8...9...10Optimized: 0 visible clusters (0.00%)
Total clusters visible: 17
Average clusters visible: 3
Building PAS...
Average clusters audible: 3
visdatasize:54  compressed from 80
writing d:\steamlibrary\steamapps\common\portal 2\sdk_content\maps\custom maps\cd_special_stage\cd_special_stage.bsp
0 seconds elapsed



[Reading texlights from 'lights.rad']
[59 texlights parsed from 'lights.rad']

Loading d:\steamlibrary\steamapps\common\portal 2\sdk_content\maps\custom maps\cd_special_stage\cd_special_stage.bsp
90 faces
58434 square feet [8414592.00 square inches]
0 Displacements
0 Square Feet [0.00 Square Inches]
90 patches before subdivision
5382 patches after subdivision
0 direct lights
0...1...2...3...4...5...6...7...8...9...100...1...2...3...4...5...6...7...8...9...10transfers 602206, max 256
transfer lists:   4.6 megs
0...1...2...3...4...5...6...7...8...9...10	Bounce #1 added RGB(0, 0, 0)
Build Patch/Sample Hash Table(s).....Done<0.0007 sec>
0...1...2...3...4...5...6...7...8...9...10FinalLightFace Done
0 of 0 (0% of) surface lights went in leaf ambient cubes.
0...1...2...3...4...5...6...7...8...9...10Writing leaf ambient...done
Ready to Finish

Object names       Objects/Maxobjs  Memory / Maxmem  Fullness 
------------       ---------------  ---------------  -------- 
models                  24/1024         1152/49152    ( 2.3%) 
brushes                 35/8192          420/98304    ( 0.4%) 
brushsides             210/65536        1680/524288   ( 0.3%) 
planes                 152/65536        3040/1310720  ( 0.2%) 
vertexes               121/65536        1452/786432   ( 0.2%) 
nodes                  174/65536        5568/2097152  ( 0.3%) 
texinfos                12/12288         864/884736   ( 0.1%) 
texdata                  5/2048          160/65536    ( 0.2%) 
dispinfos                0/0               0/0        ( 0.0%) 
disp_verts               0/0               0/0        ( 0.0%) 
disp_tris                0/0               0/0        ( 0.0%) 
disp_multiblend          0/0               0/0        ( 0.0%) 
disp_lmsamples           0/0               0/0        ( 0.0%) 
faces                   90/65536        5040/3670016  ( 0.1%) 
hdr faces                0/65536           0/3670016  ( 0.0%) 
origfaces               54/65536        3024/3670016  ( 0.1%) 
facebrushes              0/0               0/0        ( 0.0%) 
facebrushlists          90/0             360/0        ( 0.0%) 
leaves                 199/65536        6368/2097152  ( 0.3%) 
leaffaces               90/65536         180/131072   ( 0.1%) 
leafbrushes             45/65536          90/131072   ( 0.1%) 
areas                    3/256            24/2048     ( 1.2%) 
surfedges              584/512000       2336/2048000  ( 0.1%) 
edges                  293/256000       1172/1024000  ( 0.1%) 
LDR worldlights          0/8192            0/819200   ( 0.0%) 
HDR worldlights          0/8192            0/819200   ( 0.0%) 
leafwaterdata            0/32768           0/393216   ( 0.0%) 
waterstrips              0/32768           0/327680   ( 0.0%) 
waterverts               0/65536           0/786432   ( 0.0%) 
waterindices             0/65536           0/131072   ( 0.0%) 
cubemapsamples           0/1024            0/16384    ( 0.0%) 
overlays                 0/512             0/180224   ( 0.0%) 
LDR lightdata         [variable]      554600/0        ( 0.0%) 
HDR lightdata         [variable]           0/0        ( 0.0%) 
visdata               [variable]          54/16777216 ( 0.0%) 
entdata               [variable]       53181/393216   (13.5%) 
LDR ambient table      199/65536         796/262144   ( 0.3%) 
HDR ambient table      199/65536         796/262144   ( 0.3%) 
LDR leaf ambient       158/65536        4424/1835008  ( 0.2%) 
HDR leaf ambient       199/65536        5572/1835008  ( 0.3%) 
occluders                0/0               0/0        ( 0.0%) 
occluder polygons        0/0               0/0        ( 0.0%) 
occluder vert ind        0/0               0/0        ( 0.0%) 
detail props          [variable]           1/12       ( 8.3%) 
static props          [variable]           1/12       ( 8.3%) 
pakfile               [variable]       74462/0        ( 0.0%) 
physics               [variable]       17098/4194304  ( 0.4%) 
physics terrain       [variable]           2/1048576  ( 0.0%) 

Level flags = 1

Total triangle count: 188
Writing d:\steamlibrary\steamapps\common\portal 2\sdk_content\maps\custom maps\cd_special_stage\cd_special_stage.bsp
0 seconds elapsed



Using shader api: shaderapiempty.dll
materialPath: D:\SteamLibrary\steamapps\common\Portal 2\portal2\materials
Loading D:\SteamLibrary\steamapps\common\Portal 2\sdk_content\maps\custom maps\cd_special_stage\cd_special_stage.vmf
ConVarRef gpu_level doesn't point to an existing ConVar
fixing up env_cubemap materials on brush sides...
0...1...2...3...4...5...6...7...8...9...100...1...2...3...4...5...6...7...8...9...10Processing areas...done (0)
Building Faces...done (0)
FixTjuncs...
PruneNodes...
WriteBSP...
done (0)
writing D:\SteamLibrary\steamapps\common\Portal 2\sdk_content\maps\custom maps\cd_special_stage\cd_special_stage.prt...Building visibility clusters...
done (0)
Finding displacement neighbors...
Finding lightmap sample positions...
Displacement Alpha : 0...1...2...3...4...5...6...7...8...9...10
Building Physics collision data...
done (0) (15440 bytes)
Placing detail props : 0...1...2...3...4...5...6...7...8...9...10
Compacting texture/material tables...
Reduced 30 texinfos to 12
Reduced 5 texdatas to 5 (100 bytes to 100)
Writing D:\SteamLibrary\steamapps\common\Portal 2\sdk_content\maps\custom maps\cd_special_stage\cd_special_stage.bsp

nummapplanes:     (   152 / 65536 )
nummapbrushes:    (    32 /  8192 )
nummapbrushsides: (   192 / 65536 )
num_map_overlays: (     0 /   512 )
nummodels:        (    21 /  1024 )
num_entities:     (   147 / 16384 )

0 seconds elapsed



24 threads
reading d:\steamlibrary\steamapps\common\portal 2\sdk_content\maps\custom maps\cd_special_stage\cd_special_stage.bsp
reading d:\steamlibrary\steamapps\common\portal 2\sdk_content\maps\custom maps\cd_special_stage\cd_special_stage.prt
   5 portalclusters
   4 numportals
0...1...2...3...4...5...6...7...8...9...100...1...2...3...4...5...6...7...8...9...10Optimized: 0 visible clusters (0.00%)
Total clusters visible: 17
Average clusters visible: 3
Building PAS...
Average clusters audible: 3
visdatasize:54  compressed from 80
writing d:\steamlibrary\steamapps\common\portal 2\sdk_content\maps\custom maps\cd_special_stage\cd_special_stage.bsp
0 seconds elapsed



[Reading texlights from 'lights.rad']
[59 texlights parsed from 'lights.rad']

Loading d:\steamlibrary\steamapps\common\portal 2\sdk_content\maps\custom maps\cd_special_stage\cd_special_stage.bsp
84 faces
58216 square feet [8383232.00 square inches]
0 Displacements
0 Square Feet [0.00 Square Inches]
84 patches before subdivision
5376 patches after subdivision
0 direct lights
0...1...2...3...4...5...6...7...8...9...100...1...2...3...4...5...6...7...8...9...10transfers 600974, max 256
transfer lists:   4.6 megs
0...1...2...3...4...5...6...7...8...9...10	Bounce #1 added RGB(0, 0, 0)
Build Patch/Sample Hash Table(s).....Done<0.0007 sec>
0...1...2...3...4...5...6...7...8...9...10FinalLightFace Done
0 of 0 (0% of) surface lights went in leaf ambient cubes.
0...1...2...3...4...5...6...7...8...9...10Writing leaf ambient...done
Ready to Finish

Object names       Objects/Maxobjs  Memory / Maxmem  Fullness 
------------       ---------------  ---------------  -------- 
models                  21/1024         1008/49152    ( 2.1%) 
brushes                 32/8192          384/98304    ( 0.4%) 
brushsides             192/65536        1536/524288   ( 0.3%) 
planes                 152/65536        3040/1310720  ( 0.2%) 
vertexes               113/65536        1356/786432   ( 0.2%) 
nodes                  156/65536        4992/2097152  ( 0.2%) 
texinfos                12/12288         864/884736   ( 0.1%) 
texdata                  5/2048          160/65536    ( 0.2%) 
dispinfos                0/0               0/0        ( 0.0%) 
disp_verts               0/0               0/0        ( 0.0%) 
disp_tris                0/0               0/0        ( 0.0%) 
disp_multiblend          0/0               0/0        ( 0.0%) 
disp_lmsamples           0/0               0/0        ( 0.0%) 
faces                   84/65536        4704/3670016  ( 0.1%) 
hdr faces                0/65536           0/3670016  ( 0.0%) 
origfaces               48/65536        2688/3670016  ( 0.1%) 
facebrushes              0/0               0/0        ( 0.0%) 
facebrushlists          84/0             336/0        ( 0.0%) 
leaves                 178/65536        5696/2097152  ( 0.3%) 
leaffaces               84/65536         168/131072   ( 0.1%) 
leafbrushes             42/65536          84/131072   ( 0.1%) 
areas                    3/256            24/2048     ( 1.2%) 
surfedges              536/512000       2144/2048000  ( 0.1%) 
edges                  269/256000       1076/1024000  ( 0.1%) 
LDR worldlights          0/8192            0/819200   ( 0.0%) 
HDR worldlights          0/8192            0/819200   ( 0.0%) 
leafwaterdata            0/32768           0/393216   ( 0.0%) 
waterstrips              0/32768           0/327680   ( 0.0%) 
waterverts               0/65536           0/786432   ( 0.0%) 
waterindices             0/65536           0/131072   ( 0.0%) 
cubemapsamples           0/1024            0/16384    ( 0.0%) 
overlays                 0/512             0/180224   ( 0.0%) 
LDR lightdata         [variable]      554600/0        ( 0.0%) 
HDR lightdata         [variable]           0/0        ( 0.0%) 
visdata               [variable]          54/16777216 ( 0.0%) 
entdata               [variable]       47046/393216   (12.0%) 
LDR ambient table      178/65536         712/262144   ( 0.3%) 
HDR ambient table      178/65536         712/262144   ( 0.3%) 
LDR leaf ambient       138/65536        3864/1835008  ( 0.2%) 
HDR leaf ambient       178/65536        4984/1835008  ( 0.3%) 
occluders                0/0               0/0        ( 0.0%) 
occluder polygons        0/0               0/0        ( 0.0%) 
occluder vert ind        0/0               0/0        ( 0.0%) 
detail props          [variable]           1/12       ( 8.3%) 
static props          [variable]           1/12       ( 8.3%) 
pakfile               [variable]       74462/0        ( 0.0%) 
physics               [variable]       15440/4194304  ( 0.4%) 
physics terrain       [variable]           2/1048576  ( 0.0%) 

Level flags = 1

Total triangle count: 176
Writing d:\steamlibrary\steamapps\common\portal 2\sdk_content\maps\custom maps\cd_special_stage\cd_special_stage.bsp
0 seconds elapsed



Using shader api: shaderapiempty.dll
materialPath: D:\SteamLibrary\steamapps\common\Portal 2\portal2\materials
Loading D:\SteamLibrary\steamapps\common\Portal 2\sdk_content\maps\custom maps\cd_special_stage\cd_special_stage.vmf
ConVarRef gpu_level doesn't point to an existing ConVar
fixing up env_cubemap materials on brush sides...
0...1...2...3...4...5...6...7...8...9...100...1...2...3...4...5...6...7...8...9...10Processing areas...done (0)
Building Faces...done (0)
FixTjuncs...
PruneNodes...
WriteBSP...
done (0)
writing D:\SteamLibrary\steamapps\common\Portal 2\sdk_content\maps\custom maps\cd_special_stage\cd_special_stage.prt...Building visibility clusters...
done (0)
Finding displacement neighbors...
Finding lightmap sample positions...
Displacement Alpha : 0...1...2...3...4...5...6...7...8...9...10
Building Physics collision data...
done (0) (15440 bytes)
Placing detail props : 0...1...2...3...4...5...6...7...8...9...10
Compacting texture/material tables...
Reduced 30 texinfos to 12
Reduced 5 texdatas to 5 (100 bytes to 100)
Writing D:\SteamLibrary\steamapps\common\Portal 2\sdk_content\maps\custom maps\cd_special_stage\cd_special_stage.bsp

nummapplanes:     (   152 / 65536 )
nummapbrushes:    (    32 /  8192 )
nummapbrushsides: (   192 / 65536 )
num_map_overlays: (     0 /   512 )
nummodels:        (    21 /  1024 )
num_entities:     (   147 / 16384 )

0 seconds elapsed



24 threads
reading d:\steamlibrary\steamapps\common\portal 2\sdk_content\maps\custom maps\cd_special_stage\cd_special_stage.bsp
reading d:\steamlibrary\steamapps\common\portal 2\sdk_content\maps\custom maps\cd_special_stage\cd_special_stage.prt
   5 portalclusters
   4 numportals
0...1...2...3...4...5...6...7...8...9...100...1...2...3...4...5...6...7...8...9...10Optimized: 0 visible clusters (0.00%)
Total clusters visible: 17
Average clusters visible: 3
Building PAS...
Average clusters audible: 3
visdatasize:54  compressed from 80
writing d:\steamlibrary\steamapps\common\portal 2\sdk_content\maps\custom maps\cd_special_stage\cd_special_stage.bsp
0 seconds elapsed



[Reading texlights from 'lights.rad']
[59 texlights parsed from 'lights.rad']

Loading d:\steamlibrary\steamapps\common\portal 2\sdk_content\maps\custom maps\cd_special_stage\cd_special_stage.bsp
84 faces
58216 square feet [8383232.00 square inches]
0 Displacements
0 Square Feet [0.00 Square Inches]
84 patches before subdivision
5376 patches after subdivision
0 direct lights
0...1...2...3...4...5...6...7...8...9...100...1...2...3...4...5...6...7...8...9...10transfers 600974, max 256
transfer lists:   4.6 megs
0...1...2...3...4...5...6...7...8...9...10	Bounce #1 added RGB(0, 0, 0)
Build Patch/Sample Hash Table(s).....Done<0.0007 sec>
0...1...2...3...4...5...6...7...8...9...10FinalLightFace Done
0 of 0 (0% of) surface lights went in leaf ambient cubes.
0...1...2...3...4...5...6...7...8...9...10Writing leaf ambient...done
Ready to Finish

Object names       Objects/Maxobjs  Memory / Maxmem  Fullness 
------------       ---------------  ---------------  -------- 
models                  21/1024         1008/49152    ( 2.1%) 
brushes                 32/8192          384/98304    ( 0.4%) 
brushsides             192/65536        1536/524288   ( 0.3%) 
planes                 152/65536        3040/1310720  ( 0.2%) 
vertexes               113/65536        1356/786432   ( 0.2%) 
nodes                  156/65536        4992/2097152  ( 0.2%) 
texinfos                12/12288         864/884736   ( 0.1%) 
texdata                  5/2048          160/65536    ( 0.2%) 
dispinfos                0/0               0/0        ( 0.0%) 
disp_verts               0/0               0/0        ( 0.0%) 
disp_tris                0/0               0/0        ( 0.0%) 
disp_multiblend          0/0               0/0        ( 0.0%) 
disp_lmsamples           0/0               0/0        ( 0.0%) 
faces                   84/65536        4704/3670016  ( 0.1%) 
hdr faces                0/65536           0/3670016  ( 0.0%) 
origfaces               48/65536        2688/3670016  ( 0.1%) 
facebrushes              0/0               0/0        ( 0.0%) 
facebrushlists          84/0             336/0        ( 0.0%) 
leaves                 178/65536        5696/2097152  ( 0.3%) 
leaffaces               84/65536         168/131072   ( 0.1%) 
leafbrushes             42/65536          84/131072   ( 0.1%) 
areas                    3/256            24/2048     ( 1.2%) 
surfedges              536/512000       2144/2048000  ( 0.1%) 
edges                  269/256000       1076/1024000  ( 0.1%) 
LDR worldlights          0/8192            0/819200   ( 0.0%) 
HDR worldlights          0/8192            0/819200   ( 0.0%) 
leafwaterdata            0/32768           0/393216   ( 0.0%) 
waterstrips              0/32768           0/327680   ( 0.0%) 
waterverts               0/65536           0/786432   ( 0.0%) 
waterindices             0/65536           0/131072   ( 0.0%) 
cubemapsamples           0/1024            0/16384    ( 0.0%) 
overlays                 0/512             0/180224   ( 0.0%) 
LDR lightdata         [variable]      554600/0        ( 0.0%) 
HDR lightdata         [variable]           0/0        ( 0.0%) 
visdata               [variable]          54/16777216 ( 0.0%) 
entdata               [variable]       46644/393216   (11.9%) 
LDR ambient table      178/65536         712/262144   ( 0.3%) 
HDR ambient table      178/65536         712/262144   ( 0.3%) 
LDR leaf ambient       138/65536        3864/1835008  ( 0.2%) 
HDR leaf ambient       178/65536        4984/1835008  ( 0.3%) 
occluders                0/0               0/0        ( 0.0%) 
occluder polygons        0/0               0/0        ( 0.0%) 
occluder vert ind        0/0               0/0        ( 0.0%) 
detail props          [variable]           1/12       ( 8.3%) 
static props          [variable]           1/12       ( 8.3%) 
pakfile               [variable]       74462/0        ( 0.0%) 
physics               [variable]       15440/4194304  ( 0.4%) 
physics terrain       [variable]           2/1048576  ( 0.0%) 

Level flags = 1

Total triangle count: 176
Writing d:\steamlibrary\steamapps\common\portal 2\sdk_content\maps\custom maps\cd_special_stage\cd_special_stage.bsp
0 seconds elapsed



Using shader api: shaderapiempty.dll
materialPath: D:\SteamLibrary\steamapps\common\Portal 2\portal2\materials
Loading D:\SteamLibrary\steamapps\common\Portal 2\sdk_content\maps\custom maps\cd_special_stage\cd_special_stage.vmf
ConVarRef gpu_level doesn't point to an existing ConVar
fixing up env_cubemap materials on brush sides...
0...1...2...3...4...5...6...7...8...9...100...1...2...3...4...5...6...7...8...9...10Processing areas...done (0)
Building Faces...done (0)
FixTjuncs...
PruneNodes...
WriteBSP...
done (0)
writing D:\SteamLibrary\steamapps\common\Portal 2\sdk_content\maps\custom maps\cd_special_stage\cd_special_stage.prt...Building visibility clusters...
done (0)
Finding displacement neighbors...
Finding lightmap sample positions...
Displacement Alpha : 0...1...2...3...4...5...6...7...8...9...10
Building Physics collision data...
done (0) (15440 bytes)
Placing detail props : 0...1...2...3...4...5...6...7...8...9...10
Compacting texture/material tables...
Reduced 30 texinfos to 12
Reduced 5 texdatas to 5 (100 bytes to 100)
Writing D:\SteamLibrary\steamapps\common\Portal 2\sdk_content\maps\custom maps\cd_special_stage\cd_special_stage.bsp

nummapplanes:     (   152 / 65536 )
nummapbrushes:    (    32 /  8192 )
nummapbrushsides: (   192 / 65536 )
num_map_overlays: (     0 /   512 )
nummodels:        (    21 /  1024 )
num_entities:     (   148 / 16384 )

0 seconds elapsed



24 threads
reading d:\steamlibrary\steamapps\common\portal 2\sdk_content\maps\custom maps\cd_special_stage\cd_special_stage.bsp
reading d:\steamlibrary\steamapps\common\portal 2\sdk_content\maps\custom maps\cd_special_stage\cd_special_stage.prt
   5 portalclusters
   4 numportals
0...1...2...3...4...5...6...7...8...9...100...1...2...3...4...5...6...7...8...9...10Optimized: 0 visible clusters (0.00%)
Total clusters visible: 17
Average clusters visible: 3
Building PAS...
Average clusters audible: 3
visdatasize:54  compressed from 80
writing d:\steamlibrary\steamapps\common\portal 2\sdk_content\maps\custom maps\cd_special_stage\cd_special_stage.bsp
0 seconds elapsed



[Reading texlights from 'lights.rad']
[59 texlights parsed from 'lights.rad']

Loading d:\steamlibrary\steamapps\common\portal 2\sdk_content\maps\custom maps\cd_special_stage\cd_special_stage.bsp
84 faces
58216 square feet [8383232.00 square inches]
0 Displacements
0 Square Feet [0.00 Square Inches]
84 patches before subdivision
5376 patches after subdivision
0 direct lights
0...1...2...3...4...5...6...7...8...9...100...1...2...3...4...5...6...7...8...9...10transfers 600974, max 256
transfer lists:   4.6 megs
0...1...2...3...4...5...6...7...8...9...10	Bounce #1 added RGB(0, 0, 0)
Build Patch/Sample Hash Table(s).....Done<0.0006 sec>
0...1...2...3...4...5...6...7...8...9...10FinalLightFace Done
0 of 0 (0% of) surface lights went in leaf ambient cubes.
0...1...2...3...4...5...6...7...8...9...10Writing leaf ambient...done
Ready to Finish

Object names       Objects/Maxobjs  Memory / Maxmem  Fullness 
------------       ---------------  ---------------  -------- 
models                  21/1024         1008/49152    ( 2.1%) 
brushes                 32/8192          384/98304    ( 0.4%) 
brushsides             192/65536        1536/524288   ( 0.3%) 
planes                 152/65536        3040/1310720  ( 0.2%) 
vertexes               113/65536        1356/786432   ( 0.2%) 
nodes                  156/65536        4992/2097152  ( 0.2%) 
texinfos                12/12288         864/884736   ( 0.1%) 
texdata                  5/2048          160/65536    ( 0.2%) 
dispinfos                0/0               0/0        ( 0.0%) 
disp_verts               0/0               0/0        ( 0.0%) 
disp_tris                0/0               0/0        ( 0.0%) 
disp_multiblend          0/0               0/0        ( 0.0%) 
disp_lmsamples           0/0               0/0        ( 0.0%) 
faces                   84/65536        4704/3670016  ( 0.1%) 
hdr faces                0/65536           0/3670016  ( 0.0%) 
origfaces               48/65536        2688/3670016  ( 0.1%) 
facebrushes              0/0               0/0        ( 0.0%) 
facebrushlists          84/0             336/0        ( 0.0%) 
leaves                 178/65536        5696/2097152  ( 0.3%) 
leaffaces               84/65536         168/131072   ( 0.1%) 
leafbrushes             42/65536          84/131072   ( 0.1%) 
areas                    3/256            24/2048     ( 1.2%) 
surfedges              536/512000       2144/2048000  ( 0.1%) 
edges                  269/256000       1076/1024000  ( 0.1%) 
LDR worldlights          0/8192            0/819200   ( 0.0%) 
HDR worldlights          0/8192            0/819200   ( 0.0%) 
leafwaterdata            0/32768           0/393216   ( 0.0%) 
waterstrips              0/32768           0/327680   ( 0.0%) 
waterverts               0/65536           0/786432   ( 0.0%) 
waterindices             0/65536           0/131072   ( 0.0%) 
cubemapsamples           0/1024            0/16384    ( 0.0%) 
overlays                 0/512             0/180224   ( 0.0%) 
LDR lightdata         [variable]      554600/0        ( 0.0%) 
HDR lightdata         [variable]           0/0        ( 0.0%) 
visdata               [variable]          54/16777216 ( 0.0%) 
entdata               [variable]       46855/393216   (11.9%) 
LDR ambient table      178/65536         712/262144   ( 0.3%) 
HDR ambient table      178/65536         712/262144   ( 0.3%) 
LDR leaf ambient       138/65536        3864/1835008  ( 0.2%) 
HDR leaf ambient       178/65536        4984/1835008  ( 0.3%) 
occluders                0/0               0/0        ( 0.0%) 
occluder polygons        0/0               0/0        ( 0.0%) 
occluder vert ind        0/0               0/0        ( 0.0%) 
detail props          [variable]           1/12       ( 8.3%) 
static props          [variable]           1/12       ( 8.3%) 
pakfile               [variable]       74462/0        ( 0.0%) 
physics               [variable]       15440/4194304  ( 0.4%) 
physics terrain       [variable]           2/1048576  ( 0.0%) 

Level flags = 1

Total triangle count: 176
Writing d:\steamlibrary\steamapps\common\portal 2\sdk_content\maps\custom maps\cd_special_stage\cd_special_stage.bsp
0 seconds elapsed



Using shader api: shaderapiempty.dll
materialPath: D:\SteamLibrary\steamapps\common\Portal 2\portal2\materials
Loading D:\SteamLibrary\steamapps\common\Portal 2\sdk_content\maps\custom maps\cd_special_stage\cd_special_stage.vmf
ConVarRef gpu_level doesn't point to an existing ConVar
fixing up env_cubemap materials on brush sides...
0...1...2...3...4...5...6...7...8...9...100...1...2...3...4...5...6...7...8...9...10Processing areas...done (0)
Building Faces...done (0)
FixTjuncs...
PruneNodes...
WriteBSP...
done (0)
writing D:\SteamLibrary\steamapps\common\Portal 2\sdk_content\maps\custom maps\cd_special_stage\cd_special_stage.prt...Building visibility clusters...
done (0)
Finding displacement neighbors...
Finding lightmap sample positions...
Displacement Alpha : 0...1...2...3...4...5...6...7...8...9...10
Building Physics collision data...
done (0) (15990 bytes)
Placing detail props : 0...1...2...3...4...5...6...7...8...9...10
Compacting texture/material tables...
Reduced 33 texinfos to 15
Reduced 5 texdatas to 5 (100 bytes to 100)
Writing D:\SteamLibrary\steamapps\common\Portal 2\sdk_content\maps\custom maps\cd_special_stage\cd_special_stage.bsp

nummapplanes:     (   174 / 65536 )
nummapbrushes:    (    33 /  8192 )
nummapbrushsides: (   198 / 65536 )
num_map_overlays: (     0 /   512 )
nummodels:        (    22 /  1024 )
num_entities:     (   152 / 16384 )

0 seconds elapsed



24 threads
reading d:\steamlibrary\steamapps\common\portal 2\sdk_content\maps\custom maps\cd_special_stage\cd_special_stage.bsp
reading d:\steamlibrary\steamapps\common\portal 2\sdk_content\maps\custom maps\cd_special_stage\cd_special_stage.prt
   5 portalclusters
   4 numportals
0...1...2...3...4...5...6...7...8...9...100...1...2...3...4...5...6...7...8...9...10Optimized: 0 visible clusters (0.00%)
Total clusters visible: 17
Average clusters visible: 3
Building PAS...
Average clusters audible: 3
visdatasize:54  compressed from 80
writing d:\steamlibrary\steamapps\common\portal 2\sdk_content\maps\custom maps\cd_special_stage\cd_special_stage.bsp
0 seconds elapsed



[Reading texlights from 'lights.rad']
[59 texlights parsed from 'lights.rad']

Loading d:\steamlibrary\steamapps\common\portal 2\sdk_content\maps\custom maps\cd_special_stage\cd_special_stage.bsp
90 faces
58268 square feet [8390672.00 square inches]
0 Displacements
0 Square Feet [0.00 Square Inches]
90 patches before subdivision
5382 patches after subdivision
0 direct lights
0...1...2...3...4...5...6...7...8...9...100...1...2...3...4...5...6...7...8...9...10transfers 601924, max 256
transfer lists:   4.6 megs
0...1...2...3...4...5...6...7...8...9...10	Bounce #1 added RGB(0, 0, 0)
Build Patch/Sample Hash Table(s).....Done<0.0007 sec>
0...1...2...3...4...5...6...7...8...9...10FinalLightFace Done
0 of 0 (0% of) surface lights went in leaf ambient cubes.
0...1...2...3...4...5...6...7...8...9...10Writing leaf ambient...done
Ready to Finish

Object names       Objects/Maxobjs  Memory / Maxmem  Fullness 
------------       ---------------  ---------------  -------- 
models                  22/1024         1056/49152    ( 2.1%) 
brushes                 33/8192          396/98304    ( 0.4%) 
brushsides             198/65536        1584/524288   ( 0.3%) 
planes                 174/65536        3480/1310720  ( 0.3%) 
vertexes               121/65536        1452/786432   ( 0.2%) 
nodes                  162/65536        5184/2097152  ( 0.2%) 
texinfos                15/12288        1080/884736   ( 0.1%) 
texdata                  5/2048          160/65536    ( 0.2%) 
dispinfos                0/0               0/0        ( 0.0%) 
disp_verts               0/0               0/0        ( 0.0%) 
disp_tris                0/0               0/0        ( 0.0%) 
disp_multiblend          0/0               0/0        ( 0.0%) 
disp_lmsamples           0/0               0/0        ( 0.0%) 
faces                   90/65536        5040/3670016  ( 0.1%) 
hdr faces                0/65536           0/3670016  ( 0.0%) 
origfaces               54/65536        3024/3670016  ( 0.1%) 
facebrushes              0/0               0/0        ( 0.0%) 
facebrushlists          90/0             360/0        ( 0.0%) 
leaves                 185/65536        5920/2097152  ( 0.3%) 
leaffaces               90/65536         180/131072   ( 0.1%) 
leafbrushes             43/65536          86/131072   ( 0.1%) 
areas                    3/256            24/2048     ( 1.2%) 
surfedges              584/512000       2336/2048000  ( 0.1%) 
edges                  293/256000       1172/1024000  ( 0.1%) 
LDR worldlights          0/8192            0/819200   ( 0.0%) 
HDR worldlights          0/8192            0/819200   ( 0.0%) 
leafwaterdata            0/32768           0/393216   ( 0.0%) 
waterstrips              0/32768           0/327680   ( 0.0%) 
waterverts               0/65536           0/786432   ( 0.0%) 
waterindices             0/65536           0/131072   ( 0.0%) 
cubemapsamples           0/1024            0/16384    ( 0.0%) 
overlays                 0/512             0/180224   ( 0.0%) 
LDR lightdata         [variable]      554600/0        ( 0.0%) 
HDR lightdata         [variable]           0/0        ( 0.0%) 
visdata               [variable]          54/16777216 ( 0.0%) 
entdata               [variable]       48266/393216   (12.3%) 
LDR ambient table      185/65536         740/262144   ( 0.3%) 
HDR ambient table      185/65536         740/262144   ( 0.3%) 
LDR leaf ambient       144/65536        4032/1835008  ( 0.2%) 
HDR leaf ambient       185/65536        5180/1835008  ( 0.3%) 
occluders                0/0               0/0        ( 0.0%) 
occluder polygons        0/0               0/0        ( 0.0%) 
occluder vert ind        0/0               0/0        ( 0.0%) 
detail props          [variable]           1/12       ( 8.3%) 
static props          [variable]           1/12       ( 8.3%) 
pakfile               [variable]       74462/0        ( 0.0%) 
physics               [variable]       15990/4194304  ( 0.4%) 
physics terrain       [variable]           2/1048576  ( 0.0%) 

Level flags = 1

Total triangle count: 188
Writing d:\steamlibrary\steamapps\common\portal 2\sdk_content\maps\custom maps\cd_special_stage\cd_special_stage.bsp
0 seconds elapsed



Using shader api: shaderapiempty.dll
materialPath: D:\SteamLibrary\steamapps\common\Portal 2\portal2\materials
Loading D:\SteamLibrary\steamapps\common\Portal 2\sdk_content\maps\custom maps\cd_special_stage\cd_special_stage.vmf
ConVarRef gpu_level doesn't point to an existing ConVar
fixing up env_cubemap materials on brush sides...
0...1...2...3...4...5...6...7...8...9...100...1...2...3...4...5...6...7...8...9...10Processing areas...done (0)
Building Faces...done (0)
FixTjuncs...
PruneNodes...
WriteBSP...
done (0)
writing D:\SteamLibrary\steamapps\common\Portal 2\sdk_content\maps\custom maps\cd_special_stage\cd_special_stage.prt...Building visibility clusters...
done (0)
Finding displacement neighbors...
Finding lightmap sample positions...
Displacement Alpha : 0...1...2...3...4...5...6...7...8...9...10
Building Physics collision data...
done (0) (15990 bytes)
Placing detail props : 0...1...2...3...4...5...6...7...8...9...10
Compacting texture/material tables...
Reduced 33 texinfos to 15
Reduced 5 texdatas to 5 (100 bytes to 100)
Writing D:\SteamLibrary\steamapps\common\Portal 2\sdk_content\maps\custom maps\cd_special_stage\cd_special_stage.bsp

nummapplanes:     (   176 / 65536 )
nummapbrushes:    (    33 /  8192 )
nummapbrushsides: (   198 / 65536 )
num_map_overlays: (     0 /   512 )
nummodels:        (    22 /  1024 )
num_entities:     (   152 / 16384 )

0 seconds elapsed



24 threads
reading d:\steamlibrary\steamapps\common\portal 2\sdk_content\maps\custom maps\cd_special_stage\cd_special_stage.bsp
reading d:\steamlibrary\steamapps\common\portal 2\sdk_content\maps\custom maps\cd_special_stage\cd_special_stage.prt
   5 portalclusters
   4 numportals
0...1...2...3...4...5...6...7...8...9...100...1...2...3...4...5...6...7...8...9...10Optimized: 0 visible clusters (0.00%)
Total clusters visible: 17
Average clusters visible: 3
Building PAS...
Average clusters audible: 3
visdatasize:54  compressed from 80
writing d:\steamlibrary\steamapps\common\portal 2\sdk_content\maps\custom maps\cd_special_stage\cd_special_stage.bsp
0 seconds elapsed



[Reading texlights from 'lights.rad']
[59 texlights parsed from 'lights.rad']

Loading d:\steamlibrary\steamapps\common\portal 2\sdk_content\maps\custom maps\cd_special_stage\cd_special_stage.bsp
90 faces
58268 square feet [8390672.00 square inches]
0 Displacements
0 Square Feet [0.00 Square Inches]
90 patches before subdivision
5382 patches after subdivision
0 direct lights
0...1...2...3...4...5...6...7...8...9...100...1...2...3...4...5...6...7...8...9...10transfers 602137, max 256
transfer lists:   4.6 megs
0...1...2...3...4...5...6...7...8...9...10	Bounce #1 added RGB(0, 0, 0)
Build Patch/Sample Hash Table(s).....Done<0.0007 sec>
0...1...2...3...4...5...6...7...8...9...10FinalLightFace Done
0 of 0 (0% of) surface lights went in leaf ambient cubes.
0...1...2...3...4...5...6...7...8...9...10Writing leaf ambient...done
Ready to Finish

Object names       Objects/Maxobjs  Memory / Maxmem  Fullness 
------------       ---------------  ---------------  -------- 
models                  22/1024         1056/49152    ( 2.1%) 
brushes                 33/8192          396/98304    ( 0.4%) 
brushsides             198/65536        1584/524288   ( 0.3%) 
planes                 176/65536        3520/1310720  ( 0.3%) 
vertexes               121/65536        1452/786432   ( 0.2%) 
nodes                  162/65536        5184/2097152  ( 0.2%) 
texinfos                15/12288        1080/884736   ( 0.1%) 
texdata                  5/2048          160/65536    ( 0.2%) 
dispinfos                0/0               0/0        ( 0.0%) 
disp_verts               0/0               0/0        ( 0.0%) 
disp_tris                0/0               0/0        ( 0.0%) 
disp_multiblend          0/0               0/0        ( 0.0%) 
disp_lmsamples           0/0               0/0        ( 0.0%) 
faces                   90/65536        5040/3670016  ( 0.1%) 
hdr faces                0/65536           0/3670016  ( 0.0%) 
origfaces               54/65536        3024/3670016  ( 0.1%) 
facebrushes              0/0               0/0        ( 0.0%) 
facebrushlists          90/0             360/0        ( 0.0%) 
leaves                 185/65536        5920/2097152  ( 0.3%) 
leaffaces               90/65536         180/131072   ( 0.1%) 
leafbrushes             43/65536          86/131072   ( 0.1%) 
areas                    3/256            24/2048     ( 1.2%) 
surfedges              584/512000       2336/2048000  ( 0.1%) 
edges                  293/256000       1172/1024000  ( 0.1%) 
LDR worldlights          0/8192            0/819200   ( 0.0%) 
HDR worldlights          0/8192            0/819200   ( 0.0%) 
leafwaterdata            0/32768           0/393216   ( 0.0%) 
waterstrips              0/32768           0/327680   ( 0.0%) 
waterverts               0/65536           0/786432   ( 0.0%) 
waterindices             0/65536           0/131072   ( 0.0%) 
cubemapsamples           0/1024            0/16384    ( 0.0%) 
overlays                 0/512             0/180224   ( 0.0%) 
LDR lightdata         [variable]      554600/0        ( 0.0%) 
HDR lightdata         [variable]           0/0        ( 0.0%) 
visdata               [variable]          54/16777216 ( 0.0%) 
entdata               [variable]       48266/393216   (12.3%) 
LDR ambient table      185/65536         740/262144   ( 0.3%) 
HDR ambient table      185/65536         740/262144   ( 0.3%) 
LDR leaf ambient       144/65536        4032/1835008  ( 0.2%) 
HDR leaf ambient       185/65536        5180/1835008  ( 0.3%) 
occluders                0/0               0/0        ( 0.0%) 
occluder polygons        0/0               0/0        ( 0.0%) 
occluder vert ind        0/0               0/0        ( 0.0%) 
detail props          [variable]           1/12       ( 8.3%) 
static props          [variable]           1/12       ( 8.3%) 
pakfile               [variable]       74462/0        ( 0.0%) 
physics               [variable]       15990/4194304  ( 0.4%) 
physics terrain       [variable]           2/1048576  ( 0.0%) 

Level flags = 1

Total triangle count: 188
Writing d:\steamlibrary\steamapps\common\portal 2\sdk_content\maps\custom maps\cd_special_stage\cd_special_stage.bsp
0 seconds elapsed



Using shader api: shaderapiempty.dll
materialPath: D:\SteamLibrary\steamapps\common\Portal 2\portal2\materials
Loading D:\SteamLibrary\steamapps\common\Portal 2\sdk_content\maps\custom maps\cd_special_stage\cd_special_stage.vmf
ConVarRef gpu_level doesn't point to an existing ConVar
fixing up env_cubemap materials on brush sides...
0...1...2...3...4...5...6...7...8...9...100...1...2...3...4...5...6...7...8...9...10Processing areas...done (0)
Building Faces...done (0)
FixTjuncs...
PruneNodes...
WriteBSP...
done (0)
writing D:\SteamLibrary\steamapps\common\Portal 2\sdk_content\maps\custom maps\cd_special_stage\cd_special_stage.prt...Building visibility clusters...
done (0)
Finding displacement neighbors...
Finding lightmap sample positions...
Displacement Alpha : 0...1...2...3...4...5...6...7...8...9...10
Building Physics collision data...
done (0) (15990 bytes)
Placing detail props : 0...1...2...3...4...5...6...7...8...9...10
Compacting texture/material tables...
Reduced 33 texinfos to 15
Reduced 5 texdatas to 5 (100 bytes to 100)
Writing D:\SteamLibrary\steamapps\common\Portal 2\sdk_content\maps\custom maps\cd_special_stage\cd_special_stage.bsp

nummapplanes:     (   176 / 65536 )
nummapbrushes:    (    33 /  8192 )
nummapbrushsides: (   198 / 65536 )
num_map_overlays: (     0 /   512 )
nummodels:        (    22 /  1024 )
num_entities:     (   152 / 16384 )

0 seconds elapsed



24 threads
reading d:\steamlibrary\steamapps\common\portal 2\sdk_content\maps\custom maps\cd_special_stage\cd_special_stage.bsp
reading d:\steamlibrary\steamapps\common\portal 2\sdk_content\maps\custom maps\cd_special_stage\cd_special_stage.prt
   5 portalclusters
   4 numportals
0...1...2...3...4...5...6...7...8...9...100...1...2...3...4...5...6...7...8...9...10Optimized: 0 visible clusters (0.00%)
Total clusters visible: 17
Average clusters visible: 3
Building PAS...
Average clusters audible: 3
visdatasize:54  compressed from 80
writing d:\steamlibrary\steamapps\common\portal 2\sdk_content\maps\custom maps\cd_special_stage\cd_special_stage.bsp
0 seconds elapsed



[Reading texlights from 'lights.rad']
[59 texlights parsed from 'lights.rad']

Loading d:\steamlibrary\steamapps\common\portal 2\sdk_content\maps\custom maps\cd_special_stage\cd_special_stage.bsp
90 faces
58268 square feet [8390672.00 square inches]
0 Displacements
0 Square Feet [0.00 Square Inches]
90 patches before subdivision
5382 patches after subdivision
0 direct lights
0...1...2...3...4...5...6...7...8...9...100...1...2...3...4...5...6...7...8...9...10transfers 602137, max 256
transfer lists:   4.6 megs
0...1...2...3...4...5...6...7...8...9...10	Bounce #1 added RGB(0, 0, 0)
Build Patch/Sample Hash Table(s).....Done<0.0007 sec>
0...1...2...3...4...5...6...7...8...9...10FinalLightFace Done
0 of 0 (0% of) surface lights went in leaf ambient cubes.
0...1...2...3...4...5...6...7...8...9...10Writing leaf ambient...done
Ready to Finish

Object names       Objects/Maxobjs  Memory / Maxmem  Fullness 
------------       ---------------  ---------------  -------- 
models                  22/1024         1056/49152    ( 2.1%) 
brushes                 33/8192          396/98304    ( 0.4%) 
brushsides             198/65536        1584/524288   ( 0.3%) 
planes                 176/65536        3520/1310720  ( 0.3%) 
vertexes               121/65536        1452/786432   ( 0.2%) 
nodes                  162/65536        5184/2097152  ( 0.2%) 
texinfos                15/12288        1080/884736   ( 0.1%) 
texdata                  5/2048          160/65536    ( 0.2%) 
dispinfos                0/0               0/0        ( 0.0%) 
disp_verts               0/0               0/0        ( 0.0%) 
disp_tris                0/0               0/0        ( 0.0%) 
disp_multiblend          0/0               0/0        ( 0.0%) 
disp_lmsamples           0/0               0/0        ( 0.0%) 
faces                   90/65536        5040/3670016  ( 0.1%) 
hdr faces                0/65536           0/3670016  ( 0.0%) 
origfaces               54/65536        3024/3670016  ( 0.1%) 
facebrushes              0/0               0/0        ( 0.0%) 
facebrushlists          90/0             360/0        ( 0.0%) 
leaves                 185/65536        5920/2097152  ( 0.3%) 
leaffaces               90/65536         180/131072   ( 0.1%) 
leafbrushes             43/65536          86/131072   ( 0.1%) 
areas                    3/256            24/2048     ( 1.2%) 
surfedges              584/512000       2336/2048000  ( 0.1%) 
edges                  293/256000       1172/1024000  ( 0.1%) 
LDR worldlights          0/8192            0/819200   ( 0.0%) 
HDR worldlights          0/8192            0/819200   ( 0.0%) 
leafwaterdata            0/32768           0/393216   ( 0.0%) 
waterstrips              0/32768           0/327680   ( 0.0%) 
waterverts               0/65536           0/786432   ( 0.0%) 
waterindices             0/65536           0/131072   ( 0.0%) 
cubemapsamples           0/1024            0/16384    ( 0.0%) 
overlays                 0/512             0/180224   ( 0.0%) 
LDR lightdata         [variable]      554600/0        ( 0.0%) 
HDR lightdata         [variable]           0/0        ( 0.0%) 
visdata               [variable]          54/16777216 ( 0.0%) 
entdata               [variable]       48265/393216   (12.3%) 
LDR ambient table      185/65536         740/262144   ( 0.3%) 
HDR ambient table      185/65536         740/262144   ( 0.3%) 
LDR leaf ambient       144/65536        4032/1835008  ( 0.2%) 
HDR leaf ambient       185/65536        5180/1835008  ( 0.3%) 
occluders                0/0               0/0        ( 0.0%) 
occluder polygons        0/0               0/0        ( 0.0%) 
occluder vert ind        0/0               0/0        ( 0.0%) 
detail props          [variable]           1/12       ( 8.3%) 
static props          [variable]           1/12       ( 8.3%) 
pakfile               [variable]       74462/0        ( 0.0%) 
physics               [variable]       15990/4194304  ( 0.4%) 
physics terrain       [variable]           2/1048576  ( 0.0%) 

Level flags = 1

Total triangle count: 188
Writing d:\steamlibrary\steamapps\common\portal 2\sdk_content\maps\custom maps\cd_special_stage\cd_special_stage.bsp
0 seconds elapsed



Using shader api: shaderapiempty.dll
materialPath: D:\SteamLibrary\steamapps\common\Portal 2\portal2\materials
Loading D:\SteamLibrary\steamapps\common\Portal 2\sdk_content\maps\custom maps\cd_special_stage\cd_special_stage.vmf
ConVarRef gpu_level doesn't point to an existing ConVar
fixing up env_cubemap materials on brush sides...
0...1...2...3...4...5...6...7...8...9...100...1...2...3...4...5...6...7...8...9...10Processing areas...done (0)
Building Faces...done (0)
FixTjuncs...
PruneNodes...
WriteBSP...
done (0)
writing D:\SteamLibrary\steamapps\common\Portal 2\sdk_content\maps\custom maps\cd_special_stage\cd_special_stage.prt...Building visibility clusters...
done (0)
Finding displacement neighbors...
Finding lightmap sample positions...
Displacement Alpha : 0...1...2...3...4...5...6...7...8...9...10
Building Physics collision data...
done (0) (15990 bytes)
Placing detail props : 0...1...2...3...4...5...6...7...8...9...10
Compacting texture/material tables...
Reduced 33 texinfos to 15
Reduced 5 texdatas to 5 (100 bytes to 100)
Writing D:\SteamLibrary\steamapps\common\Portal 2\sdk_content\maps\custom maps\cd_special_stage\cd_special_stage.bsp

nummapplanes:     (   176 / 65536 )
nummapbrushes:    (    33 /  8192 )
nummapbrushsides: (   198 / 65536 )
num_map_overlays: (     0 /   512 )
nummodels:        (    22 /  1024 )
num_entities:     (   152 / 16384 )

0 seconds elapsed



24 threads
reading d:\steamlibrary\steamapps\common\portal 2\sdk_content\maps\custom maps\cd_special_stage\cd_special_stage.bsp
reading d:\steamlibrary\steamapps\common\portal 2\sdk_content\maps\custom maps\cd_special_stage\cd_special_stage.prt
   5 portalclusters
   4 numportals
0...1...2...3...4...5...6...7...8...9...100...1...2...3...4...5...6...7...8...9...10Optimized: 0 visible clusters (0.00%)
Total clusters visible: 17
Average clusters visible: 3
Building PAS...
Average clusters audible: 3
visdatasize:54  compressed from 80
writing d:\steamlibrary\steamapps\common\portal 2\sdk_content\maps\custom maps\cd_special_stage\cd_special_stage.bsp
0 seconds elapsed



[Reading texlights from 'lights.rad']
[59 texlights parsed from 'lights.rad']

Loading d:\steamlibrary\steamapps\common\portal 2\sdk_content\maps\custom maps\cd_special_stage\cd_special_stage.bsp
90 faces
58268 square feet [8390672.00 square inches]
0 Displacements
0 Square Feet [0.00 Square Inches]
90 patches before subdivision
5382 patches after subdivision
0 direct lights
0...1...2...3...4...5...6...7...8...9...100...1...2...3...4...5...6...7...8...9...10transfers 602137, max 256
transfer lists:   4.6 megs
0...1...2...3...4...5...6...7...8...9...10	Bounce #1 added RGB(0, 0, 0)
Build Patch/Sample Hash Table(s).....Done<0.0007 sec>
0...1...2...3...4...5...6...7...8...9...10FinalLightFace Done
0 of 0 (0% of) surface lights went in leaf ambient cubes.
0...1...2...3...4...5...6...7...8...9...10Writing leaf ambient...done
Ready to Finish

Object names       Objects/Maxobjs  Memory / Maxmem  Fullness 
------------       ---------------  ---------------  -------- 
models                  22/1024         1056/49152    ( 2.1%) 
brushes                 33/8192          396/98304    ( 0.4%) 
brushsides             198/65536        1584/524288   ( 0.3%) 
planes                 176/65536        3520/1310720  ( 0.3%) 
vertexes               121/65536        1452/786432   ( 0.2%) 
nodes                  162/65536        5184/2097152  ( 0.2%) 
texinfos                15/12288        1080/884736   ( 0.1%) 
texdata                  5/2048          160/65536    ( 0.2%) 
dispinfos                0/0               0/0        ( 0.0%) 
disp_verts               0/0               0/0        ( 0.0%) 
disp_tris                0/0               0/0        ( 0.0%) 
disp_multiblend          0/0               0/0        ( 0.0%) 
disp_lmsamples           0/0               0/0        ( 0.0%) 
faces                   90/65536        5040/3670016  ( 0.1%) 
hdr faces                0/65536           0/3670016  ( 0.0%) 
origfaces               54/65536        3024/3670016  ( 0.1%) 
facebrushes              0/0               0/0        ( 0.0%) 
facebrushlists          90/0             360/0        ( 0.0%) 
leaves                 185/65536        5920/2097152  ( 0.3%) 
leaffaces               90/65536         180/131072   ( 0.1%) 
leafbrushes             43/65536          86/131072   ( 0.1%) 
areas                    3/256            24/2048     ( 1.2%) 
surfedges              584/512000       2336/2048000  ( 0.1%) 
edges                  293/256000       1172/1024000  ( 0.1%) 
LDR worldlights          0/8192            0/819200   ( 0.0%) 
HDR worldlights          0/8192            0/819200   ( 0.0%) 
leafwaterdata            0/32768           0/393216   ( 0.0%) 
waterstrips              0/32768           0/327680   ( 0.0%) 
waterverts               0/65536           0/786432   ( 0.0%) 
waterindices             0/65536           0/131072   ( 0.0%) 
cubemapsamples           0/1024            0/16384    ( 0.0%) 
overlays                 0/512             0/180224   ( 0.0%) 
LDR lightdata         [variable]      554600/0        ( 0.0%) 
HDR lightdata         [variable]           0/0        ( 0.0%) 
visdata               [variable]          54/16777216 ( 0.0%) 
entdata               [variable]       48328/393216   (12.3%) 
LDR ambient table      185/65536         740/262144   ( 0.3%) 
HDR ambient table      185/65536         740/262144   ( 0.3%) 
LDR leaf ambient       144/65536        4032/1835008  ( 0.2%) 
HDR leaf ambient       185/65536        5180/1835008  ( 0.3%) 
occluders                0/0               0/0        ( 0.0%) 
occluder polygons        0/0               0/0        ( 0.0%) 
occluder vert ind        0/0               0/0        ( 0.0%) 
detail props          [variable]           1/12       ( 8.3%) 
static props          [variable]           1/12       ( 8.3%) 
pakfile               [variable]       74462/0        ( 0.0%) 
physics               [variable]       15990/4194304  ( 0.4%) 
physics terrain       [variable]           2/1048576  ( 0.0%) 

Level flags = 1

Total triangle count: 188
Writing d:\steamlibrary\steamapps\common\portal 2\sdk_content\maps\custom maps\cd_special_stage\cd_special_stage.bsp
0 seconds elapsed



Using shader api: shaderapiempty.dll
materialPath: D:\SteamLibrary\steamapps\common\Portal 2\portal2\materials
Loading D:\SteamLibrary\steamapps\common\Portal 2\sdk_content\maps\custom maps\cd_special_stage\cd_special_stage.vmf
ConVarRef gpu_level doesn't point to an existing ConVar
fixing up env_cubemap materials on brush sides...
0...1...2...3...4...5...6...7...8...9...100...1...2...3...4...5...6...7...8...9...10Processing areas...done (0)
Building Faces...done (0)
FixTjuncs...
PruneNodes...
WriteBSP...
done (0)
writing D:\SteamLibrary\steamapps\common\Portal 2\sdk_content\maps\custom maps\cd_special_stage\cd_special_stage.prt...Building visibility clusters...
done (0)
Finding displacement neighbors...
Finding lightmap sample positions...
Displacement Alpha : 0...1...2...3...4...5...6...7...8...9...10
Building Physics collision data...
done (0) (15990 bytes)
Placing detail props : 0...1...2...3...4...5...6...7...8...9...10
Compacting texture/material tables...
Reduced 33 texinfos to 15
Reduced 5 texdatas to 5 (100 bytes to 100)
Writing D:\SteamLibrary\steamapps\common\Portal 2\sdk_content\maps\custom maps\cd_special_stage\cd_special_stage.bsp

nummapplanes:     (   176 / 65536 )
nummapbrushes:    (    33 /  8192 )
nummapbrushsides: (   198 / 65536 )
num_map_overlays: (     0 /   512 )
nummodels:        (    22 /  1024 )
num_entities:     (   152 / 16384 )

0 seconds elapsed



24 threads
reading d:\steamlibrary\steamapps\common\portal 2\sdk_content\maps\custom maps\cd_special_stage\cd_special_stage.bsp
reading d:\steamlibrary\steamapps\common\portal 2\sdk_content\maps\custom maps\cd_special_stage\cd_special_stage.prt
   5 portalclusters
   4 numportals
0...1...2...3...4...5...6...7...8...9...100...1...2...3...4...5...6...7...8...9...10Optimized: 0 visible clusters (0.00%)
Total clusters visible: 17
Average clusters visible: 3
Building PAS...
Average clusters audible: 3
visdatasize:54  compressed from 80
writing d:\steamlibrary\steamapps\common\portal 2\sdk_content\maps\custom maps\cd_special_stage\cd_special_stage.bsp
0 seconds elapsed



[Reading texlights from 'lights.rad']
[59 texlights parsed from 'lights.rad']

Loading d:\steamlibrary\steamapps\common\portal 2\sdk_content\maps\custom maps\cd_special_stage\cd_special_stage.bsp
90 faces
58268 square feet [8390672.00 square inches]
0 Displacements
0 Square Feet [0.00 Square Inches]
90 patches before subdivision
5382 patches after subdivision
0 direct lights
0...1...2...3...4...5...6...7...8...9...100...1...2...3...4...5...6...7...8...9...10transfers 602137, max 256
transfer lists:   4.6 megs
0...1...2...3...4...5...6...7...8...9...10	Bounce #1 added RGB(0, 0, 0)
Build Patch/Sample Hash Table(s).....Done<0.0007 sec>
0...1...2...3...4...5...6...7...8...9...10FinalLightFace Done
0 of 0 (0% of) surface lights went in leaf ambient cubes.
0...1...2...3...4...5...6...7...8...9...10Writing leaf ambient...done
Ready to Finish

Object names       Objects/Maxobjs  Memory / Maxmem  Fullness 
------------       ---------------  ---------------  -------- 
models                  22/1024         1056/49152    ( 2.1%) 
brushes                 33/8192          396/98304    ( 0.4%) 
brushsides             198/65536        1584/524288   ( 0.3%) 
planes                 176/65536        3520/1310720  ( 0.3%) 
vertexes               121/65536        1452/786432   ( 0.2%) 
nodes                  162/65536        5184/2097152  ( 0.2%) 
texinfos                15/12288        1080/884736   ( 0.1%) 
texdata                  5/2048          160/65536    ( 0.2%) 
dispinfos                0/0               0/0        ( 0.0%) 
disp_verts               0/0               0/0        ( 0.0%) 
disp_tris                0/0               0/0        ( 0.0%) 
disp_multiblend          0/0               0/0        ( 0.0%) 
disp_lmsamples           0/0               0/0        ( 0.0%) 
faces                   90/65536        5040/3670016  ( 0.1%) 
hdr faces                0/65536           0/3670016  ( 0.0%) 
origfaces               54/65536        3024/3670016  ( 0.1%) 
facebrushes              0/0               0/0        ( 0.0%) 
facebrushlists          90/0             360/0        ( 0.0%) 
leaves                 185/65536        5920/2097152  ( 0.3%) 
leaffaces               90/65536         180/131072   ( 0.1%) 
leafbrushes             43/65536          86/131072   ( 0.1%) 
areas                    3/256            24/2048     ( 1.2%) 
surfedges              584/512000       2336/2048000  ( 0.1%) 
edges                  293/256000       1172/1024000  ( 0.1%) 
LDR worldlights          0/8192            0/819200   ( 0.0%) 
HDR worldlights          0/8192            0/819200   ( 0.0%) 
leafwaterdata            0/32768           0/393216   ( 0.0%) 
waterstrips              0/32768           0/327680   ( 0.0%) 
waterverts               0/65536           0/786432   ( 0.0%) 
waterindices             0/65536           0/131072   ( 0.0%) 
cubemapsamples           0/1024            0/16384    ( 0.0%) 
overlays                 0/512             0/180224   ( 0.0%) 
LDR lightdata         [variable]      554600/0        ( 0.0%) 
HDR lightdata         [variable]           0/0        ( 0.0%) 
visdata               [variable]          54/16777216 ( 0.0%) 
entdata               [variable]       48327/393216   (12.3%) 
LDR ambient table      185/65536         740/262144   ( 0.3%) 
HDR ambient table      185/65536         740/262144   ( 0.3%) 
LDR leaf ambient       144/65536        4032/1835008  ( 0.2%) 
HDR leaf ambient       185/65536        5180/1835008  ( 0.3%) 
occluders                0/0               0/0        ( 0.0%) 
occluder polygons        0/0               0/0        ( 0.0%) 
occluder vert ind        0/0               0/0        ( 0.0%) 
detail props          [variable]           1/12       ( 8.3%) 
static props          [variable]           1/12       ( 8.3%) 
pakfile               [variable]       74462/0        ( 0.0%) 
physics               [variable]       15990/4194304  ( 0.4%) 
physics terrain       [variable]           2/1048576  ( 0.0%) 

Level flags = 1

Total triangle count: 188
Writing d:\steamlibrary\steamapps\common\portal 2\sdk_content\maps\custom maps\cd_special_stage\cd_special_stage.bsp
0 seconds elapsed



Using shader api: shaderapiempty.dll
materialPath: D:\SteamLibrary\steamapps\common\Portal 2\portal2\materials
Loading D:\SteamLibrary\steamapps\common\Portal 2\sdk_content\maps\custom maps\cd_special_stage\cd_special_stage.vmf
ConVarRef gpu_level doesn't point to an existing ConVar
fixing up env_cubemap materials on brush sides...
0...1...2...3...4...5...6...7...8...9...100...1...2...3...4...5...6...7...8...9...10Processing areas...done (0)
Building Faces...done (0)
FixTjuncs...
PruneNodes...
WriteBSP...
done (0)
writing D:\SteamLibrary\steamapps\common\Portal 2\sdk_content\maps\custom maps\cd_special_stage\cd_special_stage.prt...Building visibility clusters...
done (0)
Finding displacement neighbors...
Finding lightmap sample positions...
Displacement Alpha : 0...1...2...3...4...5...6...7...8...9...10
Building Physics collision data...
done (0) (15990 bytes)
Placing detail props : 0...1...2...3...4...5...6...7...8...9...10
Compacting texture/material tables...
Reduced 33 texinfos to 15
Reduced 5 texdatas to 5 (100 bytes to 100)
Writing D:\SteamLibrary\steamapps\common\Portal 2\sdk_content\maps\custom maps\cd_special_stage\cd_special_stage.bsp

nummapplanes:     (   176 / 65536 )
nummapbrushes:    (    33 /  8192 )
nummapbrushsides: (   198 / 65536 )
num_map_overlays: (     0 /   512 )
nummodels:        (    22 /  1024 )
num_entities:     (   152 / 16384 )

0 seconds elapsed



24 threads
reading d:\steamlibrary\steamapps\common\portal 2\sdk_content\maps\custom maps\cd_special_stage\cd_special_stage.bsp
reading d:\steamlibrary\steamapps\common\portal 2\sdk_content\maps\custom maps\cd_special_stage\cd_special_stage.prt
   5 portalclusters
   4 numportals
0...1...2...3...4...5...6...7...8...9...100...1...2...3...4...5...6...7...8...9...10Optimized: 0 visible clusters (0.00%)
Total clusters visible: 17
Average clusters visible: 3
Building PAS...
Average clusters audible: 3
visdatasize:54  compressed from 80
writing d:\steamlibrary\steamapps\common\portal 2\sdk_content\maps\custom maps\cd_special_stage\cd_special_stage.bsp
0 seconds elapsed



[Reading texlights from 'lights.rad']
[59 texlights parsed from 'lights.rad']

Loading d:\steamlibrary\steamapps\common\portal 2\sdk_content\maps\custom maps\cd_special_stage\cd_special_stage.bsp
90 faces
58268 square feet [8390672.00 square inches]
0 Displacements
0 Square Feet [0.00 Square Inches]
90 patches before subdivision
5382 patches after subdivision
0 direct lights
0...1...2...3...4...5...6...7...8...9...100...1...2...3...4...5...6...7...8...9...10transfers 602137, max 256
transfer lists:   4.6 megs
0...1...2...3...4...5...6...7...8...9...10	Bounce #1 added RGB(0, 0, 0)
Build Patch/Sample Hash Table(s).....Done<0.0007 sec>
0...1...2...3...4...5...6...7...8...9...10FinalLightFace Done
0 of 0 (0% of) surface lights went in leaf ambient cubes.
0...1...2...3...4...5...6...7...8...9...10Writing leaf ambient...done
Ready to Finish

Object names       Objects/Maxobjs  Memory / Maxmem  Fullness 
------------       ---------------  ---------------  -------- 
models                  22/1024         1056/49152    ( 2.1%) 
brushes                 33/8192          396/98304    ( 0.4%) 
brushsides             198/65536        1584/524288   ( 0.3%) 
planes                 176/65536        3520/1310720  ( 0.3%) 
vertexes               121/65536        1452/786432   ( 0.2%) 
nodes                  162/65536        5184/2097152  ( 0.2%) 
texinfos                15/12288        1080/884736   ( 0.1%) 
texdata                  5/2048          160/65536    ( 0.2%) 
dispinfos                0/0               0/0        ( 0.0%) 
disp_verts               0/0               0/0        ( 0.0%) 
disp_tris                0/0               0/0        ( 0.0%) 
disp_multiblend          0/0               0/0        ( 0.0%) 
disp_lmsamples           0/0               0/0        ( 0.0%) 
faces                   90/65536        5040/3670016  ( 0.1%) 
hdr faces                0/65536           0/3670016  ( 0.0%) 
origfaces               54/65536        3024/3670016  ( 0.1%) 
facebrushes              0/0               0/0        ( 0.0%) 
facebrushlists          90/0             360/0        ( 0.0%) 
leaves                 185/65536        5920/2097152  ( 0.3%) 
leaffaces               90/65536         180/131072   ( 0.1%) 
leafbrushes             43/65536          86/131072   ( 0.1%) 
areas                    3/256            24/2048     ( 1.2%) 
surfedges              584/512000       2336/2048000  ( 0.1%) 
edges                  293/256000       1172/1024000  ( 0.1%) 
LDR worldlights          0/8192            0/819200   ( 0.0%) 
HDR worldlights          0/8192            0/819200   ( 0.0%) 
leafwaterdata            0/32768           0/393216   ( 0.0%) 
waterstrips              0/32768           0/327680   ( 0.0%) 
waterverts               0/65536           0/786432   ( 0.0%) 
waterindices             0/65536           0/131072   ( 0.0%) 
cubemapsamples           0/1024            0/16384    ( 0.0%) 
overlays                 0/512             0/180224   ( 0.0%) 
LDR lightdata         [variable]      554600/0        ( 0.0%) 
HDR lightdata         [variable]           0/0        ( 0.0%) 
visdata               [variable]          54/16777216 ( 0.0%) 
entdata               [variable]       48446/393216   (12.3%) 
LDR ambient table      185/65536         740/262144   ( 0.3%) 
HDR ambient table      185/65536         740/262144   ( 0.3%) 
LDR leaf ambient       144/65536        4032/1835008  ( 0.2%) 
HDR leaf ambient       185/65536        5180/1835008  ( 0.3%) 
occluders                0/0               0/0        ( 0.0%) 
occluder polygons        0/0               0/0        ( 0.0%) 
occluder vert ind        0/0               0/0        ( 0.0%) 
detail props          [variable]           1/12       ( 8.3%) 
static props          [variable]           1/12       ( 8.3%) 
pakfile               [variable]       74462/0        ( 0.0%) 
physics               [variable]       15990/4194304  ( 0.4%) 
physics terrain       [variable]           2/1048576  ( 0.0%) 

Level flags = 1

Total triangle count: 188
Writing d:\steamlibrary\steamapps\common\portal 2\sdk_content\maps\custom maps\cd_special_stage\cd_special_stage.bsp
0 seconds elapsed



Using shader api: shaderapiempty.dll
materialPath: D:\SteamLibrary\steamapps\common\Portal 2\portal2\materials
Loading D:\SteamLibrary\steamapps\common\Portal 2\sdk_content\maps\custom maps\cd_special_stage\cd_special_stage.vmf
ConVarRef gpu_level doesn't point to an existing ConVar
fixing up env_cubemap materials on brush sides...
0...1...2...3...4...5...6...7...8...9...100...1...2...3...4...5...6...7...8...9...10Processing areas...done (0)
Building Faces...done (0)
FixTjuncs...
PruneNodes...
WriteBSP...
done (0)
writing D:\SteamLibrary\steamapps\common\Portal 2\sdk_content\maps\custom maps\cd_special_stage\cd_special_stage.prt...Building visibility clusters...
done (0)
Finding displacement neighbors...
Finding lightmap sample positions...
Displacement Alpha : 0...1...2...3...4...5...6...7...8...9...10
Building Physics collision data...
done (0) (15990 bytes)
Placing detail props : 0...1...2...3...4...5...6...7...8...9...10
Compacting texture/material tables...
Reduced 33 texinfos to 15
Reduced 5 texdatas to 5 (100 bytes to 100)
Writing D:\SteamLibrary\steamapps\common\Portal 2\sdk_content\maps\custom maps\cd_special_stage\cd_special_stage.bsp

nummapplanes:     (   176 / 65536 )
nummapbrushes:    (    33 /  8192 )
nummapbrushsides: (   198 / 65536 )
num_map_overlays: (     0 /   512 )
nummodels:        (    22 /  1024 )
num_entities:     (   152 / 16384 )

0 seconds elapsed



24 threads
reading d:\steamlibrary\steamapps\common\portal 2\sdk_content\maps\custom maps\cd_special_stage\cd_special_stage.bsp
reading d:\steamlibrary\steamapps\common\portal 2\sdk_content\maps\custom maps\cd_special_stage\cd_special_stage.prt
   5 portalclusters
   4 numportals
0...1...2...3...4...5...6...7...8...9...100...1...2...3...4...5...6...7...8...9...10Optimized: 0 visible clusters (0.00%)
Total clusters visible: 17
Average clusters visible: 3
Building PAS...
Average clusters audible: 3
visdatasize:54  compressed from 80
writing d:\steamlibrary\steamapps\common\portal 2\sdk_content\maps\custom maps\cd_special_stage\cd_special_stage.bsp
0 seconds elapsed



[Reading texlights from 'lights.rad']
[59 texlights parsed from 'lights.rad']

Loading d:\steamlibrary\steamapps\common\portal 2\sdk_content\maps\custom maps\cd_special_stage\cd_special_stage.bsp
90 faces
58268 square feet [8390672.00 square inches]
0 Displacements
0 Square Feet [0.00 Square Inches]
90 patches before subdivision
5382 patches after subdivision
0 direct lights
0...1...2...3...4...5...6...7...8...9...100...1...2...3...4...5...6...7...8...9...10transfers 602137, max 256
transfer lists:   4.6 megs
0...1...2...3...4...5...6...7...8...9...10	Bounce #1 added RGB(0, 0, 0)
Build Patch/Sample Hash Table(s).....Done<0.0007 sec>
0...1...2...3...4...5...6...7...8...9...10FinalLightFace Done
0 of 0 (0% of) surface lights went in leaf ambient cubes.
0...1...2...3...4...5...6...7...8...9...10Writing leaf ambient...done
Ready to Finish

Object names       Objects/Maxobjs  Memory / Maxmem  Fullness 
------------       ---------------  ---------------  -------- 
models                  22/1024         1056/49152    ( 2.1%) 
brushes                 33/8192          396/98304    ( 0.4%) 
brushsides             198/65536        1584/524288   ( 0.3%) 
planes                 176/65536        3520/1310720  ( 0.3%) 
vertexes               121/65536        1452/786432   ( 0.2%) 
nodes                  162/65536        5184/2097152  ( 0.2%) 
texinfos                15/12288        1080/884736   ( 0.1%) 
texdata                  5/2048          160/65536    ( 0.2%) 
dispinfos                0/0               0/0        ( 0.0%) 
disp_verts               0/0               0/0        ( 0.0%) 
disp_tris                0/0               0/0        ( 0.0%) 
disp_multiblend          0/0               0/0        ( 0.0%) 
disp_lmsamples           0/0               0/0        ( 0.0%) 
faces                   90/65536        5040/3670016  ( 0.1%) 
hdr faces                0/65536           0/3670016  ( 0.0%) 
origfaces               54/65536        3024/3670016  ( 0.1%) 
facebrushes              0/0               0/0        ( 0.0%) 
facebrushlists          90/0             360/0        ( 0.0%) 
leaves                 185/65536        5920/2097152  ( 0.3%) 
leaffaces               90/65536         180/131072   ( 0.1%) 
leafbrushes             43/65536          86/131072   ( 0.1%) 
areas                    3/256            24/2048     ( 1.2%) 
surfedges              584/512000       2336/2048000  ( 0.1%) 
edges                  293/256000       1172/1024000  ( 0.1%) 
LDR worldlights          0/8192            0/819200   ( 0.0%) 
HDR worldlights          0/8192            0/819200   ( 0.0%) 
leafwaterdata            0/32768           0/393216   ( 0.0%) 
waterstrips              0/32768           0/327680   ( 0.0%) 
waterverts               0/65536           0/786432   ( 0.0%) 
waterindices             0/65536           0/131072   ( 0.0%) 
cubemapsamples           0/1024            0/16384    ( 0.0%) 
overlays                 0/512             0/180224   ( 0.0%) 
LDR lightdata         [variable]      554600/0        ( 0.0%) 
HDR lightdata         [variable]           0/0        ( 0.0%) 
visdata               [variable]          54/16777216 ( 0.0%) 
entdata               [variable]       48464/393216   (12.3%) 
LDR ambient table      185/65536         740/262144   ( 0.3%) 
HDR ambient table      185/65536         740/262144   ( 0.3%) 
LDR leaf ambient       144/65536        4032/1835008  ( 0.2%) 
HDR leaf ambient       185/65536        5180/1835008  ( 0.3%) 
occluders                0/0               0/0        ( 0.0%) 
occluder polygons        0/0               0/0        ( 0.0%) 
occluder vert ind        0/0               0/0        ( 0.0%) 
detail props          [variable]           1/12       ( 8.3%) 
static props          [variable]           1/12       ( 8.3%) 
pakfile               [variable]       74462/0        ( 0.0%) 
physics               [variable]       15990/4194304  ( 0.4%) 
physics terrain       [variable]           2/1048576  ( 0.0%) 

Level flags = 1

Total triangle count: 188
Writing d:\steamlibrary\steamapps\common\portal 2\sdk_content\maps\custom maps\cd_special_stage\cd_special_stage.bsp
0 seconds elapsed



Using shader api: shaderapiempty.dll
materialPath: D:\SteamLibrary\steamapps\common\Portal 2\portal2\materials
Loading D:\SteamLibrary\steamapps\common\Portal 2\sdk_content\maps\custom maps\cd_special_stage\cd_special_stage.vmf
ConVarRef gpu_level doesn't point to an existing ConVar
fixing up env_cubemap materials on brush sides...
0...1...2...3...4...5...6...7...8...9...100...1...2...3...4...5...6...7...8...9...10Processing areas...done (0)
Building Faces...done (0)
FixTjuncs...
PruneNodes...
WriteBSP...
done (0)
writing D:\SteamLibrary\steamapps\common\Portal 2\sdk_content\maps\custom maps\cd_special_stage\cd_special_stage.prt...Building visibility clusters...
done (0)
Finding displacement neighbors...
Finding lightmap sample positions...
Displacement Alpha : 0...1...2...3...4...5...6...7...8...9...10
Building Physics collision data...
done (0) (15990 bytes)
Placing detail props : 0...1...2...3...4...5...6...7...8...9...10
Compacting texture/material tables...
Reduced 33 texinfos to 15
Reduced 5 texdatas to 5 (100 bytes to 100)
Writing D:\SteamLibrary\steamapps\common\Portal 2\sdk_content\maps\custom maps\cd_special_stage\cd_special_stage.bsp

nummapplanes:     (   176 / 65536 )
nummapbrushes:    (    33 /  8192 )
nummapbrushsides: (   198 / 65536 )
num_map_overlays: (     0 /   512 )
nummodels:        (    22 /  1024 )
num_entities:     (   152 / 16384 )

0 seconds elapsed



24 threads
reading d:\steamlibrary\steamapps\common\portal 2\sdk_content\maps\custom maps\cd_special_stage\cd_special_stage.bsp
reading d:\steamlibrary\steamapps\common\portal 2\sdk_content\maps\custom maps\cd_special_stage\cd_special_stage.prt
   5 portalclusters
   4 numportals
0...1...2...3...4...5...6...7...8...9...100...1...2...3...4...5...6...7...8...9...10Optimized: 0 visible clusters (0.00%)
Total clusters visible: 17
Average clusters visible: 3
Building PAS...
Average clusters audible: 3
visdatasize:54  compressed from 80
writing d:\steamlibrary\steamapps\common\portal 2\sdk_content\maps\custom maps\cd_special_stage\cd_special_stage.bsp
0 seconds elapsed



[Reading texlights from 'lights.rad']
[59 texlights parsed from 'lights.rad']

Loading d:\steamlibrary\steamapps\common\portal 2\sdk_content\maps\custom maps\cd_special_stage\cd_special_stage.bsp
90 faces
58268 square feet [8390672.00 square inches]
0 Displacements
0 Square Feet [0.00 Square Inches]
90 patches before subdivision
5382 patches after subdivision
0 direct lights
0...1...2...3...4...5...6...7...8...9...100...1...2...3...4...5...6...7...8...9...10transfers 602137, max 256
transfer lists:   4.6 megs
0...1...2...3...4...5...6...7...8...9...10	Bounce #1 added RGB(0, 0, 0)
Build Patch/Sample Hash Table(s).....Done<0.0007 sec>
0...1...2...3...4...5...6...7...8...9...10FinalLightFace Done
0 of 0 (0% of) surface lights went in leaf ambient cubes.
0...1...2...3...4...5...6...7...8...9...10Writing leaf ambient...done
Ready to Finish

Object names       Objects/Maxobjs  Memory / Maxmem  Fullness 
------------       ---------------  ---------------  -------- 
models                  22/1024         1056/49152    ( 2.1%) 
brushes                 33/8192          396/98304    ( 0.4%) 
brushsides             198/65536        1584/524288   ( 0.3%) 
planes                 176/65536        3520/1310720  ( 0.3%) 
vertexes               121/65536        1452/786432   ( 0.2%) 
nodes                  162/65536        5184/2097152  ( 0.2%) 
texinfos                15/12288        1080/884736   ( 0.1%) 
texdata                  5/2048          160/65536    ( 0.2%) 
dispinfos                0/0               0/0        ( 0.0%) 
disp_verts               0/0               0/0        ( 0.0%) 
disp_tris                0/0               0/0        ( 0.0%) 
disp_multiblend          0/0               0/0        ( 0.0%) 
disp_lmsamples           0/0               0/0        ( 0.0%) 
faces                   90/65536        5040/3670016  ( 0.1%) 
hdr faces                0/65536           0/3670016  ( 0.0%) 
origfaces               54/65536        3024/3670016  ( 0.1%) 
facebrushes              0/0               0/0        ( 0.0%) 
facebrushlists          90/0             360/0        ( 0.0%) 
leaves                 185/65536        5920/2097152  ( 0.3%) 
leaffaces               90/65536         180/131072   ( 0.1%) 
leafbrushes             43/65536          86/131072   ( 0.1%) 
areas                    3/256            24/2048     ( 1.2%) 
surfedges              584/512000       2336/2048000  ( 0.1%) 
edges                  293/256000       1172/1024000  ( 0.1%) 
LDR worldlights          0/8192            0/819200   ( 0.0%) 
HDR worldlights          0/8192            0/819200   ( 0.0%) 
leafwaterdata            0/32768           0/393216   ( 0.0%) 
waterstrips              0/32768           0/327680   ( 0.0%) 
waterverts               0/65536           0/786432   ( 0.0%) 
waterindices             0/65536           0/131072   ( 0.0%) 
cubemapsamples           0/1024            0/16384    ( 0.0%) 
overlays                 0/512             0/180224   ( 0.0%) 
LDR lightdata         [variable]      554600/0        ( 0.0%) 
HDR lightdata         [variable]           0/0        ( 0.0%) 
visdata               [variable]          54/16777216 ( 0.0%) 
entdata               [variable]       48481/393216   (12.3%) 
LDR ambient table      185/65536         740/262144   ( 0.3%) 
HDR ambient table      185/65536         740/262144   ( 0.3%) 
LDR leaf ambient       144/65536        4032/1835008  ( 0.2%) 
HDR leaf ambient       185/65536        5180/1835008  ( 0.3%) 
occluders                0/0               0/0        ( 0.0%) 
occluder polygons        0/0               0/0        ( 0.0%) 
occluder vert ind        0/0               0/0        ( 0.0%) 
detail props          [variable]           1/12       ( 8.3%) 
static props          [variable]           1/12       ( 8.3%) 
pakfile               [variable]       74462/0        ( 0.0%) 
physics               [variable]       15990/4194304  ( 0.4%) 
physics terrain       [variable]           2/1048576  ( 0.0%) 

Level flags = 1

Total triangle count: 188
Writing d:\steamlibrary\steamapps\common\portal 2\sdk_content\maps\custom maps\cd_special_stage\cd_special_stage.bsp
0 seconds elapsed



Using shader api: shaderapiempty.dll
materialPath: D:\SteamLibrary\steamapps\common\Portal 2\portal2\materials
Loading D:\SteamLibrary\steamapps\common\Portal 2\sdk_content\maps\custom maps\cd_special_stage\cd_special_stage.vmf
ConVarRef gpu_level doesn't point to an existing ConVar
fixing up env_cubemap materials on brush sides...
0...1...2...3...4...5...6...7...8...9...100...1...2...3...4...5...6...7...8...9...10Processing areas...done (0)
Building Faces...done (0)
FixTjuncs...
PruneNodes...
WriteBSP...
done (0)
writing D:\SteamLibrary\steamapps\common\Portal 2\sdk_content\maps\custom maps\cd_special_stage\cd_special_stage.prt...Building visibility clusters...
done (0)
Finding displacement neighbors...
Finding lightmap sample positions...
Displacement Alpha : 0...1...2...3...4...5...6...7...8...9...10
Building Physics collision data...
done (0) (15990 bytes)
Placing detail props : 0...1...2...3...4...5...6...7...8...9...10
Compacting texture/material tables...
Reduced 33 texinfos to 15
Reduced 5 texdatas to 5 (100 bytes to 100)
Writing D:\SteamLibrary\steamapps\common\Portal 2\sdk_content\maps\custom maps\cd_special_stage\cd_special_stage.bsp

nummapplanes:     (   176 / 65536 )
nummapbrushes:    (    33 /  8192 )
nummapbrushsides: (   198 / 65536 )
num_map_overlays: (     0 /   512 )
nummodels:        (    22 /  1024 )
num_entities:     (   153 / 16384 )

0 seconds elapsed



24 threads
reading d:\steamlibrary\steamapps\common\portal 2\sdk_content\maps\custom maps\cd_special_stage\cd_special_stage.bsp
reading d:\steamlibrary\steamapps\common\portal 2\sdk_content\maps\custom maps\cd_special_stage\cd_special_stage.prt
   5 portalclusters
   4 numportals
0...1...2...3...4...5...6...7...8...9...100...1...2...3...4...5...6...7...8...9...10Optimized: 0 visible clusters (0.00%)
Total clusters visible: 17
Average clusters visible: 3
Building PAS...
Average clusters audible: 3
visdatasize:54  compressed from 80
writing d:\steamlibrary\steamapps\common\portal 2\sdk_content\maps\custom maps\cd_special_stage\cd_special_stage.bsp
0 seconds elapsed



[Reading texlights from 'lights.rad']
[59 texlights parsed from 'lights.rad']

Loading d:\steamlibrary\steamapps\common\portal 2\sdk_content\maps\custom maps\cd_special_stage\cd_special_stage.bsp
90 faces
58268 square feet [8390672.00 square inches]
0 Displacements
0 Square Feet [0.00 Square Inches]
90 patches before subdivision
5382 patches after subdivision
0 direct lights
0...1...2...3...4...5...6...7...8...9...100...1...2...3...4...5...6...7...8...9...10transfers 602137, max 256
transfer lists:   4.6 megs
0...1...2...3...4...5...6...7...8...9...10	Bounce #1 added RGB(0, 0, 0)
Build Patch/Sample Hash Table(s).....Done<0.0007 sec>
0...1...2...3...4...5...6...7...8...9...10FinalLightFace Done
0 of 0 (0% of) surface lights went in leaf ambient cubes.
0...1...2...3...4...5...6...7...8...9...10Writing leaf ambient...done
Ready to Finish

Object names       Objects/Maxobjs  Memory / Maxmem  Fullness 
------------       ---------------  ---------------  -------- 
models                  22/1024         1056/49152    ( 2.1%) 
brushes                 33/8192          396/98304    ( 0.4%) 
brushsides             198/65536        1584/524288   ( 0.3%) 
planes                 176/65536        3520/1310720  ( 0.3%) 
vertexes               121/65536        1452/786432   ( 0.2%) 
nodes                  162/65536        5184/2097152  ( 0.2%) 
texinfos                15/12288        1080/884736   ( 0.1%) 
texdata                  5/2048          160/65536    ( 0.2%) 
dispinfos                0/0               0/0        ( 0.0%) 
disp_verts               0/0               0/0        ( 0.0%) 
disp_tris                0/0               0/0        ( 0.0%) 
disp_multiblend          0/0               0/0        ( 0.0%) 
disp_lmsamples           0/0               0/0        ( 0.0%) 
faces                   90/65536        5040/3670016  ( 0.1%) 
hdr faces                0/65536           0/3670016  ( 0.0%) 
origfaces               54/65536        3024/3670016  ( 0.1%) 
facebrushes              0/0               0/0        ( 0.0%) 
facebrushlists          90/0             360/0        ( 0.0%) 
leaves                 185/65536        5920/2097152  ( 0.3%) 
leaffaces               90/65536         180/131072   ( 0.1%) 
leafbrushes             43/65536          86/131072   ( 0.1%) 
areas                    3/256            24/2048     ( 1.2%) 
surfedges              584/512000       2336/2048000  ( 0.1%) 
edges                  293/256000       1172/1024000  ( 0.1%) 
LDR worldlights          0/8192            0/819200   ( 0.0%) 
HDR worldlights          0/8192            0/819200   ( 0.0%) 
leafwaterdata            0/32768           0/393216   ( 0.0%) 
waterstrips              0/32768           0/327680   ( 0.0%) 
waterverts               0/65536           0/786432   ( 0.0%) 
waterindices             0/65536           0/131072   ( 0.0%) 
cubemapsamples           0/1024            0/16384    ( 0.0%) 
overlays                 0/512             0/180224   ( 0.0%) 
LDR lightdata         [variable]      554600/0        ( 0.0%) 
HDR lightdata         [variable]           0/0        ( 0.0%) 
visdata               [variable]          54/16777216 ( 0.0%) 
entdata               [variable]       48743/393216   (12.4%) 
LDR ambient table      185/65536         740/262144   ( 0.3%) 
HDR ambient table      185/65536         740/262144   ( 0.3%) 
LDR leaf ambient       144/65536        4032/1835008  ( 0.2%) 
HDR leaf ambient       185/65536        5180/1835008  ( 0.3%) 
occluders                0/0               0/0        ( 0.0%) 
occluder polygons        0/0               0/0        ( 0.0%) 
occluder vert ind        0/0               0/0        ( 0.0%) 
detail props          [variable]           1/12       ( 8.3%) 
static props          [variable]           1/12       ( 8.3%) 
pakfile               [variable]       74462/0        ( 0.0%) 
physics               [variable]       15990/4194304  ( 0.4%) 
physics terrain       [variable]           2/1048576  ( 0.0%) 

Level flags = 1

Total triangle count: 188
Writing d:\steamlibrary\steamapps\common\portal 2\sdk_content\maps\custom maps\cd_special_stage\cd_special_stage.bsp
0 seconds elapsed



Using shader api: shaderapiempty.dll
materialPath: D:\SteamLibrary\steamapps\common\Portal 2\portal2\materials
Loading D:\SteamLibrary\steamapps\common\Portal 2\sdk_content\maps\custom maps\cd_special_stage\cd_special_stage.vmf
ConVarRef gpu_level doesn't point to an existing ConVar
fixing up env_cubemap materials on brush sides...
0...1...2...3...4...5...6...7...8...9...100...1...2...3...4...5...6...7...8...9...10Processing areas...done (0)
Building Faces...done (0)
FixTjuncs...
PruneNodes...
WriteBSP...
done (0)
writing D:\SteamLibrary\steamapps\common\Portal 2\sdk_content\maps\custom maps\cd_special_stage\cd_special_stage.prt...Building visibility clusters...
done (0)
Finding displacement neighbors...
Finding lightmap sample positions...
Displacement Alpha : 0...1...2...3...4...5...6...7...8...9...10
Building Physics collision data...
done (0) (15990 bytes)
Placing detail props : 0...1...2...3...4...5...6...7...8...9...10
Compacting texture/material tables...
Reduced 33 texinfos to 15
Reduced 5 texdatas to 5 (100 bytes to 100)
Writing D:\SteamLibrary\steamapps\common\Portal 2\sdk_content\maps\custom maps\cd_special_stage\cd_special_stage.bsp

nummapplanes:     (   176 / 65536 )
nummapbrushes:    (    33 /  8192 )
nummapbrushsides: (   198 / 65536 )
num_map_overlays: (     0 /   512 )
nummodels:        (    22 /  1024 )
num_entities:     (   153 / 16384 )

0 seconds elapsed



24 threads
reading d:\steamlibrary\steamapps\common\portal 2\sdk_content\maps\custom maps\cd_special_stage\cd_special_stage.bsp
reading d:\steamlibrary\steamapps\common\portal 2\sdk_content\maps\custom maps\cd_special_stage\cd_special_stage.prt
   5 portalclusters
   4 numportals
0...1...2...3...4...5...6...7...8...9...100...1...2...3...4...5...6...7...8...9...10Optimized: 0 visible clusters (0.00%)
Total clusters visible: 17
Average clusters visible: 3
Building PAS...
Average clusters audible: 3
visdatasize:54  compressed from 80
writing d:\steamlibrary\steamapps\common\portal 2\sdk_content\maps\custom maps\cd_special_stage\cd_special_stage.bsp
0 seconds elapsed



[Reading texlights from 'lights.rad']
[59 texlights parsed from 'lights.rad']

Loading d:\steamlibrary\steamapps\common\portal 2\sdk_content\maps\custom maps\cd_special_stage\cd_special_stage.bsp
90 faces
58268 square feet [8390672.00 square inches]
0 Displacements
0 Square Feet [0.00 Square Inches]
90 patches before subdivision
5382 patches after subdivision
0 direct lights
0...1...2...3...4...5...6...7...8...9...100...1...2...3...4...5...6...7...8...9...10transfers 602079, max 256
transfer lists:   4.6 megs
0...1...2...3...4...5...6...7...8...9...10	Bounce #1 added RGB(0, 0, 0)
Build Patch/Sample Hash Table(s).....Done<0.0006 sec>
0...1...2...3...4...5...6...7...8...9...10FinalLightFace Done
0 of 0 (0% of) surface lights went in leaf ambient cubes.
0...1...2...3...4...5...6...7...8...9...10Writing leaf ambient...done
Ready to Finish

Object names       Objects/Maxobjs  Memory / Maxmem  Fullness 
------------       ---------------  ---------------  -------- 
models                  22/1024         1056/49152    ( 2.1%) 
brushes                 33/8192          396/98304    ( 0.4%) 
brushsides             198/65536        1584/524288   ( 0.3%) 
planes                 176/65536        3520/1310720  ( 0.3%) 
vertexes               121/65536        1452/786432   ( 0.2%) 
nodes                  162/65536        5184/2097152  ( 0.2%) 
texinfos                15/12288        1080/884736   ( 0.1%) 
texdata                  5/2048          160/65536    ( 0.2%) 
dispinfos                0/0               0/0        ( 0.0%) 
disp_verts               0/0               0/0        ( 0.0%) 
disp_tris                0/0               0/0        ( 0.0%) 
disp_multiblend          0/0               0/0        ( 0.0%) 
disp_lmsamples           0/0               0/0        ( 0.0%) 
faces                   90/65536        5040/3670016  ( 0.1%) 
hdr faces                0/65536           0/3670016  ( 0.0%) 
origfaces               54/65536        3024/3670016  ( 0.1%) 
facebrushes              0/0               0/0        ( 0.0%) 
facebrushlists          90/0             360/0        ( 0.0%) 
leaves                 185/65536        5920/2097152  ( 0.3%) 
leaffaces               90/65536         180/131072   ( 0.1%) 
leafbrushes             43/65536          86/131072   ( 0.1%) 
areas                    3/256            24/2048     ( 1.2%) 
surfedges              584/512000       2336/2048000  ( 0.1%) 
edges                  293/256000       1172/1024000  ( 0.1%) 
LDR worldlights          0/8192            0/819200   ( 0.0%) 
HDR worldlights          0/8192            0/819200   ( 0.0%) 
leafwaterdata            0/32768           0/393216   ( 0.0%) 
waterstrips              0/32768           0/327680   ( 0.0%) 
waterverts               0/65536           0/786432   ( 0.0%) 
waterindices             0/65536           0/131072   ( 0.0%) 
cubemapsamples           0/1024            0/16384    ( 0.0%) 
overlays                 0/512             0/180224   ( 0.0%) 
LDR lightdata         [variable]      554600/0        ( 0.0%) 
HDR lightdata         [variable]           0/0        ( 0.0%) 
visdata               [variable]          54/16777216 ( 0.0%) 
entdata               [variable]       48743/393216   (12.4%) 
LDR ambient table      185/65536         740/262144   ( 0.3%) 
HDR ambient table      185/65536         740/262144   ( 0.3%) 
LDR leaf ambient       144/65536        4032/1835008  ( 0.2%) 
HDR leaf ambient       185/65536        5180/1835008  ( 0.3%) 
occluders                0/0               0/0        ( 0.0%) 
occluder polygons        0/0               0/0        ( 0.0%) 
occluder vert ind        0/0               0/0        ( 0.0%) 
detail props          [variable]           1/12       ( 8.3%) 
static props          [variable]           1/12       ( 8.3%) 
pakfile               [variable]       74462/0        ( 0.0%) 
physics               [variable]       15990/4194304  ( 0.4%) 
physics terrain       [variable]           2/1048576  ( 0.0%) 

Level flags = 1

Total triangle count: 188
Writing d:\steamlibrary\steamapps\common\portal 2\sdk_content\maps\custom maps\cd_special_stage\cd_special_stage.bsp
0 seconds elapsed



Using shader api: shaderapiempty.dll
materialPath: D:\SteamLibrary\steamapps\common\Portal 2\portal2\materials
Loading D:\SteamLibrary\steamapps\common\Portal 2\sdk_content\maps\custom maps\cd_special_stage\cd_special_stage.vmf
ConVarRef gpu_level doesn't point to an existing ConVar
fixing up env_cubemap materials on brush sides...
0...1...2...3...4...5...6...7...8...9...100...1...2...3...4...5...6...7...8...9...10Processing areas...done (0)
Building Faces...done (0)
FixTjuncs...
PruneNodes...
WriteBSP...
done (0)
writing D:\SteamLibrary\steamapps\common\Portal 2\sdk_content\maps\custom maps\cd_special_stage\cd_special_stage.prt...Building visibility clusters...
done (0)
Finding displacement neighbors...
Finding lightmap sample positions...
Displacement Alpha : 0...1...2...3...4...5...6...7...8...9...10
Building Physics collision data...
done (0) (15990 bytes)
Placing detail props : 0...1...2...3...4...5...6...7...8...9...10
Compacting texture/material tables...
Reduced 33 texinfos to 15
Reduced 5 texdatas to 5 (100 bytes to 100)
Writing D:\SteamLibrary\steamapps\common\Portal 2\sdk_content\maps\custom maps\cd_special_stage\cd_special_stage.bsp

nummapplanes:     (   176 / 65536 )
nummapbrushes:    (    33 /  8192 )
nummapbrushsides: (   198 / 65536 )
num_map_overlays: (     0 /   512 )
nummodels:        (    22 /  1024 )
num_entities:     (   155 / 16384 )

0 seconds elapsed



24 threads
reading d:\steamlibrary\steamapps\common\portal 2\sdk_content\maps\custom maps\cd_special_stage\cd_special_stage.bsp
reading d:\steamlibrary\steamapps\common\portal 2\sdk_content\maps\custom maps\cd_special_stage\cd_special_stage.prt
   5 portalclusters
   4 numportals
0...1...2...3...4...5...6...7...8...9...100...1...2...3...4...5...6...7...8...9...10Optimized: 0 visible clusters (0.00%)
Total clusters visible: 17
Average clusters visible: 3
Building PAS...
Average clusters audible: 3
visdatasize:54  compressed from 80
writing d:\steamlibrary\steamapps\common\portal 2\sdk_content\maps\custom maps\cd_special_stage\cd_special_stage.bsp
0 seconds elapsed



[Reading texlights from 'lights.rad']
[59 texlights parsed from 'lights.rad']

Loading d:\steamlibrary\steamapps\common\portal 2\sdk_content\maps\custom maps\cd_special_stage\cd_special_stage.bsp
90 faces
58268 square feet [8390672.00 square inches]
0 Displacements
0 Square Feet [0.00 Square Inches]
90 patches before subdivision
5382 patches after subdivision
0 direct lights
0...1...2...3...4...5...6...7...8...9...100...1...2...3...4...5...6...7...8...9...10transfers 602079, max 256
transfer lists:   4.6 megs
0...1...2...3...4...5...6...7...8...9...10	Bounce #1 added RGB(0, 0, 0)
Build Patch/Sample Hash Table(s).....Done<0.0006 sec>
0...1...2...3...4...5...6...7...8...9...10FinalLightFace Done
0 of 0 (0% of) surface lights went in leaf ambient cubes.
0...1...2...3...4...5...6...7...8...9...10Writing leaf ambient...done
Ready to Finish

Object names       Objects/Maxobjs  Memory / Maxmem  Fullness 
------------       ---------------  ---------------  -------- 
models                  22/1024         1056/49152    ( 2.1%) 
brushes                 33/8192          396/98304    ( 0.4%) 
brushsides             198/65536        1584/524288   ( 0.3%) 
planes                 176/65536        3520/1310720  ( 0.3%) 
vertexes               121/65536        1452/786432   ( 0.2%) 
nodes                  162/65536        5184/2097152  ( 0.2%) 
texinfos                15/12288        1080/884736   ( 0.1%) 
texdata                  5/2048          160/65536    ( 0.2%) 
dispinfos                0/0               0/0        ( 0.0%) 
disp_verts               0/0               0/0        ( 0.0%) 
disp_tris                0/0               0/0        ( 0.0%) 
disp_multiblend          0/0               0/0        ( 0.0%) 
disp_lmsamples           0/0               0/0        ( 0.0%) 
faces                   90/65536        5040/3670016  ( 0.1%) 
hdr faces                0/65536           0/3670016  ( 0.0%) 
origfaces               54/65536        3024/3670016  ( 0.1%) 
facebrushes              0/0               0/0        ( 0.0%) 
facebrushlists          90/0             360/0        ( 0.0%) 
leaves                 185/65536        5920/2097152  ( 0.3%) 
leaffaces               90/65536         180/131072   ( 0.1%) 
leafbrushes             43/65536          86/131072   ( 0.1%) 
areas                    3/256            24/2048     ( 1.2%) 
surfedges              584/512000       2336/2048000  ( 0.1%) 
edges                  293/256000       1172/1024000  ( 0.1%) 
LDR worldlights          0/8192            0/819200   ( 0.0%) 
HDR worldlights          0/8192            0/819200   ( 0.0%) 
leafwaterdata            0/32768           0/393216   ( 0.0%) 
waterstrips              0/32768           0/327680   ( 0.0%) 
waterverts               0/65536           0/786432   ( 0.0%) 
waterindices             0/65536           0/131072   ( 0.0%) 
cubemapsamples           0/1024            0/16384    ( 0.0%) 
overlays                 0/512             0/180224   ( 0.0%) 
LDR lightdata         [variable]      554600/0        ( 0.0%) 
HDR lightdata         [variable]           0/0        ( 0.0%) 
visdata               [variable]          54/16777216 ( 0.0%) 
entdata               [variable]       49130/393216   (12.5%) 
LDR ambient table      185/65536         740/262144   ( 0.3%) 
HDR ambient table      185/65536         740/262144   ( 0.3%) 
LDR leaf ambient       144/65536        4032/1835008  ( 0.2%) 
HDR leaf ambient       185/65536        5180/1835008  ( 0.3%) 
occluders                0/0               0/0        ( 0.0%) 
occluder polygons        0/0               0/0        ( 0.0%) 
occluder vert ind        0/0               0/0        ( 0.0%) 
detail props          [variable]           1/12       ( 8.3%) 
static props          [variable]           1/12       ( 8.3%) 
pakfile               [variable]       74462/0        ( 0.0%) 
physics               [variable]       15990/4194304  ( 0.4%) 
physics terrain       [variable]           2/1048576  ( 0.0%) 

Level flags = 1

Total triangle count: 188
Writing d:\steamlibrary\steamapps\common\portal 2\sdk_content\maps\custom maps\cd_special_stage\cd_special_stage.bsp
0 seconds elapsed



Using shader api: shaderapiempty.dll
materialPath: D:\SteamLibrary\steamapps\common\Portal 2\portal2\materials
Loading D:\SteamLibrary\steamapps\common\Portal 2\sdk_content\maps\custom maps\cd_special_stage\cd_special_stage.vmf
ConVarRef gpu_level doesn't point to an existing ConVar
fixing up env_cubemap materials on brush sides...
0...1...2...3...4...5...6...7...8...9...100...1...2...3...4...5...6...7...8...9...10Processing areas...done (0)
Building Faces...done (0)
FixTjuncs...
PruneNodes...
WriteBSP...
done (0)
writing D:\SteamLibrary\steamapps\common\Portal 2\sdk_content\maps\custom maps\cd_special_stage\cd_special_stage.prt...Building visibility clusters...
done (0)
Finding displacement neighbors...
Finding lightmap sample positions...
Displacement Alpha : 0...1...2...3...4...5...6...7...8...9...10
Building Physics collision data...
done (0) (15990 bytes)
Placing detail props : 0...1...2...3...4...5...6...7...8...9...10
Compacting texture/material tables...
Reduced 33 texinfos to 15
Reduced 5 texdatas to 5 (100 bytes to 100)
Writing D:\SteamLibrary\steamapps\common\Portal 2\sdk_content\maps\custom maps\cd_special_stage\cd_special_stage.bsp

nummapplanes:     (   176 / 65536 )
nummapbrushes:    (    33 /  8192 )
nummapbrushsides: (   198 / 65536 )
num_map_overlays: (     0 /   512 )
nummodels:        (    22 /  1024 )
num_entities:     (   155 / 16384 )

0 seconds elapsed



24 threads
reading d:\steamlibrary\steamapps\common\portal 2\sdk_content\maps\custom maps\cd_special_stage\cd_special_stage.bsp
reading d:\steamlibrary\steamapps\common\portal 2\sdk_content\maps\custom maps\cd_special_stage\cd_special_stage.prt
   5 portalclusters
   4 numportals
0...1...2...3...4...5...6...7...8...9...100...1...2...3...4...5...6...7...8...9...10Optimized: 0 visible clusters (0.00%)
Total clusters visible: 17
Average clusters visible: 3
Building PAS...
Average clusters audible: 3
visdatasize:54  compressed from 80
writing d:\steamlibrary\steamapps\common\portal 2\sdk_content\maps\custom maps\cd_special_stage\cd_special_stage.bsp
0 seconds elapsed



[Reading texlights from 'lights.rad']
[59 texlights parsed from 'lights.rad']

Loading d:\steamlibrary\steamapps\common\portal 2\sdk_content\maps\custom maps\cd_special_stage\cd_special_stage.bsp
90 faces
58268 square feet [8390672.00 square inches]
0 Displacements
0 Square Feet [0.00 Square Inches]
90 patches before subdivision
5382 patches after subdivision
0 direct lights
0...1...2...3...4...5...6...7...8...9...100...1...2...3...4...5...6...7...8...9...10transfers 602079, max 256
transfer lists:   4.6 megs
0...1...2...3...4...5...6...7...8...9...10	Bounce #1 added RGB(0, 0, 0)
Build Patch/Sample Hash Table(s).....Done<0.0007 sec>
0...1...2...3...4...5...6...7...8...9...10FinalLightFace Done
0 of 0 (0% of) surface lights went in leaf ambient cubes.
0...1...2...3...4...5...6...7...8...9...10Writing leaf ambient...done
Ready to Finish

Object names       Objects/Maxobjs  Memory / Maxmem  Fullness 
------------       ---------------  ---------------  -------- 
models                  22/1024         1056/49152    ( 2.1%) 
brushes                 33/8192          396/98304    ( 0.4%) 
brushsides             198/65536        1584/524288   ( 0.3%) 
planes                 176/65536        3520/1310720  ( 0.3%) 
vertexes               121/65536        1452/786432   ( 0.2%) 
nodes                  162/65536        5184/2097152  ( 0.2%) 
texinfos                15/12288        1080/884736   ( 0.1%) 
texdata                  5/2048          160/65536    ( 0.2%) 
dispinfos                0/0               0/0        ( 0.0%) 
disp_verts               0/0               0/0        ( 0.0%) 
disp_tris                0/0               0/0        ( 0.0%) 
disp_multiblend          0/0               0/0        ( 0.0%) 
disp_lmsamples           0/0               0/0        ( 0.0%) 
faces                   90/65536        5040/3670016  ( 0.1%) 
hdr faces                0/65536           0/3670016  ( 0.0%) 
origfaces               54/65536        3024/3670016  ( 0.1%) 
facebrushes              0/0               0/0        ( 0.0%) 
facebrushlists          90/0             360/0        ( 0.0%) 
leaves                 185/65536        5920/2097152  ( 0.3%) 
leaffaces               90/65536         180/131072   ( 0.1%) 
leafbrushes             43/65536          86/131072   ( 0.1%) 
areas                    3/256            24/2048     ( 1.2%) 
surfedges              584/512000       2336/2048000  ( 0.1%) 
edges                  293/256000       1172/1024000  ( 0.1%) 
LDR worldlights          0/8192            0/819200   ( 0.0%) 
HDR worldlights          0/8192            0/819200   ( 0.0%) 
leafwaterdata            0/32768           0/393216   ( 0.0%) 
waterstrips              0/32768           0/327680   ( 0.0%) 
waterverts               0/65536           0/786432   ( 0.0%) 
waterindices             0/65536           0/131072   ( 0.0%) 
cubemapsamples           0/1024            0/16384    ( 0.0%) 
overlays                 0/512             0/180224   ( 0.0%) 
LDR lightdata         [variable]      554600/0        ( 0.0%) 
HDR lightdata         [variable]           0/0        ( 0.0%) 
visdata               [variable]          54/16777216 ( 0.0%) 
entdata               [variable]       49136/393216   (12.5%) 
LDR ambient table      185/65536         740/262144   ( 0.3%) 
HDR ambient table      185/65536         740/262144   ( 0.3%) 
LDR leaf ambient       144/65536        4032/1835008  ( 0.2%) 
HDR leaf ambient       185/65536        5180/1835008  ( 0.3%) 
occluders                0/0               0/0        ( 0.0%) 
occluder polygons        0/0               0/0        ( 0.0%) 
occluder vert ind        0/0               0/0        ( 0.0%) 
detail props          [variable]           1/12       ( 8.3%) 
static props          [variable]           1/12       ( 8.3%) 
pakfile               [variable]       74462/0        ( 0.0%) 
physics               [variable]       15990/4194304  ( 0.4%) 
physics terrain       [variable]           2/1048576  ( 0.0%) 

Level flags = 1

Total triangle count: 188
Writing d:\steamlibrary\steamapps\common\portal 2\sdk_content\maps\custom maps\cd_special_stage\cd_special_stage.bsp
0 seconds elapsed



Using shader api: shaderapiempty.dll
materialPath: D:\SteamLibrary\steamapps\common\Portal 2\portal2\materials
Loading D:\SteamLibrary\steamapps\common\Portal 2\sdk_content\maps\custom maps\cd_special_stage\cd_special_stage.vmf
ConVarRef gpu_level doesn't point to an existing ConVar
fixing up env_cubemap materials on brush sides...
0...1...2...3...4...5...6...7...8...9...100...1...2...3...4...5...6...7...8...9...10Processing areas...done (0)
Building Faces...done (0)
FixTjuncs...
PruneNodes...
WriteBSP...
done (0)
writing D:\SteamLibrary\steamapps\common\Portal 2\sdk_content\maps\custom maps\cd_special_stage\cd_special_stage.prt...Building visibility clusters...
done (0)
Finding displacement neighbors...
Finding lightmap sample positions...
Displacement Alpha : 0...1...2...3...4...5...6...7...8...9...10
Building Physics collision data...
done (0) (15990 bytes)
Placing detail props : 0...1...2...3...4...5...6...7...8...9...10
Compacting texture/material tables...
Reduced 33 texinfos to 15
Reduced 5 texdatas to 5 (100 bytes to 100)
Writing D:\SteamLibrary\steamapps\common\Portal 2\sdk_content\maps\custom maps\cd_special_stage\cd_special_stage.bsp

nummapplanes:     (   176 / 65536 )
nummapbrushes:    (    33 /  8192 )
nummapbrushsides: (   198 / 65536 )
num_map_overlays: (     0 /   512 )
nummodels:        (    22 /  1024 )
num_entities:     (   156 / 16384 )

0 seconds elapsed



24 threads
reading d:\steamlibrary\steamapps\common\portal 2\sdk_content\maps\custom maps\cd_special_stage\cd_special_stage.bsp
reading d:\steamlibrary\steamapps\common\portal 2\sdk_content\maps\custom maps\cd_special_stage\cd_special_stage.prt
   5 portalclusters
   4 numportals
0...1...2...3...4...5...6...7...8...9...100...1...2...3...4...5...6...7...8...9...10Optimized: 0 visible clusters (0.00%)
Total clusters visible: 17
Average clusters visible: 3
Building PAS...
Average clusters audible: 3
visdatasize:54  compressed from 80
writing d:\steamlibrary\steamapps\common\portal 2\sdk_content\maps\custom maps\cd_special_stage\cd_special_stage.bsp
0 seconds elapsed



[Reading texlights from 'lights.rad']
[59 texlights parsed from 'lights.rad']

Loading d:\steamlibrary\steamapps\common\portal 2\sdk_content\maps\custom maps\cd_special_stage\cd_special_stage.bsp
90 faces
58268 square feet [8390672.00 square inches]
0 Displacements
0 Square Feet [0.00 Square Inches]
90 patches before subdivision
5382 patches after subdivision
0 direct lights
0...1...2...3...4...5...6...7...8...9...100...1...2...3...4...5...6...7...8...9...10transfers 602079, max 256
transfer lists:   4.6 megs
0...1...2...3...4...5...6...7...8...9...10	Bounce #1 added RGB(0, 0, 0)
Build Patch/Sample Hash Table(s).....Done<0.0007 sec>
0...1...2...3...4...5...6...7...8...9...10FinalLightFace Done
0 of 0 (0% of) surface lights went in leaf ambient cubes.
0...1...2...3...4...5...6...7...8...9...10Writing leaf ambient...done
Ready to Finish

Object names       Objects/Maxobjs  Memory / Maxmem  Fullness 
------------       ---------------  ---------------  -------- 
models                  22/1024         1056/49152    ( 2.1%) 
brushes                 33/8192          396/98304    ( 0.4%) 
brushsides             198/65536        1584/524288   ( 0.3%) 
planes                 176/65536        3520/1310720  ( 0.3%) 
vertexes               121/65536        1452/786432   ( 0.2%) 
nodes                  162/65536        5184/2097152  ( 0.2%) 
texinfos                15/12288        1080/884736   ( 0.1%) 
texdata                  5/2048          160/65536    ( 0.2%) 
dispinfos                0/0               0/0        ( 0.0%) 
disp_verts               0/0               0/0        ( 0.0%) 
disp_tris                0/0               0/0        ( 0.0%) 
disp_multiblend          0/0               0/0        ( 0.0%) 
disp_lmsamples           0/0               0/0        ( 0.0%) 
faces                   90/65536        5040/3670016  ( 0.1%) 
hdr faces                0/65536           0/3670016  ( 0.0%) 
origfaces               54/65536        3024/3670016  ( 0.1%) 
facebrushes              0/0               0/0        ( 0.0%) 
facebrushlists          90/0             360/0        ( 0.0%) 
leaves                 185/65536        5920/2097152  ( 0.3%) 
leaffaces               90/65536         180/131072   ( 0.1%) 
leafbrushes             43/65536          86/131072   ( 0.1%) 
areas                    3/256            24/2048     ( 1.2%) 
surfedges              584/512000       2336/2048000  ( 0.1%) 
edges                  293/256000       1172/1024000  ( 0.1%) 
LDR worldlights          0/8192            0/819200   ( 0.0%) 
HDR worldlights          0/8192            0/819200   ( 0.0%) 
leafwaterdata            0/32768           0/393216   ( 0.0%) 
waterstrips              0/32768           0/327680   ( 0.0%) 
waterverts               0/65536           0/786432   ( 0.0%) 
waterindices             0/65536           0/131072   ( 0.0%) 
cubemapsamples           0/1024            0/16384    ( 0.0%) 
overlays                 0/512             0/180224   ( 0.0%) 
LDR lightdata         [variable]      554600/0        ( 0.0%) 
HDR lightdata         [variable]           0/0        ( 0.0%) 
visdata               [variable]          54/16777216 ( 0.0%) 
entdata               [variable]       49393/393216   (12.6%) 
LDR ambient table      185/65536         740/262144   ( 0.3%) 
HDR ambient table      185/65536         740/262144   ( 0.3%) 
LDR leaf ambient       144/65536        4032/1835008  ( 0.2%) 
HDR leaf ambient       185/65536        5180/1835008  ( 0.3%) 
occluders                0/0               0/0        ( 0.0%) 
occluder polygons        0/0               0/0        ( 0.0%) 
occluder vert ind        0/0               0/0        ( 0.0%) 
detail props          [variable]           1/12       ( 8.3%) 
static props          [variable]           1/12       ( 8.3%) 
pakfile               [variable]       74462/0        ( 0.0%) 
physics               [variable]       15990/4194304  ( 0.4%) 
physics terrain       [variable]           2/1048576  ( 0.0%) 

Level flags = 1

Total triangle count: 188
Writing d:\steamlibrary\steamapps\common\portal 2\sdk_content\maps\custom maps\cd_special_stage\cd_special_stage.bsp
0 seconds elapsed



Using shader api: shaderapiempty.dll
materialPath: D:\SteamLibrary\steamapps\common\Portal 2\portal2\materials
Loading D:\SteamLibrary\steamapps\common\Portal 2\sdk_content\maps\custom maps\cd_special_stage\cd_special_stage.vmf
ConVarRef gpu_level doesn't point to an existing ConVar
fixing up env_cubemap materials on brush sides...
0...1...2...3...4...5...6...7...8...9...100...1...2...3...4...5...6...7...8...9...10Processing areas...done (0)
Building Faces...done (0)
FixTjuncs...
PruneNodes...
WriteBSP...
done (0)
writing D:\SteamLibrary\steamapps\common\Portal 2\sdk_content\maps\custom maps\cd_special_stage\cd_special_stage.prt...Building visibility clusters...
done (0)
Finding displacement neighbors...
Finding lightmap sample positions...
Displacement Alpha : 0...1...2...3...4...5...6...7...8...9...10
Building Physics collision data...
done (0) (15990 bytes)
Placing detail props : 0...1...2...3...4...5...6...7...8...9...10
Compacting texture/material tables...
Reduced 33 texinfos to 15
Reduced 5 texdatas to 5 (100 bytes to 100)
Writing D:\SteamLibrary\steamapps\common\Portal 2\sdk_content\maps\custom maps\cd_special_stage\cd_special_stage.bsp

nummapplanes:     (   176 / 65536 )
nummapbrushes:    (    33 /  8192 )
nummapbrushsides: (   198 / 65536 )
num_map_overlays: (     0 /   512 )
nummodels:        (    22 /  1024 )
num_entities:     (   156 / 16384 )

0 seconds elapsed



24 threads
reading d:\steamlibrary\steamapps\common\portal 2\sdk_content\maps\custom maps\cd_special_stage\cd_special_stage.bsp
reading d:\steamlibrary\steamapps\common\portal 2\sdk_content\maps\custom maps\cd_special_stage\cd_special_stage.prt
   5 portalclusters
   4 numportals
0...1...2...3...4...5...6...7...8...9...100...1...2...3...4...5...6...7...8...9...10Optimized: 0 visible clusters (0.00%)
Total clusters visible: 17
Average clusters visible: 3
Building PAS...
Average clusters audible: 3
visdatasize:54  compressed from 80
writing d:\steamlibrary\steamapps\common\portal 2\sdk_content\maps\custom maps\cd_special_stage\cd_special_stage.bsp
0 seconds elapsed



[Reading texlights from 'lights.rad']
[59 texlights parsed from 'lights.rad']

Loading d:\steamlibrary\steamapps\common\portal 2\sdk_content\maps\custom maps\cd_special_stage\cd_special_stage.bsp
90 faces
58268 square feet [8390672.00 square inches]
0 Displacements
0 Square Feet [0.00 Square Inches]
90 patches before subdivision
5382 patches after subdivision
0 direct lights
0...1...2...3...4...5...6...7...8...9...100...1...2...3...4...5...6...7...8...9...10transfers 602079, max 256
transfer lists:   4.6 megs
0...1...2...3...4...5...6...7...8...9...10	Bounce #1 added RGB(0, 0, 0)
Build Patch/Sample Hash Table(s).....Done<0.0007 sec>
0...1...2...3...4...5...6...7...8...9...10FinalLightFace Done
0 of 0 (0% of) surface lights went in leaf ambient cubes.
0...1...2...3...4...5...6...7...8...9...10Writing leaf ambient...done
Ready to Finish

Object names       Objects/Maxobjs  Memory / Maxmem  Fullness 
------------       ---------------  ---------------  -------- 
models                  22/1024         1056/49152    ( 2.1%) 
brushes                 33/8192          396/98304    ( 0.4%) 
brushsides             198/65536        1584/524288   ( 0.3%) 
planes                 176/65536        3520/1310720  ( 0.3%) 
vertexes               121/65536        1452/786432   ( 0.2%) 
nodes                  162/65536        5184/2097152  ( 0.2%) 
texinfos                15/12288        1080/884736   ( 0.1%) 
texdata                  5/2048          160/65536    ( 0.2%) 
dispinfos                0/0               0/0        ( 0.0%) 
disp_verts               0/0               0/0        ( 0.0%) 
disp_tris                0/0               0/0        ( 0.0%) 
disp_multiblend          0/0               0/0        ( 0.0%) 
disp_lmsamples           0/0               0/0        ( 0.0%) 
faces                   90/65536        5040/3670016  ( 0.1%) 
hdr faces                0/65536           0/3670016  ( 0.0%) 
origfaces               54/65536        3024/3670016  ( 0.1%) 
facebrushes              0/0               0/0        ( 0.0%) 
facebrushlists          90/0             360/0        ( 0.0%) 
leaves                 185/65536        5920/2097152  ( 0.3%) 
leaffaces               90/65536         180/131072   ( 0.1%) 
leafbrushes             43/65536          86/131072   ( 0.1%) 
areas                    3/256            24/2048     ( 1.2%) 
surfedges              584/512000       2336/2048000  ( 0.1%) 
edges                  293/256000       1172/1024000  ( 0.1%) 
LDR worldlights          0/8192            0/819200   ( 0.0%) 
HDR worldlights          0/8192            0/819200   ( 0.0%) 
leafwaterdata            0/32768           0/393216   ( 0.0%) 
waterstrips              0/32768           0/327680   ( 0.0%) 
waterverts               0/65536           0/786432   ( 0.0%) 
waterindices             0/65536           0/131072   ( 0.0%) 
cubemapsamples           0/1024            0/16384    ( 0.0%) 
overlays                 0/512             0/180224   ( 0.0%) 
LDR lightdata         [variable]      554600/0        ( 0.0%) 
HDR lightdata         [variable]           0/0        ( 0.0%) 
visdata               [variable]          54/16777216 ( 0.0%) 
entdata               [variable]       49431/393216   (12.6%) 
LDR ambient table      185/65536         740/262144   ( 0.3%) 
HDR ambient table      185/65536         740/262144   ( 0.3%) 
LDR leaf ambient       144/65536        4032/1835008  ( 0.2%) 
HDR leaf ambient       185/65536        5180/1835008  ( 0.3%) 
occluders                0/0               0/0        ( 0.0%) 
occluder polygons        0/0               0/0        ( 0.0%) 
occluder vert ind        0/0               0/0        ( 0.0%) 
detail props          [variable]           1/12       ( 8.3%) 
static props          [variable]           1/12       ( 8.3%) 
pakfile               [variable]       74462/0        ( 0.0%) 
physics               [variable]       15990/4194304  ( 0.4%) 
physics terrain       [variable]           2/1048576  ( 0.0%) 

Level flags = 1

Total triangle count: 188
Writing d:\steamlibrary\steamapps\common\portal 2\sdk_content\maps\custom maps\cd_special_stage\cd_special_stage.bsp
0 seconds elapsed



Using shader api: shaderapiempty.dll
materialPath: D:\SteamLibrary\steamapps\common\Portal 2\portal2\materials
Loading D:\SteamLibrary\steamapps\common\Portal 2\sdk_content\maps\custom maps\cd_special_stage\cd_special_stage.vmf
ConVarRef gpu_level doesn't point to an existing ConVar
fixing up env_cubemap materials on brush sides...
0...1...2...3...4...5...6...7...8...9...100...1...2...3...4...5...6...7...8...9...10Processing areas...done (0)
Building Faces...done (0)
FixTjuncs...
PruneNodes...
WriteBSP...
done (0)
writing D:\SteamLibrary\steamapps\common\Portal 2\sdk_content\maps\custom maps\cd_special_stage\cd_special_stage.prt...Building visibility clusters...
done (0)
Finding displacement neighbors...
Finding lightmap sample positions...
Displacement Alpha : 0...1...2...3...4...5...6...7...8...9...10
Building Physics collision data...
done (0) (15990 bytes)
Placing detail props : 0...1...2...3...4...5...6...7...8...9...10
Compacting texture/material tables...
Reduced 33 texinfos to 15
Reduced 5 texdatas to 5 (100 bytes to 100)
Writing D:\SteamLibrary\steamapps\common\Portal 2\sdk_content\maps\custom maps\cd_special_stage\cd_special_stage.bsp

nummapplanes:     (   176 / 65536 )
nummapbrushes:    (    33 /  8192 )
nummapbrushsides: (   198 / 65536 )
num_map_overlays: (     0 /   512 )
nummodels:        (    22 /  1024 )
num_entities:     (   156 / 16384 )

0 seconds elapsed



24 threads
reading d:\steamlibrary\steamapps\common\portal 2\sdk_content\maps\custom maps\cd_special_stage\cd_special_stage.bsp
reading d:\steamlibrary\steamapps\common\portal 2\sdk_content\maps\custom maps\cd_special_stage\cd_special_stage.prt
   5 portalclusters
   4 numportals
0...1...2...3...4...5...6...7...8...9...100...1...2...3...4...5...6...7...8...9...10Optimized: 0 visible clusters (0.00%)
Total clusters visible: 17
Average clusters visible: 3
Building PAS...
Average clusters audible: 3
visdatasize:54  compressed from 80
writing d:\steamlibrary\steamapps\common\portal 2\sdk_content\maps\custom maps\cd_special_stage\cd_special_stage.bsp
0 seconds elapsed



[Reading texlights from 'lights.rad']
[59 texlights parsed from 'lights.rad']

Loading d:\steamlibrary\steamapps\common\portal 2\sdk_content\maps\custom maps\cd_special_stage\cd_special_stage.bsp
90 faces
58268 square feet [8390672.00 square inches]
0 Displacements
0 Square Feet [0.00 Square Inches]
90 patches before subdivision
5382 patches after subdivision
0 direct lights
0...1...2...3...4...5...6...7...8...9...100...1...2...3...4...5...6...7...8...9...10transfers 602079, max 256
transfer lists:   4.6 megs
0...1...2...3...4...5...6...7...8...9...10	Bounce #1 added RGB(0, 0, 0)
Build Patch/Sample Hash Table(s).....Done<0.0007 sec>
0...1...2...3...4...5...6...7...8...9...10FinalLightFace Done
0 of 0 (0% of) surface lights went in leaf ambient cubes.
0...1...2...3...4...5...6...7...8...9...10Writing leaf ambient...done
Ready to Finish

Object names       Objects/Maxobjs  Memory / Maxmem  Fullness 
------------       ---------------  ---------------  -------- 
models                  22/1024         1056/49152    ( 2.1%) 
brushes                 33/8192          396/98304    ( 0.4%) 
brushsides             198/65536        1584/524288   ( 0.3%) 
planes                 176/65536        3520/1310720  ( 0.3%) 
vertexes               121/65536        1452/786432   ( 0.2%) 
nodes                  162/65536        5184/2097152  ( 0.2%) 
texinfos                15/12288        1080/884736   ( 0.1%) 
texdata                  5/2048          160/65536    ( 0.2%) 
dispinfos                0/0               0/0        ( 0.0%) 
disp_verts               0/0               0/0        ( 0.0%) 
disp_tris                0/0               0/0        ( 0.0%) 
disp_multiblend          0/0               0/0        ( 0.0%) 
disp_lmsamples           0/0               0/0        ( 0.0%) 
faces                   90/65536        5040/3670016  ( 0.1%) 
hdr faces                0/65536           0/3670016  ( 0.0%) 
origfaces               54/65536        3024/3670016  ( 0.1%) 
facebrushes              0/0               0/0        ( 0.0%) 
facebrushlists          90/0             360/0        ( 0.0%) 
leaves                 185/65536        5920/2097152  ( 0.3%) 
leaffaces               90/65536         180/131072   ( 0.1%) 
leafbrushes             43/65536          86/131072   ( 0.1%) 
areas                    3/256            24/2048     ( 1.2%) 
surfedges              584/512000       2336/2048000  ( 0.1%) 
edges                  293/256000       1172/1024000  ( 0.1%) 
LDR worldlights          0/8192            0/819200   ( 0.0%) 
HDR worldlights          0/8192            0/819200   ( 0.0%) 
leafwaterdata            0/32768           0/393216   ( 0.0%) 
waterstrips              0/32768           0/327680   ( 0.0%) 
waterverts               0/65536           0/786432   ( 0.0%) 
waterindices             0/65536           0/131072   ( 0.0%) 
cubemapsamples           0/1024            0/16384    ( 0.0%) 
overlays                 0/512             0/180224   ( 0.0%) 
LDR lightdata         [variable]      554600/0        ( 0.0%) 
HDR lightdata         [variable]           0/0        ( 0.0%) 
visdata               [variable]          54/16777216 ( 0.0%) 
entdata               [variable]       49430/393216   (12.6%) 
LDR ambient table      185/65536         740/262144   ( 0.3%) 
HDR ambient table      185/65536         740/262144   ( 0.3%) 
LDR leaf ambient       144/65536        4032/1835008  ( 0.2%) 
HDR leaf ambient       185/65536        5180/1835008  ( 0.3%) 
occluders                0/0               0/0        ( 0.0%) 
occluder polygons        0/0               0/0        ( 0.0%) 
occluder vert ind        0/0               0/0        ( 0.0%) 
detail props          [variable]           1/12       ( 8.3%) 
static props          [variable]           1/12       ( 8.3%) 
pakfile               [variable]       74462/0        ( 0.0%) 
physics               [variable]       15990/4194304  ( 0.4%) 
physics terrain       [variable]           2/1048576  ( 0.0%) 

Level flags = 1

Total triangle count: 188
Writing d:\steamlibrary\steamapps\common\portal 2\sdk_content\maps\custom maps\cd_special_stage\cd_special_stage.bsp
0 seconds elapsed



Using shader api: shaderapiempty.dll
materialPath: D:\SteamLibrary\steamapps\common\Portal 2\portal2\materials
Loading D:\SteamLibrary\steamapps\common\Portal 2\sdk_content\maps\custom maps\cd_special_stage\cd_special_stage.vmf
ConVarRef gpu_level doesn't point to an existing ConVar
fixing up env_cubemap materials on brush sides...
0...1...2...3...4...5...6...7...8...9...100...1...2...3...4...5...6...7...8...9...10Processing areas...done (0)
Building Faces...done (0)
FixTjuncs...
PruneNodes...
WriteBSP...
done (0)
writing D:\SteamLibrary\steamapps\common\Portal 2\sdk_content\maps\custom maps\cd_special_stage\cd_special_stage.prt...Building visibility clusters...
done (0)
Finding displacement neighbors...
Finding lightmap sample positions...
Displacement Alpha : 0...1...2...3...4...5...6...7...8...9...10
Building Physics collision data...
done (0) (15990 bytes)
Placing detail props : 0...1...2...3...4...5...6...7...8...9...10
Compacting texture/material tables...
Reduced 33 texinfos to 15
Reduced 5 texdatas to 5 (100 bytes to 100)
Writing D:\SteamLibrary\steamapps\common\Portal 2\sdk_content\maps\custom maps\cd_special_stage\cd_special_stage.bsp

nummapplanes:     (   176 / 65536 )
nummapbrushes:    (    33 /  8192 )
nummapbrushsides: (   198 / 65536 )
num_map_overlays: (     0 /   512 )
nummodels:        (    22 /  1024 )
num_entities:     (   156 / 16384 )

0 seconds elapsed



24 threads
reading d:\steamlibrary\steamapps\common\portal 2\sdk_content\maps\custom maps\cd_special_stage\cd_special_stage.bsp
reading d:\steamlibrary\steamapps\common\portal 2\sdk_content\maps\custom maps\cd_special_stage\cd_special_stage.prt
   5 portalclusters
   4 numportals
0...1...2...3...4...5...6...7...8...9...100...1...2...3...4...5...6...7...8...9...10Optimized: 0 visible clusters (0.00%)
Total clusters visible: 17
Average clusters visible: 3
Building PAS...
Average clusters audible: 3
visdatasize:54  compressed from 80
writing d:\steamlibrary\steamapps\common\portal 2\sdk_content\maps\custom maps\cd_special_stage\cd_special_stage.bsp
0 seconds elapsed



[Reading texlights from 'lights.rad']
[59 texlights parsed from 'lights.rad']

Loading d:\steamlibrary\steamapps\common\portal 2\sdk_content\maps\custom maps\cd_special_stage\cd_special_stage.bsp
90 faces
58268 square feet [8390672.00 square inches]
0 Displacements
0 Square Feet [0.00 Square Inches]
90 patches before subdivision
5382 patches after subdivision
0 direct lights
0...1...2...3...4...5...6...7...8...9...100...1...2...3...4...5...6...7...8...9...10transfers 602079, max 256
transfer lists:   4.6 megs
0...1...2...3...4...5...6...7...8...9...10	Bounce #1 added RGB(0, 0, 0)
Build Patch/Sample Hash Table(s).....Done<0.0007 sec>
0...1...2...3...4...5...6...7...8...9...10FinalLightFace Done
0 of 0 (0% of) surface lights went in leaf ambient cubes.
0...1...2...3...4...5...6...7...8...9...10Writing leaf ambient...done
Ready to Finish

Object names       Objects/Maxobjs  Memory / Maxmem  Fullness 
------------       ---------------  ---------------  -------- 
models                  22/1024         1056/49152    ( 2.1%) 
brushes                 33/8192          396/98304    ( 0.4%) 
brushsides             198/65536        1584/524288   ( 0.3%) 
planes                 176/65536        3520/1310720  ( 0.3%) 
vertexes               121/65536        1452/786432   ( 0.2%) 
nodes                  162/65536        5184/2097152  ( 0.2%) 
texinfos                15/12288        1080/884736   ( 0.1%) 
texdata                  5/2048          160/65536    ( 0.2%) 
dispinfos                0/0               0/0        ( 0.0%) 
disp_verts               0/0               0/0        ( 0.0%) 
disp_tris                0/0               0/0        ( 0.0%) 
disp_multiblend          0/0               0/0        ( 0.0%) 
disp_lmsamples           0/0               0/0        ( 0.0%) 
faces                   90/65536        5040/3670016  ( 0.1%) 
hdr faces                0/65536           0/3670016  ( 0.0%) 
origfaces               54/65536        3024/3670016  ( 0.1%) 
facebrushes              0/0               0/0        ( 0.0%) 
facebrushlists          90/0             360/0        ( 0.0%) 
leaves                 185/65536        5920/2097152  ( 0.3%) 
leaffaces               90/65536         180/131072   ( 0.1%) 
leafbrushes             43/65536          86/131072   ( 0.1%) 
areas                    3/256            24/2048     ( 1.2%) 
surfedges              584/512000       2336/2048000  ( 0.1%) 
edges                  293/256000       1172/1024000  ( 0.1%) 
LDR worldlights          0/8192            0/819200   ( 0.0%) 
HDR worldlights          0/8192            0/819200   ( 0.0%) 
leafwaterdata            0/32768           0/393216   ( 0.0%) 
waterstrips              0/32768           0/327680   ( 0.0%) 
waterverts               0/65536           0/786432   ( 0.0%) 
waterindices             0/65536           0/131072   ( 0.0%) 
cubemapsamples           0/1024            0/16384    ( 0.0%) 
overlays                 0/512             0/180224   ( 0.0%) 
LDR lightdata         [variable]      554600/0        ( 0.0%) 
HDR lightdata         [variable]           0/0        ( 0.0%) 
visdata               [variable]          54/16777216 ( 0.0%) 
entdata               [variable]       49421/393216   (12.6%) 
LDR ambient table      185/65536         740/262144   ( 0.3%) 
HDR ambient table      185/65536         740/262144   ( 0.3%) 
LDR leaf ambient       144/65536        4032/1835008  ( 0.2%) 
HDR leaf ambient       185/65536        5180/1835008  ( 0.3%) 
occluders                0/0               0/0        ( 0.0%) 
occluder polygons        0/0               0/0        ( 0.0%) 
occluder vert ind        0/0               0/0        ( 0.0%) 
detail props          [variable]           1/12       ( 8.3%) 
static props          [variable]           1/12       ( 8.3%) 
pakfile               [variable]       74462/0        ( 0.0%) 
physics               [variable]       15990/4194304  ( 0.4%) 
physics terrain       [variable]           2/1048576  ( 0.0%) 

Level flags = 1

Total triangle count: 188
Writing d:\steamlibrary\steamapps\common\portal 2\sdk_content\maps\custom maps\cd_special_stage\cd_special_stage.bsp
0 seconds elapsed



Using shader api: shaderapiempty.dll
materialPath: D:\SteamLibrary\steamapps\common\Portal 2\portal2\materials
Loading D:\SteamLibrary\steamapps\common\Portal 2\sdk_content\maps\custom maps\cd_special_stage\cd_special_stage.vmf
ConVarRef gpu_level doesn't point to an existing ConVar
fixing up env_cubemap materials on brush sides...
0...1...2...3...4...5...6...7...8...9...100...1...2...3...4...5...6...7...8...9...10Processing areas...done (0)
Building Faces...done (0)
FixTjuncs...
PruneNodes...
WriteBSP...
done (0)
writing D:\SteamLibrary\steamapps\common\Portal 2\sdk_content\maps\custom maps\cd_special_stage\cd_special_stage.prt...Building visibility clusters...
done (0)
Finding displacement neighbors...
Finding lightmap sample positions...
Displacement Alpha : 0...1...2...3...4...5...6...7...8...9...10
Building Physics collision data...
done (0) (15990 bytes)
Placing detail props : 0...1...2...3...4...5...6...7...8...9...10
Compacting texture/material tables...
Reduced 33 texinfos to 15
Reduced 5 texdatas to 5 (100 bytes to 100)
Writing D:\SteamLibrary\steamapps\common\Portal 2\sdk_content\maps\custom maps\cd_special_stage\cd_special_stage.bsp

nummapplanes:     (   176 / 65536 )
nummapbrushes:    (    33 /  8192 )
nummapbrushsides: (   198 / 65536 )
num_map_overlays: (     0 /   512 )
nummodels:        (    22 /  1024 )
num_entities:     (   156 / 16384 )

0 seconds elapsed



24 threads
reading d:\steamlibrary\steamapps\common\portal 2\sdk_content\maps\custom maps\cd_special_stage\cd_special_stage.bsp
reading d:\steamlibrary\steamapps\common\portal 2\sdk_content\maps\custom maps\cd_special_stage\cd_special_stage.prt
   5 portalclusters
   4 numportals
0...1...2...3...4...5...6...7...8...9...100...1...2...3...4...5...6...7...8...9...10Optimized: 0 visible clusters (0.00%)
Total clusters visible: 17
Average clusters visible: 3
Building PAS...
Average clusters audible: 3
visdatasize:54  compressed from 80
writing d:\steamlibrary\steamapps\common\portal 2\sdk_content\maps\custom maps\cd_special_stage\cd_special_stage.bsp
0 seconds elapsed



[Reading texlights from 'lights.rad']
[59 texlights parsed from 'lights.rad']

Loading d:\steamlibrary\steamapps\common\portal 2\sdk_content\maps\custom maps\cd_special_stage\cd_special_stage.bsp
90 faces
58268 square feet [8390672.00 square inches]
0 Displacements
0 Square Feet [0.00 Square Inches]
90 patches before subdivision
5382 patches after subdivision
0 direct lights
0...1...2...3...4...5...6...7...8...9...100...1...2...3...4...5...6...7...8...9...10transfers 602079, max 256
transfer lists:   4.6 megs
0...1...2...3...4...5...6...7...8...9...10	Bounce #1 added RGB(0, 0, 0)
Build Patch/Sample Hash Table(s).....Done<0.0007 sec>
0...1...2...3...4...5...6...7...8...9...10FinalLightFace Done
0 of 0 (0% of) surface lights went in leaf ambient cubes.
0...1...2...3...4...5...6...7...8...9...10Writing leaf ambient...done
Ready to Finish

Object names       Objects/Maxobjs  Memory / Maxmem  Fullness 
------------       ---------------  ---------------  -------- 
models                  22/1024         1056/49152    ( 2.1%) 
brushes                 33/8192          396/98304    ( 0.4%) 
brushsides             198/65536        1584/524288   ( 0.3%) 
planes                 176/65536        3520/1310720  ( 0.3%) 
vertexes               121/65536        1452/786432   ( 0.2%) 
nodes                  162/65536        5184/2097152  ( 0.2%) 
texinfos                15/12288        1080/884736   ( 0.1%) 
texdata                  5/2048          160/65536    ( 0.2%) 
dispinfos                0/0               0/0        ( 0.0%) 
disp_verts               0/0               0/0        ( 0.0%) 
disp_tris                0/0               0/0        ( 0.0%) 
disp_multiblend          0/0               0/0        ( 0.0%) 
disp_lmsamples           0/0               0/0        ( 0.0%) 
faces                   90/65536        5040/3670016  ( 0.1%) 
hdr faces                0/65536           0/3670016  ( 0.0%) 
origfaces               54/65536        3024/3670016  ( 0.1%) 
facebrushes              0/0               0/0        ( 0.0%) 
facebrushlists          90/0             360/0        ( 0.0%) 
leaves                 185/65536        5920/2097152  ( 0.3%) 
leaffaces               90/65536         180/131072   ( 0.1%) 
leafbrushes             43/65536          86/131072   ( 0.1%) 
areas                    3/256            24/2048     ( 1.2%) 
surfedges              584/512000       2336/2048000  ( 0.1%) 
edges                  293/256000       1172/1024000  ( 0.1%) 
LDR worldlights          0/8192            0/819200   ( 0.0%) 
HDR worldlights          0/8192            0/819200   ( 0.0%) 
leafwaterdata            0/32768           0/393216   ( 0.0%) 
waterstrips              0/32768           0/327680   ( 0.0%) 
waterverts               0/65536           0/786432   ( 0.0%) 
waterindices             0/65536           0/131072   ( 0.0%) 
cubemapsamples           0/1024            0/16384    ( 0.0%) 
overlays                 0/512             0/180224   ( 0.0%) 
LDR lightdata         [variable]      554600/0        ( 0.0%) 
HDR lightdata         [variable]           0/0        ( 0.0%) 
visdata               [variable]          54/16777216 ( 0.0%) 
entdata               [variable]       49431/393216   (12.6%) 
LDR ambient table      185/65536         740/262144   ( 0.3%) 
HDR ambient table      185/65536         740/262144   ( 0.3%) 
LDR leaf ambient       144/65536        4032/1835008  ( 0.2%) 
HDR leaf ambient       185/65536        5180/1835008  ( 0.3%) 
occluders                0/0               0/0        ( 0.0%) 
occluder polygons        0/0               0/0        ( 0.0%) 
occluder vert ind        0/0               0/0        ( 0.0%) 
detail props          [variable]           1/12       ( 8.3%) 
static props          [variable]           1/12       ( 8.3%) 
pakfile               [variable]       74462/0        ( 0.0%) 
physics               [variable]       15990/4194304  ( 0.4%) 
physics terrain       [variable]           2/1048576  ( 0.0%) 

Level flags = 1

Total triangle count: 188
Writing d:\steamlibrary\steamapps\common\portal 2\sdk_content\maps\custom maps\cd_special_stage\cd_special_stage.bsp
0 seconds elapsed



Using shader api: shaderapiempty.dll
materialPath: D:\SteamLibrary\steamapps\common\Portal 2\portal2\materials
Loading D:\SteamLibrary\steamapps\common\Portal 2\sdk_content\maps\custom maps\cd_special_stage\cd_special_stage.vmf
ConVarRef gpu_level doesn't point to an existing ConVar
fixing up env_cubemap materials on brush sides...
0...1...2...3...4...5...6...7...8...9...100...1...2...3...4...5...6...7...8...9...10Processing areas...done (0)
Building Faces...done (0)
FixTjuncs...
PruneNodes...
WriteBSP...
done (0)
writing D:\SteamLibrary\steamapps\common\Portal 2\sdk_content\maps\custom maps\cd_special_stage\cd_special_stage.prt...Building visibility clusters...
done (0)
Finding displacement neighbors...
Finding lightmap sample positions...
Displacement Alpha : 0...1...2...3...4...5...6...7...8...9...10
Building Physics collision data...
done (0) (16542 bytes)
Placing detail props : 0...1...2...3...4...5...6...7...8...9...10
Water found with no water_lod_control entity, creating a default one.
Compacting texture/material tables...
Reduced 43 texinfos to 21
Reduced 8 texdatas to 7 (206 bytes to 153)
Writing D:\SteamLibrary\steamapps\common\Portal 2\sdk_content\maps\custom maps\cd_special_stage\cd_special_stage.bsp

nummapplanes:     (   186 / 65536 )
nummapbrushes:    (    34 /  8192 )
nummapbrushsides: (   204 / 65536 )
num_map_overlays: (     0 /   512 )
nummodels:        (    23 /  1024 )
num_entities:     (   158 / 16384 )

0 seconds elapsed



24 threads
reading d:\steamlibrary\steamapps\common\portal 2\sdk_content\maps\custom maps\cd_special_stage\cd_special_stage.bsp
reading d:\steamlibrary\steamapps\common\portal 2\sdk_content\maps\custom maps\cd_special_stage\cd_special_stage.prt
   5 portalclusters
   4 numportals
0...1...2...3...4...5...6...7...8...9...100...1...2...3...4...5...6...7...8...9...10Optimized: 0 visible clusters (0.00%)
Total clusters visible: 17
Average clusters visible: 3
Building PAS...
Average clusters audible: 3
visdatasize:54  compressed from 80
writing d:\steamlibrary\steamapps\common\portal 2\sdk_content\maps\custom maps\cd_special_stage\cd_special_stage.bsp
0 seconds elapsed



[Reading texlights from 'lights.rad']
[59 texlights parsed from 'lights.rad']

Loading d:\steamlibrary\steamapps\common\portal 2\sdk_content\maps\custom maps\cd_special_stage\cd_special_stage.bsp
118 faces
69726 square feet [10040596.00 square inches]
0 Displacements
0 Square Feet [0.00 Square Inches]
118 patches before subdivision
7146 patches after subdivision
0 direct lights
0...1...2...3...4...5...6...7...8...9...100...1...2...3...4...5...6...7...8...9...10transfers 762939, max 256
transfer lists:   5.8 megs
0...1...2...3...4...5...6...7...8...9...10	Bounce #1 added RGB(0, 0, 0)
Build Patch/Sample Hash Table(s).....Done<0.0009 sec>
0...1...2...3...4...5...6...7...8...9...10FinalLightFace Done
0 of 0 (0% of) surface lights went in leaf ambient cubes.
0...1...2...3...4...5...6...7...8...9...10Writing leaf ambient...done
Ready to Finish

Object names       Objects/Maxobjs  Memory / Maxmem  Fullness 
------------       ---------------  ---------------  -------- 
models                  23/1024         1104/49152    ( 2.2%) 
brushes                 34/8192          408/98304    ( 0.4%) 
brushsides             204/65536        1632/524288   ( 0.3%) 
planes                 186/65536        3720/1310720  ( 0.3%) 
vertexes               137/65536        1644/786432   ( 0.2%) 
nodes                  168/65536        5376/2097152  ( 0.3%) 
texinfos                21/12288        1512/884736   ( 0.2%) 
texdata                  7/2048          224/65536    ( 0.3%) 
dispinfos                0/0               0/0        ( 0.0%) 
disp_verts               0/0               0/0        ( 0.0%) 
disp_tris                0/0               0/0        ( 0.0%) 
disp_multiblend          0/0               0/0        ( 0.0%) 
disp_lmsamples           0/0               0/0        ( 0.0%) 
faces                  118/65536        6608/3670016  ( 0.2%) 
hdr faces                0/65536           0/3670016  ( 0.0%) 
origfaces               66/65536        3696/3670016  ( 0.1%) 
facebrushes              0/0               0/0        ( 0.0%) 
facebrushlists         118/0             472/0        ( 0.0%) 
leaves                 192/65536        6144/2097152  ( 0.3%) 
leaffaces              118/65536         236/131072   ( 0.2%) 
leafbrushes             44/65536          88/131072   ( 0.1%) 
areas                    3/256            24/2048     ( 1.2%) 
surfedges              744/512000       2976/2048000  ( 0.1%) 
edges                  373/256000       1492/1024000  ( 0.1%) 
LDR worldlights          0/8192            0/819200   ( 0.0%) 
HDR worldlights          0/8192            0/819200   ( 0.0%) 
leafwaterdata            1/32768          12/393216   ( 0.0%) 
waterstrips              0/32768           0/327680   ( 0.0%) 
waterverts               0/65536           0/786432   ( 0.0%) 
waterindices             0/65536           0/131072   ( 0.0%) 
cubemapsamples           0/1024            0/16384    ( 0.0%) 
overlays                 0/512             0/180224   ( 0.0%) 
LDR lightdata         [variable]      587672/0        ( 0.0%) 
HDR lightdata         [variable]           0/0        ( 0.0%) 
visdata               [variable]          54/16777216 ( 0.0%) 
entdata               [variable]       49812/393216   (12.7%) 
LDR ambient table      192/65536         768/262144   ( 0.3%) 
HDR ambient table      192/65536         768/262144   ( 0.3%) 
LDR leaf ambient       151/65536        4228/1835008  ( 0.2%) 
HDR leaf ambient       192/65536        5376/1835008  ( 0.3%) 
occluders                0/0               0/0        ( 0.0%) 
occluder polygons        0/0               0/0        ( 0.0%) 
occluder vert ind        0/0               0/0        ( 0.0%) 
detail props          [variable]           1/12       ( 8.3%) 
static props          [variable]           1/12       ( 8.3%) 
pakfile               [variable]       74778/0        ( 0.0%) 
physics               [variable]       16542/4194304  ( 0.4%) 
physics terrain       [variable]           2/1048576  ( 0.0%) 

Level flags = 1

Total triangle count: 244
Writing d:\steamlibrary\steamapps\common\portal 2\sdk_content\maps\custom maps\cd_special_stage\cd_special_stage.bsp
0 seconds elapsed



Using shader api: shaderapiempty.dll
materialPath: D:\SteamLibrary\steamapps\common\Portal 2\portal2\materials
Loading D:\SteamLibrary\steamapps\common\Portal 2\sdk_content\maps\custom maps\cd_special_stage\cd_special_stage.vmf
ConVarRef gpu_level doesn't point to an existing ConVar
fixing up env_cubemap materials on brush sides...
0...1...2...3...4...5...6...7...8...9...100...1...2...3...4...5...6...7...8...9...10Processing areas...done (0)
Building Faces...done (0)
FixTjuncs...
PruneNodes...
WriteBSP...
done (0)
writing D:\SteamLibrary\steamapps\common\Portal 2\sdk_content\maps\custom maps\cd_special_stage\cd_special_stage.prt...Building visibility clusters...
done (0)
Finding displacement neighbors...
Finding lightmap sample positions...
Displacement Alpha : 0...1...2...3...4...5...6...7...8...9...10
Building Physics collision data...
done (0) (16542 bytes)
Placing detail props : 0...1...2...3...4...5...6...7...8...9...10
Water found with no water_lod_control entity, creating a default one.
Compacting texture/material tables...
Reduced 43 texinfos to 21
Reduced 8 texdatas to 7 (206 bytes to 153)
Writing D:\SteamLibrary\steamapps\common\Portal 2\sdk_content\maps\custom maps\cd_special_stage\cd_special_stage.bsp

nummapplanes:     (   186 / 65536 )
nummapbrushes:    (    34 /  8192 )
nummapbrushsides: (   204 / 65536 )
num_map_overlays: (     0 /   512 )
nummodels:        (    23 /  1024 )
num_entities:     (   158 / 16384 )

0 seconds elapsed



24 threads
reading d:\steamlibrary\steamapps\common\portal 2\sdk_content\maps\custom maps\cd_special_stage\cd_special_stage.bsp
reading d:\steamlibrary\steamapps\common\portal 2\sdk_content\maps\custom maps\cd_special_stage\cd_special_stage.prt
   5 portalclusters
   4 numportals
0...1...2...3...4...5...6...7...8...9...100...1...2...3...4...5...6...7...8...9...10Optimized: 0 visible clusters (0.00%)
Total clusters visible: 17
Average clusters visible: 3
Building PAS...
Average clusters audible: 3
visdatasize:54  compressed from 80
writing d:\steamlibrary\steamapps\common\portal 2\sdk_content\maps\custom maps\cd_special_stage\cd_special_stage.bsp
0 seconds elapsed



[Reading texlights from 'lights.rad']
[59 texlights parsed from 'lights.rad']

Loading d:\steamlibrary\steamapps\common\portal 2\sdk_content\maps\custom maps\cd_special_stage\cd_special_stage.bsp
118 faces
69726 square feet [10040596.00 square inches]
0 Displacements
0 Square Feet [0.00 Square Inches]
118 patches before subdivision
7146 patches after subdivision
0 direct lights
0...1...2...3...4...5...6...7...8...9...100...1...2...3...4...5...6...7...8...9...10transfers 762939, max 256
transfer lists:   5.8 megs
0...1...2...3...4...5...6...7...8...9...10	Bounce #1 added RGB(0, 0, 0)
Build Patch/Sample Hash Table(s).....Done<0.0008 sec>
0...1...2...3...4...5...6...7...8...9...10FinalLightFace Done
0 of 0 (0% of) surface lights went in leaf ambient cubes.
0...1...2...3...4...5...6...7...8...9...10Writing leaf ambient...done
Ready to Finish

Object names       Objects/Maxobjs  Memory / Maxmem  Fullness 
------------       ---------------  ---------------  -------- 
models                  23/1024         1104/49152    ( 2.2%) 
brushes                 34/8192          408/98304    ( 0.4%) 
brushsides             204/65536        1632/524288   ( 0.3%) 
planes                 186/65536        3720/1310720  ( 0.3%) 
vertexes               137/65536        1644/786432   ( 0.2%) 
nodes                  168/65536        5376/2097152  ( 0.3%) 
texinfos                21/12288        1512/884736   ( 0.2%) 
texdata                  7/2048          224/65536    ( 0.3%) 
dispinfos                0/0               0/0        ( 0.0%) 
disp_verts               0/0               0/0        ( 0.0%) 
disp_tris                0/0               0/0        ( 0.0%) 
disp_multiblend          0/0               0/0        ( 0.0%) 
disp_lmsamples           0/0               0/0        ( 0.0%) 
faces                  118/65536        6608/3670016  ( 0.2%) 
hdr faces                0/65536           0/3670016  ( 0.0%) 
origfaces               66/65536        3696/3670016  ( 0.1%) 
facebrushes              0/0               0/0        ( 0.0%) 
facebrushlists         118/0             472/0        ( 0.0%) 
leaves                 192/65536        6144/2097152  ( 0.3%) 
leaffaces              118/65536         236/131072   ( 0.2%) 
leafbrushes             44/65536          88/131072   ( 0.1%) 
areas                    3/256            24/2048     ( 1.2%) 
surfedges              744/512000       2976/2048000  ( 0.1%) 
edges                  373/256000       1492/1024000  ( 0.1%) 
LDR worldlights          0/8192            0/819200   ( 0.0%) 
HDR worldlights          0/8192            0/819200   ( 0.0%) 
leafwaterdata            1/32768          12/393216   ( 0.0%) 
waterstrips              0/32768           0/327680   ( 0.0%) 
waterverts               0/65536           0/786432   ( 0.0%) 
waterindices             0/65536           0/131072   ( 0.0%) 
cubemapsamples           0/1024            0/16384    ( 0.0%) 
overlays                 0/512             0/180224   ( 0.0%) 
LDR lightdata         [variable]      587672/0        ( 0.0%) 
HDR lightdata         [variable]           0/0        ( 0.0%) 
visdata               [variable]          54/16777216 ( 0.0%) 
entdata               [variable]       49812/393216   (12.7%) 
LDR ambient table      192/65536         768/262144   ( 0.3%) 
HDR ambient table      192/65536         768/262144   ( 0.3%) 
LDR leaf ambient       151/65536        4228/1835008  ( 0.2%) 
HDR leaf ambient       192/65536        5376/1835008  ( 0.3%) 
occluders                0/0               0/0        ( 0.0%) 
occluder polygons        0/0               0/0        ( 0.0%) 
occluder vert ind        0/0               0/0        ( 0.0%) 
detail props          [variable]           1/12       ( 8.3%) 
static props          [variable]           1/12       ( 8.3%) 
pakfile               [variable]       74778/0        ( 0.0%) 
physics               [variable]       16542/4194304  ( 0.4%) 
physics terrain       [variable]           2/1048576  ( 0.0%) 

Level flags = 1

Total triangle count: 244
Writing d:\steamlibrary\steamapps\common\portal 2\sdk_content\maps\custom maps\cd_special_stage\cd_special_stage.bsp
0 seconds elapsed



Using shader api: shaderapiempty.dll
materialPath: D:\SteamLibrary\steamapps\common\Portal 2\portal2\materials
Loading D:\SteamLibrary\steamapps\common\Portal 2\sdk_content\maps\custom maps\cd_special_stage\cd_special_stage.vmf
ConVarRef gpu_level doesn't point to an existing ConVar
fixing up env_cubemap materials on brush sides...
0...1...2...3...4...5...6...7...8...9...100...1...2...3...4...5...6...7...8...9...10Processing areas...done (0)
Building Faces...done (0)
FixTjuncs...
PruneNodes...
WriteBSP...
done (0)
writing D:\SteamLibrary\steamapps\common\Portal 2\sdk_content\maps\custom maps\cd_special_stage\cd_special_stage.prt...Building visibility clusters...
done (0)
Finding displacement neighbors...
Finding lightmap sample positions...
Displacement Alpha : 0...1...2...3...4...5...6...7...8...9...10
Building Physics collision data...
done (0) (17096 bytes)
Placing detail props : 0...1...2...3...4...5...6...7...8...9...10
Water found with no water_lod_control entity, creating a default one.
Compacting texture/material tables...
Reduced 46 texinfos to 24
Reduced 8 texdatas to 7 (206 bytes to 153)
Writing D:\SteamLibrary\steamapps\common\Portal 2\sdk_content\maps\custom maps\cd_special_stage\cd_special_stage.bsp

nummapplanes:     (   186 / 65536 )
nummapbrushes:    (    35 /  8192 )
nummapbrushsides: (   210 / 65536 )
num_map_overlays: (     0 /   512 )
nummodels:        (    24 /  1024 )
num_entities:     (   159 / 16384 )

0 seconds elapsed



24 threads
reading d:\steamlibrary\steamapps\common\portal 2\sdk_content\maps\custom maps\cd_special_stage\cd_special_stage.bsp
reading d:\steamlibrary\steamapps\common\portal 2\sdk_content\maps\custom maps\cd_special_stage\cd_special_stage.prt
   5 portalclusters
   4 numportals
0...1...2...3...4...5...6...7...8...9...100...1...2...3...4...5...6...7...8...9...10Optimized: 0 visible clusters (0.00%)
Total clusters visible: 17
Average clusters visible: 3
Building PAS...
Average clusters audible: 3
visdatasize:54  compressed from 80
writing d:\steamlibrary\steamapps\common\portal 2\sdk_content\maps\custom maps\cd_special_stage\cd_special_stage.bsp
0 seconds elapsed



[Reading texlights from 'lights.rad']
[59 texlights parsed from 'lights.rad']

Loading d:\steamlibrary\steamapps\common\portal 2\sdk_content\maps\custom maps\cd_special_stage\cd_special_stage.bsp
124 faces
75455 square feet [10865558.00 square inches]
0 Displacements
0 Square Feet [0.00 Square Inches]
124 patches before subdivision
7152 patches after subdivision
0 direct lights
0...1...2...3...4...5...6...7...8...9...100...1...2...3...4...5...6...7...8...9...10transfers 763534, max 256
transfer lists:   5.8 megs
0...1...2...3...4...5...6...7...8...9...10	Bounce #1 added RGB(0, 0, 0)
Build Patch/Sample Hash Table(s).....Done<0.0009 sec>
0...1...2...3...4...5...6...7...8...9...10FinalLightFace Done
0 of 0 (0% of) surface lights went in leaf ambient cubes.
0...1...2...3...4...5...6...7...8...9...10Writing leaf ambient...done
Ready to Finish

Object names       Objects/Maxobjs  Memory / Maxmem  Fullness 
------------       ---------------  ---------------  -------- 
models                  24/1024         1152/49152    ( 2.3%) 
brushes                 35/8192          420/98304    ( 0.4%) 
brushsides             210/65536        1680/524288   ( 0.3%) 
planes                 186/65536        3720/1310720  ( 0.3%) 
vertexes               145/65536        1740/786432   ( 0.2%) 
nodes                  174/65536        5568/2097152  ( 0.3%) 
texinfos                24/12288        1728/884736   ( 0.2%) 
texdata                  7/2048          224/65536    ( 0.3%) 
dispinfos                0/0               0/0        ( 0.0%) 
disp_verts               0/0               0/0        ( 0.0%) 
disp_tris                0/0               0/0        ( 0.0%) 
disp_multiblend          0/0               0/0        ( 0.0%) 
disp_lmsamples           0/0               0/0        ( 0.0%) 
faces                  124/65536        6944/3670016  ( 0.2%) 
hdr faces                0/65536           0/3670016  ( 0.0%) 
origfaces               72/65536        4032/3670016  ( 0.1%) 
facebrushes              0/0               0/0        ( 0.0%) 
facebrushlists         124/0             496/0        ( 0.0%) 
leaves                 199/65536        6368/2097152  ( 0.3%) 
leaffaces              124/65536         248/131072   ( 0.2%) 
leafbrushes             45/65536          90/131072   ( 0.1%) 
areas                    3/256            24/2048     ( 1.2%) 
surfedges              792/512000       3168/2048000  ( 0.2%) 
edges                  397/256000       1588/1024000  ( 0.2%) 
LDR worldlights          0/8192            0/819200   ( 0.0%) 
HDR worldlights          0/8192            0/819200   ( 0.0%) 
leafwaterdata            1/32768          12/393216   ( 0.0%) 
waterstrips              0/32768           0/327680   ( 0.0%) 
waterverts               0/65536           0/786432   ( 0.0%) 
waterindices             0/65536           0/131072   ( 0.0%) 
cubemapsamples           0/1024            0/16384    ( 0.0%) 
overlays                 0/512             0/180224   ( 0.0%) 
LDR lightdata         [variable]      587672/0        ( 0.0%) 
HDR lightdata         [variable]           0/0        ( 0.0%) 
visdata               [variable]          54/16777216 ( 0.0%) 
entdata               [variable]       50403/393216   (12.8%) 
LDR ambient table      199/65536         796/262144   ( 0.3%) 
HDR ambient table      199/65536         796/262144   ( 0.3%) 
LDR leaf ambient       157/65536        4396/1835008  ( 0.2%) 
HDR leaf ambient       199/65536        5572/1835008  ( 0.3%) 
occluders                0/0               0/0        ( 0.0%) 
occluder polygons        0/0               0/0        ( 0.0%) 
occluder vert ind        0/0               0/0        ( 0.0%) 
detail props          [variable]           1/12       ( 8.3%) 
static props          [variable]           1/12       ( 8.3%) 
pakfile               [variable]       74778/0        ( 0.0%) 
physics               [variable]       17096/4194304  ( 0.4%) 
physics terrain       [variable]           2/1048576  ( 0.0%) 

Level flags = 1

Total triangle count: 256
Writing d:\steamlibrary\steamapps\common\portal 2\sdk_content\maps\custom maps\cd_special_stage\cd_special_stage.bsp
0 seconds elapsed



Using shader api: shaderapiempty.dll
materialPath: D:\SteamLibrary\steamapps\common\Portal 2\portal2\materials
Loading D:\SteamLibrary\steamapps\common\Portal 2\sdk_content\maps\custom maps\cd_special_stage\cd_special_stage.vmf
ConVarRef gpu_level doesn't point to an existing ConVar
fixing up env_cubemap materials on brush sides...
0...1...2...3...4...5...6...7...8...9...100...1...2...3...4...5...6...7...8...9...10Processing areas...done (0)
Building Faces...done (0)
FixTjuncs...
PruneNodes...
WriteBSP...
done (0)
writing D:\SteamLibrary\steamapps\common\Portal 2\sdk_content\maps\custom maps\cd_special_stage\cd_special_stage.prt...Building visibility clusters...
done (0)
Finding displacement neighbors...
Finding lightmap sample positions...
Displacement Alpha : 0...1...2...3...4...5...6...7...8...9...10
Building Physics collision data...
done (0) (17096 bytes)
Placing detail props : 0...1...2...3...4...5...6...7...8...9...10
Water found with no water_lod_control entity, creating a default one.
Compacting texture/material tables...
Reduced 46 texinfos to 24
Reduced 8 texdatas to 7 (206 bytes to 153)
Writing D:\SteamLibrary\steamapps\common\Portal 2\sdk_content\maps\custom maps\cd_special_stage\cd_special_stage.bsp

nummapplanes:     (   186 / 65536 )
nummapbrushes:    (    35 /  8192 )
nummapbrushsides: (   210 / 65536 )
num_map_overlays: (     0 /   512 )
nummodels:        (    24 /  1024 )
num_entities:     (   161 / 16384 )

0 seconds elapsed



24 threads
reading d:\steamlibrary\steamapps\common\portal 2\sdk_content\maps\custom maps\cd_special_stage\cd_special_stage.bsp
reading d:\steamlibrary\steamapps\common\portal 2\sdk_content\maps\custom maps\cd_special_stage\cd_special_stage.prt
   5 portalclusters
   4 numportals
0...1...2...3...4...5...6...7...8...9...100...1...2...3...4...5...6...7...8...9...10Optimized: 0 visible clusters (0.00%)
Total clusters visible: 17
Average clusters visible: 3
Building PAS...
Average clusters audible: 3
visdatasize:54  compressed from 80
writing d:\steamlibrary\steamapps\common\portal 2\sdk_content\maps\custom maps\cd_special_stage\cd_special_stage.bsp
0 seconds elapsed



[Reading texlights from 'lights.rad']
[59 texlights parsed from 'lights.rad']

Loading d:\steamlibrary\steamapps\common\portal 2\sdk_content\maps\custom maps\cd_special_stage\cd_special_stage.bsp
124 faces
75455 square feet [10865558.00 square inches]
0 Displacements
0 Square Feet [0.00 Square Inches]
124 patches before subdivision
7152 patches after subdivision
0 direct lights
0...1...2...3...4...5...6...7...8...9...100...1...2...3...4...5...6...7...8...9...10transfers 763534, max 256
transfer lists:   5.8 megs
0...1...2...3...4...5...6...7...8...9...10	Bounce #1 added RGB(0, 0, 0)
Build Patch/Sample Hash Table(s).....Done<0.0007 sec>
0...1...2...3...4...5...6...7...8...9...10FinalLightFace Done
0 of 0 (0% of) surface lights went in leaf ambient cubes.
0...1...2...3...4...5...6...7...8...9...10Writing leaf ambient...done
Ready to Finish

Object names       Objects/Maxobjs  Memory / Maxmem  Fullness 
------------       ---------------  ---------------  -------- 
models                  24/1024         1152/49152    ( 2.3%) 
brushes                 35/8192          420/98304    ( 0.4%) 
brushsides             210/65536        1680/524288   ( 0.3%) 
planes                 186/65536        3720/1310720  ( 0.3%) 
vertexes               145/65536        1740/786432   ( 0.2%) 
nodes                  174/65536        5568/2097152  ( 0.3%) 
texinfos                24/12288        1728/884736   ( 0.2%) 
texdata                  7/2048          224/65536    ( 0.3%) 
dispinfos                0/0               0/0        ( 0.0%) 
disp_verts               0/0               0/0        ( 0.0%) 
disp_tris                0/0               0/0        ( 0.0%) 
disp_multiblend          0/0               0/0        ( 0.0%) 
disp_lmsamples           0/0               0/0        ( 0.0%) 
faces                  124/65536        6944/3670016  ( 0.2%) 
hdr faces                0/65536           0/3670016  ( 0.0%) 
origfaces               72/65536        4032/3670016  ( 0.1%) 
facebrushes              0/0               0/0        ( 0.0%) 
facebrushlists         124/0             496/0        ( 0.0%) 
leaves                 199/65536        6368/2097152  ( 0.3%) 
leaffaces              124/65536         248/131072   ( 0.2%) 
leafbrushes             45/65536          90/131072   ( 0.1%) 
areas                    3/256            24/2048     ( 1.2%) 
surfedges              792/512000       3168/2048000  ( 0.2%) 
edges                  397/256000       1588/1024000  ( 0.2%) 
LDR worldlights          0/8192            0/819200   ( 0.0%) 
HDR worldlights          0/8192            0/819200   ( 0.0%) 
leafwaterdata            1/32768          12/393216   ( 0.0%) 
waterstrips              0/32768           0/327680   ( 0.0%) 
waterverts               0/65536           0/786432   ( 0.0%) 
waterindices             0/65536           0/131072   ( 0.0%) 
cubemapsamples           0/1024            0/16384    ( 0.0%) 
overlays                 0/512             0/180224   ( 0.0%) 
LDR lightdata         [variable]      587672/0        ( 0.0%) 
HDR lightdata         [variable]           0/0        ( 0.0%) 
visdata               [variable]          54/16777216 ( 0.0%) 
entdata               [variable]       50788/393216   (12.9%) 
LDR ambient table      199/65536         796/262144   ( 0.3%) 
HDR ambient table      199/65536         796/262144   ( 0.3%) 
LDR leaf ambient       157/65536        4396/1835008  ( 0.2%) 
HDR leaf ambient       199/65536        5572/1835008  ( 0.3%) 
occluders                0/0               0/0        ( 0.0%) 
occluder polygons        0/0               0/0        ( 0.0%) 
occluder vert ind        0/0               0/0        ( 0.0%) 
detail props          [variable]           1/12       ( 8.3%) 
static props          [variable]           1/12       ( 8.3%) 
pakfile               [variable]       74778/0        ( 0.0%) 
physics               [variable]       17096/4194304  ( 0.4%) 
physics terrain       [variable]           2/1048576  ( 0.0%) 

Level flags = 1

Total triangle count: 256
Writing d:\steamlibrary\steamapps\common\portal 2\sdk_content\maps\custom maps\cd_special_stage\cd_special_stage.bsp
0 seconds elapsed



Using shader api: shaderapiempty.dll
materialPath: D:\SteamLibrary\steamapps\common\Portal 2\portal2\materials
Loading D:\SteamLibrary\steamapps\common\Portal 2\sdk_content\maps\custom maps\cd_special_stage\cd_special_stage.vmf
ConVarRef gpu_level doesn't point to an existing ConVar
fixing up env_cubemap materials on brush sides...
0...1...2...3...4...5...6...7...8...9...100...1...2...3...4...5...6...7...8...9...10Processing areas...done (0)
Building Faces...done (0)
FixTjuncs...
PruneNodes...
WriteBSP...
done (0)
writing D:\SteamLibrary\steamapps\common\Portal 2\sdk_content\maps\custom maps\cd_special_stage\cd_special_stage.prt...Building visibility clusters...
done (0)
Finding displacement neighbors...
Finding lightmap sample positions...
Displacement Alpha : 0...1...2...3...4...5...6...7...8...9...10
Building Physics collision data...
done (0) (17179 bytes)
Placing detail props : 0...1...2...3...4...5...6...7...8...9...10
Water found with no water_lod_control entity, creating a default one.
Compacting texture/material tables...
Reduced 42 texinfos to 22
Reduced 8 texdatas to 7 (207 bytes to 153)
Writing D:\SteamLibrary\steamapps\common\Portal 2\sdk_content\maps\custom maps\cd_special_stage\cd_special_stage.bsp

nummapplanes:     (   186 / 65536 )
nummapbrushes:    (    35 /  8192 )
nummapbrushsides: (   210 / 65536 )
num_map_overlays: (     0 /   512 )
nummodels:        (    23 /  1024 )
num_entities:     (   160 / 16384 )

0 seconds elapsed



24 threads
reading d:\steamlibrary\steamapps\common\portal 2\sdk_content\maps\custom maps\cd_special_stage\cd_special_stage.bsp
reading d:\steamlibrary\steamapps\common\portal 2\sdk_content\maps\custom maps\cd_special_stage\cd_special_stage.prt
   9 portalclusters
  12 numportals
0...1...2...3...4...5...6...7...8...9...100...1...2...3...4...5...6...7...8...9...10Optimized: 0 visible clusters (0.00%)
Total clusters visible: 65
Average clusters visible: 7
Building PAS...
Average clusters audible: 7
visdatasize:130  compressed from 144
writing d:\steamlibrary\steamapps\common\portal 2\sdk_content\maps\custom maps\cd_special_stage\cd_special_stage.bsp
0 seconds elapsed



[Reading texlights from 'lights.rad']
[59 texlights parsed from 'lights.rad']

Loading d:\steamlibrary\steamapps\common\portal 2\sdk_content\maps\custom maps\cd_special_stage\cd_special_stage.bsp
123 faces
69970 square feet [10075794.00 square inches]
0 Displacements
0 Square Feet [0.00 Square Inches]
123 patches before subdivision
6625 patches after subdivision
0 direct lights
0...1...2...3...4...5...6...7...8...9...100...1...2...3...4...5...6...7...8...9...10transfers 827961, max 348
transfer lists:   6.3 megs
0...1...2...3...4...5...6...7...8...9...10	Bounce #1 added RGB(0, 0, 0)
Build Patch/Sample Hash Table(s).....Done<0.0007 sec>
0...1...2...3...4...5...6...7...8...9...10FinalLightFace Done
0 of 0 (0% of) surface lights went in leaf ambient cubes.
0...1...2...3...4...5...6...7...8...9...10Writing leaf ambient...done
Ready to Finish

Object names       Objects/Maxobjs  Memory / Maxmem  Fullness 
------------       ---------------  ---------------  -------- 
models                  23/1024         1104/49152    ( 2.2%) 
brushes                 35/8192          420/98304    ( 0.4%) 
brushsides             210/65536        1680/524288   ( 0.3%) 
planes                 186/65536        3720/1310720  ( 0.3%) 
vertexes               147/65536        1764/786432   ( 0.2%) 
nodes                  182/65536        5824/2097152  ( 0.3%) 
texinfos                22/12288        1584/884736   ( 0.2%) 
texdata                  7/2048          224/65536    ( 0.3%) 
dispinfos                0/0               0/0        ( 0.0%) 
disp_verts               0/0               0/0        ( 0.0%) 
disp_tris                0/0               0/0        ( 0.0%) 
disp_multiblend          0/0               0/0        ( 0.0%) 
disp_lmsamples           0/0               0/0        ( 0.0%) 
faces                  123/65536        6888/3670016  ( 0.2%) 
hdr faces                0/65536           0/3670016  ( 0.0%) 
origfaces               64/65536        3584/3670016  ( 0.1%) 
facebrushes              0/0               0/0        ( 0.0%) 
facebrushlists         123/0             492/0        ( 0.0%) 
leaves                 206/65536        6592/2097152  ( 0.3%) 
leaffaces              123/65536         246/131072   ( 0.2%) 
leafbrushes             56/65536         112/131072   ( 0.1%) 
areas                    3/256            24/2048     ( 1.2%) 
surfedges              758/512000       3032/2048000  ( 0.1%) 
edges                  390/256000       1560/1024000  ( 0.2%) 
LDR worldlights          0/8192            0/819200   ( 0.0%) 
HDR worldlights          0/8192            0/819200   ( 0.0%) 
leafwaterdata            1/32768          12/393216   ( 0.0%) 
waterstrips              0/32768           0/327680   ( 0.0%) 
waterverts               0/65536           0/786432   ( 0.0%) 
waterindices             0/65536           0/131072   ( 0.0%) 
cubemapsamples           0/1024            0/16384    ( 0.0%) 
overlays                 0/512             0/180224   ( 0.0%) 
LDR lightdata         [variable]      583988/0        ( 0.0%) 
HDR lightdata         [variable]           0/0        ( 0.0%) 
visdata               [variable]         130/16777216 ( 0.0%) 
entdata               [variable]       50197/393216   (12.8%) 
LDR ambient table      206/65536         824/262144   ( 0.3%) 
HDR ambient table      206/65536         824/262144   ( 0.3%) 
LDR leaf ambient       154/65536        4312/1835008  ( 0.2%) 
HDR leaf ambient       206/65536        5768/1835008  ( 0.3%) 
occluders                0/0               0/0        ( 0.0%) 
occluder polygons        0/0               0/0        ( 0.0%) 
occluder vert ind        0/0               0/0        ( 0.0%) 
detail props          [variable]           1/12       ( 8.3%) 
static props          [variable]           1/12       ( 8.3%) 
pakfile               [variable]       74781/0        ( 0.0%) 
physics               [variable]       17179/4194304  ( 0.4%) 
physics terrain       [variable]           2/1048576  ( 0.0%) 

Level flags = 1

Total triangle count: 256
Writing d:\steamlibrary\steamapps\common\portal 2\sdk_content\maps\custom maps\cd_special_stage\cd_special_stage.bsp
0 seconds elapsed



Using shader api: shaderapiempty.dll
materialPath: D:\SteamLibrary\steamapps\common\Portal 2\portal2\materials
Loading D:\SteamLibrary\steamapps\common\Portal 2\sdk_content\maps\custom maps\cd_special_stage\cd_special_stage.vmf
ConVarRef gpu_level doesn't point to an existing ConVar
fixing up env_cubemap materials on brush sides...
0...1...2...3...4...5...6...7...8...9...100...1...2...3...4...5...6...7...8...9...10Processing areas...done (0)
Building Faces...done (0)
FixTjuncs...
PruneNodes...
WriteBSP...
done (0)
writing D:\SteamLibrary\steamapps\common\Portal 2\sdk_content\maps\custom maps\cd_special_stage\cd_special_stage.prt...Building visibility clusters...
done (0)
Finding displacement neighbors...
Finding lightmap sample positions...
Displacement Alpha : 0...1...2...3...4...5...6...7...8...9...10
Building Physics collision data...
done (0) (17179 bytes)
Placing detail props : 0...1...2...3...4...5...6...7...8...9...10
Water found with no water_lod_control entity, creating a default one.
Compacting texture/material tables...
Reduced 42 texinfos to 22
Reduced 8 texdatas to 7 (206 bytes to 153)
Writing D:\SteamLibrary\steamapps\common\Portal 2\sdk_content\maps\custom maps\cd_special_stage\cd_special_stage.bsp

nummapplanes:     (   188 / 65536 )
nummapbrushes:    (    35 /  8192 )
nummapbrushsides: (   210 / 65536 )
num_map_overlays: (     0 /   512 )
nummodels:        (    23 /  1024 )
num_entities:     (   161 / 16384 )

0 seconds elapsed



24 threads
reading d:\steamlibrary\steamapps\common\portal 2\sdk_content\maps\custom maps\cd_special_stage\cd_special_stage.bsp
reading d:\steamlibrary\steamapps\common\portal 2\sdk_content\maps\custom maps\cd_special_stage\cd_special_stage.prt
   9 portalclusters
  12 numportals
0...1...2...3...4...5...6...7...8...9...100...1...2...3...4...5...6...7...8...9...10Optimized: 0 visible clusters (0.00%)
Total clusters visible: 65
Average clusters visible: 7
Building PAS...
Average clusters audible: 7
visdatasize:130  compressed from 144
writing d:\steamlibrary\steamapps\common\portal 2\sdk_content\maps\custom maps\cd_special_stage\cd_special_stage.bsp
0 seconds elapsed



[Reading texlights from 'lights.rad']
[59 texlights parsed from 'lights.rad']

Loading d:\steamlibrary\steamapps\common\portal 2\sdk_content\maps\custom maps\cd_special_stage\cd_special_stage.bsp
123 faces
69793 square feet [10050194.00 square inches]
0 Displacements
0 Square Feet [0.00 Square Inches]
123 patches before subdivision
6625 patches after subdivision
0 direct lights
0...1...2...3...4...5...6...7...8...9...100...1...2...3...4...5...6...7...8...9...10transfers 826005, max 348
transfer lists:   6.3 megs
0...1...2...3...4...5...6...7...8...9...10	Bounce #1 added RGB(0, 0, 0)
Build Patch/Sample Hash Table(s).....Done<0.0007 sec>
0...1...2...3...4...5...6...7...8...9...10FinalLightFace Done
0 of 0 (0% of) surface lights went in leaf ambient cubes.
0...1...2...3...4...5...6...7...8...9...10Writing leaf ambient...done
Ready to Finish

Object names       Objects/Maxobjs  Memory / Maxmem  Fullness 
------------       ---------------  ---------------  -------- 
models                  23/1024         1104/49152    ( 2.2%) 
brushes                 35/8192          420/98304    ( 0.4%) 
brushsides             210/65536        1680/524288   ( 0.3%) 
planes                 188/65536        3760/1310720  ( 0.3%) 
vertexes               147/65536        1764/786432   ( 0.2%) 
nodes                  182/65536        5824/2097152  ( 0.3%) 
texinfos                22/12288        1584/884736   ( 0.2%) 
texdata                  7/2048          224/65536    ( 0.3%) 
dispinfos                0/0               0/0        ( 0.0%) 
disp_verts               0/0               0/0        ( 0.0%) 
disp_tris                0/0               0/0        ( 0.0%) 
disp_multiblend          0/0               0/0        ( 0.0%) 
disp_lmsamples           0/0               0/0        ( 0.0%) 
faces                  123/65536        6888/3670016  ( 0.2%) 
hdr faces                0/65536           0/3670016  ( 0.0%) 
origfaces               64/65536        3584/3670016  ( 0.1%) 
facebrushes              0/0               0/0        ( 0.0%) 
facebrushlists         123/0             492/0        ( 0.0%) 
leaves                 206/65536        6592/2097152  ( 0.3%) 
leaffaces              123/65536         246/131072   ( 0.2%) 
leafbrushes             56/65536         112/131072   ( 0.1%) 
areas                    3/256            24/2048     ( 1.2%) 
surfedges              758/512000       3032/2048000  ( 0.1%) 
edges                  390/256000       1560/1024000  ( 0.2%) 
LDR worldlights          0/8192            0/819200   ( 0.0%) 
HDR worldlights          0/8192            0/819200   ( 0.0%) 
leafwaterdata            1/32768          12/393216   ( 0.0%) 
waterstrips              0/32768           0/327680   ( 0.0%) 
waterverts               0/65536           0/786432   ( 0.0%) 
waterindices             0/65536           0/131072   ( 0.0%) 
cubemapsamples           0/1024            0/16384    ( 0.0%) 
overlays                 0/512             0/180224   ( 0.0%) 
LDR lightdata         [variable]      583988/0        ( 0.0%) 
HDR lightdata         [variable]           0/0        ( 0.0%) 
visdata               [variable]         130/16777216 ( 0.0%) 
entdata               [variable]       50530/393216   (12.9%) 
LDR ambient table      206/65536         824/262144   ( 0.3%) 
HDR ambient table      206/65536         824/262144   ( 0.3%) 
LDR leaf ambient       154/65536        4312/1835008  ( 0.2%) 
HDR leaf ambient       206/65536        5768/1835008  ( 0.3%) 
occluders                0/0               0/0        ( 0.0%) 
occluder polygons        0/0               0/0        ( 0.0%) 
occluder vert ind        0/0               0/0        ( 0.0%) 
detail props          [variable]           1/12       ( 8.3%) 
static props          [variable]           1/12       ( 8.3%) 
pakfile               [variable]       74778/0        ( 0.0%) 
physics               [variable]       17179/4194304  ( 0.4%) 
physics terrain       [variable]           2/1048576  ( 0.0%) 

Level flags = 1

Total triangle count: 256
Writing d:\steamlibrary\steamapps\common\portal 2\sdk_content\maps\custom maps\cd_special_stage\cd_special_stage.bsp
0 seconds elapsed



Using shader api: shaderapiempty.dll
materialPath: D:\SteamLibrary\steamapps\common\Portal 2\portal2\materials
Loading D:\SteamLibrary\steamapps\common\Portal 2\sdk_content\maps\custom maps\cd_special_stage\cd_special_stage.vmf
ConVarRef gpu_level doesn't point to an existing ConVar
fixing up env_cubemap materials on brush sides...
0...1...2...3...4...5...6...7...8...9...100...1...2...3...4...5...6...7...8...9...10Processing areas...done (0)
Building Faces...done (0)
FixTjuncs...
PruneNodes...
WriteBSP...
done (0)
writing D:\SteamLibrary\steamapps\common\Portal 2\sdk_content\maps\custom maps\cd_special_stage\cd_special_stage.prt...Building visibility clusters...
done (0)
Finding displacement neighbors...
Finding lightmap sample positions...
Displacement Alpha : 0...1...2...3...4...5...6...7...8...9...10
Building Physics collision data...
done (0) (17179 bytes)
Placing detail props : 0...1...2...3...4...5...6...7...8...9...10
Water found with no water_lod_control entity, creating a default one.
Compacting texture/material tables...
Reduced 42 texinfos to 22
Reduced 8 texdatas to 7 (206 bytes to 153)
Writing D:\SteamLibrary\steamapps\common\Portal 2\sdk_content\maps\custom maps\cd_special_stage\cd_special_stage.bsp

nummapplanes:     (   188 / 65536 )
nummapbrushes:    (    35 /  8192 )
nummapbrushsides: (   210 / 65536 )
num_map_overlays: (     0 /   512 )
nummodels:        (    23 /  1024 )
num_entities:     (   161 / 16384 )

0 seconds elapsed



24 threads
reading d:\steamlibrary\steamapps\common\portal 2\sdk_content\maps\custom maps\cd_special_stage\cd_special_stage.bsp
reading d:\steamlibrary\steamapps\common\portal 2\sdk_content\maps\custom maps\cd_special_stage\cd_special_stage.prt
   9 portalclusters
  12 numportals
0...1...2...3...4...5...6...7...8...9...100...1...2...3...4...5...6...7...8...9...10Optimized: 0 visible clusters (0.00%)
Total clusters visible: 65
Average clusters visible: 7
Building PAS...
Average clusters audible: 7
visdatasize:130  compressed from 144
writing d:\steamlibrary\steamapps\common\portal 2\sdk_content\maps\custom maps\cd_special_stage\cd_special_stage.bsp
0 seconds elapsed



[Reading texlights from 'lights.rad']
[59 texlights parsed from 'lights.rad']

Loading d:\steamlibrary\steamapps\common\portal 2\sdk_content\maps\custom maps\cd_special_stage\cd_special_stage.bsp
123 faces
69793 square feet [10050194.00 square inches]
0 Displacements
0 Square Feet [0.00 Square Inches]
123 patches before subdivision
6625 patches after subdivision
0 direct lights
0...1...2...3...4...5...6...7...8...9...100...1...2...3...4...5...6...7...8...9...10transfers 826005, max 348
transfer lists:   6.3 megs
0...1...2...3...4...5...6...7...8...9...10	Bounce #1 added RGB(0, 0, 0)
Build Patch/Sample Hash Table(s).....Done<0.0008 sec>
0...1...2...3...4...5...6...7...8...9...10FinalLightFace Done
0 of 0 (0% of) surface lights went in leaf ambient cubes.
0...1...2...3...4...5...6...7...8...9...10Writing leaf ambient...done
Ready to Finish

Object names       Objects/Maxobjs  Memory / Maxmem  Fullness 
------------       ---------------  ---------------  -------- 
models                  23/1024         1104/49152    ( 2.2%) 
brushes                 35/8192          420/98304    ( 0.4%) 
brushsides             210/65536        1680/524288   ( 0.3%) 
planes                 188/65536        3760/1310720  ( 0.3%) 
vertexes               147/65536        1764/786432   ( 0.2%) 
nodes                  182/65536        5824/2097152  ( 0.3%) 
texinfos                22/12288        1584/884736   ( 0.2%) 
texdata                  7/2048          224/65536    ( 0.3%) 
dispinfos                0/0               0/0        ( 0.0%) 
disp_verts               0/0               0/0        ( 0.0%) 
disp_tris                0/0               0/0        ( 0.0%) 
disp_multiblend          0/0               0/0        ( 0.0%) 
disp_lmsamples           0/0               0/0        ( 0.0%) 
faces                  123/65536        6888/3670016  ( 0.2%) 
hdr faces                0/65536           0/3670016  ( 0.0%) 
origfaces               64/65536        3584/3670016  ( 0.1%) 
facebrushes              0/0               0/0        ( 0.0%) 
facebrushlists         123/0             492/0        ( 0.0%) 
leaves                 206/65536        6592/2097152  ( 0.3%) 
leaffaces              123/65536         246/131072   ( 0.2%) 
leafbrushes             56/65536         112/131072   ( 0.1%) 
areas                    3/256            24/2048     ( 1.2%) 
surfedges              758/512000       3032/2048000  ( 0.1%) 
edges                  390/256000       1560/1024000  ( 0.2%) 
LDR worldlights          0/8192            0/819200   ( 0.0%) 
HDR worldlights          0/8192            0/819200   ( 0.0%) 
leafwaterdata            1/32768          12/393216   ( 0.0%) 
waterstrips              0/32768           0/327680   ( 0.0%) 
waterverts               0/65536           0/786432   ( 0.0%) 
waterindices             0/65536           0/131072   ( 0.0%) 
cubemapsamples           0/1024            0/16384    ( 0.0%) 
overlays                 0/512             0/180224   ( 0.0%) 
LDR lightdata         [variable]      583988/0        ( 0.0%) 
HDR lightdata         [variable]           0/0        ( 0.0%) 
visdata               [variable]         130/16777216 ( 0.0%) 
entdata               [variable]       50529/393216   (12.9%) 
LDR ambient table      206/65536         824/262144   ( 0.3%) 
HDR ambient table      206/65536         824/262144   ( 0.3%) 
LDR leaf ambient       154/65536        4312/1835008  ( 0.2%) 
HDR leaf ambient       206/65536        5768/1835008  ( 0.3%) 
occluders                0/0               0/0        ( 0.0%) 
occluder polygons        0/0               0/0        ( 0.0%) 
occluder vert ind        0/0               0/0        ( 0.0%) 
detail props          [variable]           1/12       ( 8.3%) 
static props          [variable]           1/12       ( 8.3%) 
pakfile               [variable]       74778/0        ( 0.0%) 
physics               [variable]       17179/4194304  ( 0.4%) 
physics terrain       [variable]           2/1048576  ( 0.0%) 

Level flags = 1

Total triangle count: 256
Writing d:\steamlibrary\steamapps\common\portal 2\sdk_content\maps\custom maps\cd_special_stage\cd_special_stage.bsp
0 seconds elapsed



Using shader api: shaderapiempty.dll
materialPath: D:\SteamLibrary\steamapps\common\Portal 2\portal2\materials
Loading D:\SteamLibrary\steamapps\common\Portal 2\sdk_content\maps\custom maps\cd_special_stage\cd_special_stage.vmf
ConVarRef gpu_level doesn't point to an existing ConVar
fixing up env_cubemap materials on brush sides...
0...1...2...3...4...5...6...7...8...9...100...1...2...3...4...5...6...7...8...9...10Processing areas...done (0)
Building Faces...done (0)
FixTjuncs...
PruneNodes...
WriteBSP...
done (0)
writing D:\SteamLibrary\steamapps\common\Portal 2\sdk_content\maps\custom maps\cd_special_stage\cd_special_stage.prt...Building visibility clusters...
done (0)
Finding displacement neighbors...
Finding lightmap sample positions...
Displacement Alpha : 0...1...2...3...4...5...6...7...8...9...10
Building Physics collision data...
done (0) (17179 bytes)
Placing detail props : 0...1...2...3...4...5...6...7...8...9...10
Water found with no water_lod_control entity, creating a default one.
Compacting texture/material tables...
Reduced 42 texinfos to 22
Reduced 8 texdatas to 7 (206 bytes to 153)
Writing D:\SteamLibrary\steamapps\common\Portal 2\sdk_content\maps\custom maps\cd_special_stage\cd_special_stage.bsp

nummapplanes:     (   188 / 65536 )
nummapbrushes:    (    35 /  8192 )
nummapbrushsides: (   210 / 65536 )
num_map_overlays: (     0 /   512 )
nummodels:        (    23 /  1024 )
num_entities:     (   161 / 16384 )

0 seconds elapsed



24 threads
reading d:\steamlibrary\steamapps\common\portal 2\sdk_content\maps\custom maps\cd_special_stage\cd_special_stage.bsp
reading d:\steamlibrary\steamapps\common\portal 2\sdk_content\maps\custom maps\cd_special_stage\cd_special_stage.prt
   9 portalclusters
  12 numportals
0...1...2...3...4...5...6...7...8...9...100...1...2...3...4...5...6...7...8...9...10Optimized: 0 visible clusters (0.00%)
Total clusters visible: 65
Average clusters visible: 7
Building PAS...
Average clusters audible: 7
visdatasize:130  compressed from 144
writing d:\steamlibrary\steamapps\common\portal 2\sdk_content\maps\custom maps\cd_special_stage\cd_special_stage.bsp
0 seconds elapsed



[Reading texlights from 'lights.rad']
[59 texlights parsed from 'lights.rad']

Loading d:\steamlibrary\steamapps\common\portal 2\sdk_content\maps\custom maps\cd_special_stage\cd_special_stage.bsp
123 faces
69793 square feet [10050194.00 square inches]
0 Displacements
0 Square Feet [0.00 Square Inches]
123 patches before subdivision
6625 patches after subdivision
0 direct lights
0...1...2...3...4...5...6...7...8...9...100...1...2...3...4...5...6...7...8...9...10transfers 826005, max 348
transfer lists:   6.3 megs
0...1...2...3...4...5...6...7...8...9...10	Bounce #1 added RGB(0, 0, 0)
Build Patch/Sample Hash Table(s).....Done<0.0008 sec>
0...1...2...3...4...5...6...7...8...9...10FinalLightFace Done
0 of 0 (0% of) surface lights went in leaf ambient cubes.
0...1...2...3...4...5...6...7...8...9...10Writing leaf ambient...done
Ready to Finish

Object names       Objects/Maxobjs  Memory / Maxmem  Fullness 
------------       ---------------  ---------------  -------- 
models                  23/1024         1104/49152    ( 2.2%) 
brushes                 35/8192          420/98304    ( 0.4%) 
brushsides             210/65536        1680/524288   ( 0.3%) 
planes                 188/65536        3760/1310720  ( 0.3%) 
vertexes               147/65536        1764/786432   ( 0.2%) 
nodes                  182/65536        5824/2097152  ( 0.3%) 
texinfos                22/12288        1584/884736   ( 0.2%) 
texdata                  7/2048          224/65536    ( 0.3%) 
dispinfos                0/0               0/0        ( 0.0%) 
disp_verts               0/0               0/0        ( 0.0%) 
disp_tris                0/0               0/0        ( 0.0%) 
disp_multiblend          0/0               0/0        ( 0.0%) 
disp_lmsamples           0/0               0/0        ( 0.0%) 
faces                  123/65536        6888/3670016  ( 0.2%) 
hdr faces                0/65536           0/3670016  ( 0.0%) 
origfaces               64/65536        3584/3670016  ( 0.1%) 
facebrushes              0/0               0/0        ( 0.0%) 
facebrushlists         123/0             492/0        ( 0.0%) 
leaves                 206/65536        6592/2097152  ( 0.3%) 
leaffaces              123/65536         246/131072   ( 0.2%) 
leafbrushes             56/65536         112/131072   ( 0.1%) 
areas                    3/256            24/2048     ( 1.2%) 
surfedges              758/512000       3032/2048000  ( 0.1%) 
edges                  390/256000       1560/1024000  ( 0.2%) 
LDR worldlights          0/8192            0/819200   ( 0.0%) 
HDR worldlights          0/8192            0/819200   ( 0.0%) 
leafwaterdata            1/32768          12/393216   ( 0.0%) 
waterstrips              0/32768           0/327680   ( 0.0%) 
waterverts               0/65536           0/786432   ( 0.0%) 
waterindices             0/65536           0/131072   ( 0.0%) 
cubemapsamples           0/1024            0/16384    ( 0.0%) 
overlays                 0/512             0/180224   ( 0.0%) 
LDR lightdata         [variable]      583988/0        ( 0.0%) 
HDR lightdata         [variable]           0/0        ( 0.0%) 
visdata               [variable]         130/16777216 ( 0.0%) 
entdata               [variable]       50512/393216   (12.8%) 
LDR ambient table      206/65536         824/262144   ( 0.3%) 
HDR ambient table      206/65536         824/262144   ( 0.3%) 
LDR leaf ambient       154/65536        4312/1835008  ( 0.2%) 
HDR leaf ambient       206/65536        5768/1835008  ( 0.3%) 
occluders                0/0               0/0        ( 0.0%) 
occluder polygons        0/0               0/0        ( 0.0%) 
occluder vert ind        0/0               0/0        ( 0.0%) 
detail props          [variable]           1/12       ( 8.3%) 
static props          [variable]           1/12       ( 8.3%) 
pakfile               [variable]       74778/0        ( 0.0%) 
physics               [variable]       17179/4194304  ( 0.4%) 
physics terrain       [variable]           2/1048576  ( 0.0%) 

Level flags = 1

Total triangle count: 256
Writing d:\steamlibrary\steamapps\common\portal 2\sdk_content\maps\custom maps\cd_special_stage\cd_special_stage.bsp
0 seconds elapsed



Using shader api: shaderapiempty.dll
materialPath: D:\SteamLibrary\steamapps\common\Portal 2\portal2\materials
Loading D:\SteamLibrary\steamapps\common\Portal 2\sdk_content\maps\custom maps\cd_special_stage\cd_special_stage.vmf
ConVarRef gpu_level doesn't point to an existing ConVar
fixing up env_cubemap materials on brush sides...
0...1...2...3...4...5...6...7...8...9...100...1...2...3...4...5...6...7...8...9...10Processing areas...done (0)
Building Faces...done (0)
FixTjuncs...
PruneNodes...
WriteBSP...
done (0)
writing D:\SteamLibrary\steamapps\common\Portal 2\sdk_content\maps\custom maps\cd_special_stage\cd_special_stage.prt...Building visibility clusters...
done (0)
Finding displacement neighbors...
Finding lightmap sample positions...
Displacement Alpha : 0...1...2...3...4...5...6...7...8...9...10
Building Physics collision data...
done (0) (17179 bytes)
Placing detail props : 0...1...2...3...4...5...6...7...8...9...10
Water found with no water_lod_control entity, creating a default one.
Compacting texture/material tables...
Reduced 42 texinfos to 22
Reduced 8 texdatas to 7 (206 bytes to 153)
Writing D:\SteamLibrary\steamapps\common\Portal 2\sdk_content\maps\custom maps\cd_special_stage\cd_special_stage.bsp

nummapplanes:     (   188 / 65536 )
nummapbrushes:    (    35 /  8192 )
nummapbrushsides: (   210 / 65536 )
num_map_overlays: (     0 /   512 )
nummodels:        (    23 /  1024 )
num_entities:     (   161 / 16384 )

0 seconds elapsed



24 threads
reading d:\steamlibrary\steamapps\common\portal 2\sdk_content\maps\custom maps\cd_special_stage\cd_special_stage.bsp
reading d:\steamlibrary\steamapps\common\portal 2\sdk_content\maps\custom maps\cd_special_stage\cd_special_stage.prt
   9 portalclusters
  12 numportals
0...1...2...3...4...5...6...7...8...9...100...1...2...3...4...5...6...7...8...9...10Optimized: 0 visible clusters (0.00%)
Total clusters visible: 65
Average clusters visible: 7
Building PAS...
Average clusters audible: 7
visdatasize:130  compressed from 144
writing d:\steamlibrary\steamapps\common\portal 2\sdk_content\maps\custom maps\cd_special_stage\cd_special_stage.bsp
0 seconds elapsed



[Reading texlights from 'lights.rad']
[59 texlights parsed from 'lights.rad']

Loading d:\steamlibrary\steamapps\common\portal 2\sdk_content\maps\custom maps\cd_special_stage\cd_special_stage.bsp
123 faces
69793 square feet [10050194.00 square inches]
0 Displacements
0 Square Feet [0.00 Square Inches]
123 patches before subdivision
6625 patches after subdivision
0 direct lights
0...1...2...3...4...5...6...7...8...9...100...1...2...3...4...5...6...7...8...9...10transfers 826005, max 348
transfer lists:   6.3 megs
0...1...2...3...4...5...6...7...8...9...10	Bounce #1 added RGB(0, 0, 0)
Build Patch/Sample Hash Table(s).....Done<0.0007 sec>
0...1...2...3...4...5...6...7...8...9...10FinalLightFace Done
0 of 0 (0% of) surface lights went in leaf ambient cubes.
0...1...2...3...4...5...6...7...8...9...10Writing leaf ambient...done
Ready to Finish

Object names       Objects/Maxobjs  Memory / Maxmem  Fullness 
------------       ---------------  ---------------  -------- 
models                  23/1024         1104/49152    ( 2.2%) 
brushes                 35/8192          420/98304    ( 0.4%) 
brushsides             210/65536        1680/524288   ( 0.3%) 
planes                 188/65536        3760/1310720  ( 0.3%) 
vertexes               147/65536        1764/786432   ( 0.2%) 
nodes                  182/65536        5824/2097152  ( 0.3%) 
texinfos                22/12288        1584/884736   ( 0.2%) 
texdata                  7/2048          224/65536    ( 0.3%) 
dispinfos                0/0               0/0        ( 0.0%) 
disp_verts               0/0               0/0        ( 0.0%) 
disp_tris                0/0               0/0        ( 0.0%) 
disp_multiblend          0/0               0/0        ( 0.0%) 
disp_lmsamples           0/0               0/0        ( 0.0%) 
faces                  123/65536        6888/3670016  ( 0.2%) 
hdr faces                0/65536           0/3670016  ( 0.0%) 
origfaces               64/65536        3584/3670016  ( 0.1%) 
facebrushes              0/0               0/0        ( 0.0%) 
facebrushlists         123/0             492/0        ( 0.0%) 
leaves                 206/65536        6592/2097152  ( 0.3%) 
leaffaces              123/65536         246/131072   ( 0.2%) 
leafbrushes             56/65536         112/131072   ( 0.1%) 
areas                    3/256            24/2048     ( 1.2%) 
surfedges              758/512000       3032/2048000  ( 0.1%) 
edges                  390/256000       1560/1024000  ( 0.2%) 
LDR worldlights          0/8192            0/819200   ( 0.0%) 
HDR worldlights          0/8192            0/819200   ( 0.0%) 
leafwaterdata            1/32768          12/393216   ( 0.0%) 
waterstrips              0/32768           0/327680   ( 0.0%) 
waterverts               0/65536           0/786432   ( 0.0%) 
waterindices             0/65536           0/131072   ( 0.0%) 
cubemapsamples           0/1024            0/16384    ( 0.0%) 
overlays                 0/512             0/180224   ( 0.0%) 
LDR lightdata         [variable]      583988/0        ( 0.0%) 
HDR lightdata         [variable]           0/0        ( 0.0%) 
visdata               [variable]         130/16777216 ( 0.0%) 
entdata               [variable]       50624/393216   (12.9%) 
LDR ambient table      206/65536         824/262144   ( 0.3%) 
HDR ambient table      206/65536         824/262144   ( 0.3%) 
LDR leaf ambient       154/65536        4312/1835008  ( 0.2%) 
HDR leaf ambient       206/65536        5768/1835008  ( 0.3%) 
occluders                0/0               0/0        ( 0.0%) 
occluder polygons        0/0               0/0        ( 0.0%) 
occluder vert ind        0/0               0/0        ( 0.0%) 
detail props          [variable]           1/12       ( 8.3%) 
static props          [variable]           1/12       ( 8.3%) 
pakfile               [variable]       74778/0        ( 0.0%) 
physics               [variable]       17179/4194304  ( 0.4%) 
physics terrain       [variable]           2/1048576  ( 0.0%) 

Level flags = 1

Total triangle count: 256
Writing d:\steamlibrary\steamapps\common\portal 2\sdk_content\maps\custom maps\cd_special_stage\cd_special_stage.bsp
0 seconds elapsed



Using shader api: shaderapiempty.dll
materialPath: D:\SteamLibrary\steamapps\common\Portal 2\portal2\materials
Loading D:\SteamLibrary\steamapps\common\Portal 2\sdk_content\maps\custom maps\cd_special_stage\cd_special_stage.vmf
ConVarRef gpu_level doesn't point to an existing ConVar
fixing up env_cubemap materials on brush sides...
0...1...2...3...4...5...6...7...8...9...100...1...2...3...4...5...6...7...8...9...10Processing areas...done (0)
Building Faces...done (0)
FixTjuncs...
PruneNodes...
WriteBSP...
done (0)
writing D:\SteamLibrary\steamapps\common\Portal 2\sdk_content\maps\custom maps\cd_special_stage\cd_special_stage.prt...Building visibility clusters...
done (0)
Finding displacement neighbors...
Finding lightmap sample positions...
Displacement Alpha : 0...1...2...3...4...5...6...7...8...9...10
Building Physics collision data...
done (0) (17179 bytes)
Placing detail props : 0...1...2...3...4...5...6...7...8...9...10
Water found with no water_lod_control entity, creating a default one.
Compacting texture/material tables...
Reduced 42 texinfos to 22
Reduced 8 texdatas to 7 (206 bytes to 153)
Writing D:\SteamLibrary\steamapps\common\Portal 2\sdk_content\maps\custom maps\cd_special_stage\cd_special_stage.bsp

nummapplanes:     (   188 / 65536 )
nummapbrushes:    (    35 /  8192 )
nummapbrushsides: (   210 / 65536 )
num_map_overlays: (     0 /   512 )
nummodels:        (    23 /  1024 )
num_entities:     (   161 / 16384 )

0 seconds elapsed



24 threads
reading d:\steamlibrary\steamapps\common\portal 2\sdk_content\maps\custom maps\cd_special_stage\cd_special_stage.bsp
reading d:\steamlibrary\steamapps\common\portal 2\sdk_content\maps\custom maps\cd_special_stage\cd_special_stage.prt
   9 portalclusters
  12 numportals
0...1...2...3...4...5...6...7...8...9...100...1...2...3...4...5...6...7...8...9...10Optimized: 0 visible clusters (0.00%)
Total clusters visible: 65
Average clusters visible: 7
Building PAS...
Average clusters audible: 7
visdatasize:130  compressed from 144
writing d:\steamlibrary\steamapps\common\portal 2\sdk_content\maps\custom maps\cd_special_stage\cd_special_stage.bsp
0 seconds elapsed



[Reading texlights from 'lights.rad']
[59 texlights parsed from 'lights.rad']

Loading d:\steamlibrary\steamapps\common\portal 2\sdk_content\maps\custom maps\cd_special_stage\cd_special_stage.bsp
123 faces
69793 square feet [10050194.00 square inches]
0 Displacements
0 Square Feet [0.00 Square Inches]
123 patches before subdivision
6625 patches after subdivision
0 direct lights
0...1...2...3...4...5...6...7...8...9...100...1...2...3...4...5...6...7...8...9...10transfers 826005, max 348
transfer lists:   6.3 megs
0...1...2...3...4...5...6...7...8...9...10	Bounce #1 added RGB(0, 0, 0)
Build Patch/Sample Hash Table(s).....Done<0.0007 sec>
0...1...2...3...4...5...6...7...8...9...10FinalLightFace Done
0 of 0 (0% of) surface lights went in leaf ambient cubes.
0...1...2...3...4...5...6...7...8...9...10Writing leaf ambient...done
Ready to Finish

Object names       Objects/Maxobjs  Memory / Maxmem  Fullness 
------------       ---------------  ---------------  -------- 
models                  23/1024         1104/49152    ( 2.2%) 
brushes                 35/8192          420/98304    ( 0.4%) 
brushsides             210/65536        1680/524288   ( 0.3%) 
planes                 188/65536        3760/1310720  ( 0.3%) 
vertexes               147/65536        1764/786432   ( 0.2%) 
nodes                  182/65536        5824/2097152  ( 0.3%) 
texinfos                22/12288        1584/884736   ( 0.2%) 
texdata                  7/2048          224/65536    ( 0.3%) 
dispinfos                0/0               0/0        ( 0.0%) 
disp_verts               0/0               0/0        ( 0.0%) 
disp_tris                0/0               0/0        ( 0.0%) 
disp_multiblend          0/0               0/0        ( 0.0%) 
disp_lmsamples           0/0               0/0        ( 0.0%) 
faces                  123/65536        6888/3670016  ( 0.2%) 
hdr faces                0/65536           0/3670016  ( 0.0%) 
origfaces               64/65536        3584/3670016  ( 0.1%) 
facebrushes              0/0               0/0        ( 0.0%) 
facebrushlists         123/0             492/0        ( 0.0%) 
leaves                 206/65536        6592/2097152  ( 0.3%) 
leaffaces              123/65536         246/131072   ( 0.2%) 
leafbrushes             56/65536         112/131072   ( 0.1%) 
areas                    3/256            24/2048     ( 1.2%) 
surfedges              758/512000       3032/2048000  ( 0.1%) 
edges                  390/256000       1560/1024000  ( 0.2%) 
LDR worldlights          0/8192            0/819200   ( 0.0%) 
HDR worldlights          0/8192            0/819200   ( 0.0%) 
leafwaterdata            1/32768          12/393216   ( 0.0%) 
waterstrips              0/32768           0/327680   ( 0.0%) 
waterverts               0/65536           0/786432   ( 0.0%) 
waterindices             0/65536           0/131072   ( 0.0%) 
cubemapsamples           0/1024            0/16384    ( 0.0%) 
overlays                 0/512             0/180224   ( 0.0%) 
LDR lightdata         [variable]      583988/0        ( 0.0%) 
HDR lightdata         [variable]           0/0        ( 0.0%) 
visdata               [variable]         130/16777216 ( 0.0%) 
entdata               [variable]       50665/393216   (12.9%) 
LDR ambient table      206/65536         824/262144   ( 0.3%) 
HDR ambient table      206/65536         824/262144   ( 0.3%) 
LDR leaf ambient       154/65536        4312/1835008  ( 0.2%) 
HDR leaf ambient       206/65536        5768/1835008  ( 0.3%) 
occluders                0/0               0/0        ( 0.0%) 
occluder polygons        0/0               0/0        ( 0.0%) 
occluder vert ind        0/0               0/0        ( 0.0%) 
detail props          [variable]           1/12       ( 8.3%) 
static props          [variable]           1/12       ( 8.3%) 
pakfile               [variable]       74778/0        ( 0.0%) 
physics               [variable]       17179/4194304  ( 0.4%) 
physics terrain       [variable]           2/1048576  ( 0.0%) 

Level flags = 1

Total triangle count: 256
Writing d:\steamlibrary\steamapps\common\portal 2\sdk_content\maps\custom maps\cd_special_stage\cd_special_stage.bsp
0 seconds elapsed



Using shader api: shaderapiempty.dll
materialPath: D:\SteamLibrary\steamapps\common\Portal 2\portal2\materials
Loading D:\SteamLibrary\steamapps\common\Portal 2\sdk_content\maps\custom maps\cd_special_stage\cd_special_stage.vmf
ConVarRef gpu_level doesn't point to an existing ConVar
fixing up env_cubemap materials on brush sides...
0...1...2...3...4...5...6...7...8...9...100...1...2...3...4...5...6...7...8...9...10Processing areas...done (0)
Building Faces...done (0)
FixTjuncs...
PruneNodes...
WriteBSP...
done (0)
writing D:\SteamLibrary\steamapps\common\Portal 2\sdk_content\maps\custom maps\cd_special_stage\cd_special_stage.prt...Building visibility clusters...
done (0)
Finding displacement neighbors...
Finding lightmap sample positions...
Displacement Alpha : 0...1...2...3...4...5...6...7...8...9...10
Building Physics collision data...
done (0) (17179 bytes)
Placing detail props : 0...1...2...3...4...5...6...7...8...9...10
Water found with no water_lod_control entity, creating a default one.
Compacting texture/material tables...
Reduced 42 texinfos to 22
Reduced 8 texdatas to 7 (206 bytes to 153)
Writing D:\SteamLibrary\steamapps\common\Portal 2\sdk_content\maps\custom maps\cd_special_stage\cd_special_stage.bsp

nummapplanes:     (   188 / 65536 )
nummapbrushes:    (    35 /  8192 )
nummapbrushsides: (   210 / 65536 )
num_map_overlays: (     0 /   512 )
nummodels:        (    23 /  1024 )
num_entities:     (   164 / 16384 )

0 seconds elapsed



24 threads
reading d:\steamlibrary\steamapps\common\portal 2\sdk_content\maps\custom maps\cd_special_stage\cd_special_stage.bsp
reading d:\steamlibrary\steamapps\common\portal 2\sdk_content\maps\custom maps\cd_special_stage\cd_special_stage.prt
   9 portalclusters
  12 numportals
0...1...2...3...4...5...6...7...8...9...100...1...2...3...4...5...6...7...8...9...10Optimized: 0 visible clusters (0.00%)
Total clusters visible: 65
Average clusters visible: 7
Building PAS...
Average clusters audible: 7
visdatasize:130  compressed from 144
writing d:\steamlibrary\steamapps\common\portal 2\sdk_content\maps\custom maps\cd_special_stage\cd_special_stage.bsp
0 seconds elapsed



[Reading texlights from 'lights.rad']
[59 texlights parsed from 'lights.rad']

Loading d:\steamlibrary\steamapps\common\portal 2\sdk_content\maps\custom maps\cd_special_stage\cd_special_stage.bsp
123 faces
69793 square feet [10050194.00 square inches]
0 Displacements
0 Square Feet [0.00 Square Inches]
123 patches before subdivision
6625 patches after subdivision
0 direct lights
0...1...2...3...4...5...6...7...8...9...100...1...2...3...4...5...6...7...8...9...10transfers 826005, max 348
transfer lists:   6.3 megs
0...1...2...3...4...5...6...7...8...9...10	Bounce #1 added RGB(0, 0, 0)
Build Patch/Sample Hash Table(s).....Done<0.0007 sec>
0...1...2...3...4...5...6...7...8...9...10FinalLightFace Done
0 of 0 (0% of) surface lights went in leaf ambient cubes.
0...1...2...3...4...5...6...7...8...9...10Writing leaf ambient...done
Ready to Finish

Object names       Objects/Maxobjs  Memory / Maxmem  Fullness 
------------       ---------------  ---------------  -------- 
models                  23/1024         1104/49152    ( 2.2%) 
brushes                 35/8192          420/98304    ( 0.4%) 
brushsides             210/65536        1680/524288   ( 0.3%) 
planes                 188/65536        3760/1310720  ( 0.3%) 
vertexes               147/65536        1764/786432   ( 0.2%) 
nodes                  182/65536        5824/2097152  ( 0.3%) 
texinfos                22/12288        1584/884736   ( 0.2%) 
texdata                  7/2048          224/65536    ( 0.3%) 
dispinfos                0/0               0/0        ( 0.0%) 
disp_verts               0/0               0/0        ( 0.0%) 
disp_tris                0/0               0/0        ( 0.0%) 
disp_multiblend          0/0               0/0        ( 0.0%) 
disp_lmsamples           0/0               0/0        ( 0.0%) 
faces                  123/65536        6888/3670016  ( 0.2%) 
hdr faces                0/65536           0/3670016  ( 0.0%) 
origfaces               64/65536        3584/3670016  ( 0.1%) 
facebrushes              0/0               0/0        ( 0.0%) 
facebrushlists         123/0             492/0        ( 0.0%) 
leaves                 206/65536        6592/2097152  ( 0.3%) 
leaffaces              123/65536         246/131072   ( 0.2%) 
leafbrushes             56/65536         112/131072   ( 0.1%) 
areas                    3/256            24/2048     ( 1.2%) 
surfedges              758/512000       3032/2048000  ( 0.1%) 
edges                  390/256000       1560/1024000  ( 0.2%) 
LDR worldlights          0/8192            0/819200   ( 0.0%) 
HDR worldlights          0/8192            0/819200   ( 0.0%) 
leafwaterdata            1/32768          12/393216   ( 0.0%) 
waterstrips              0/32768           0/327680   ( 0.0%) 
waterverts               0/65536           0/786432   ( 0.0%) 
waterindices             0/65536           0/131072   ( 0.0%) 
cubemapsamples           0/1024            0/16384    ( 0.0%) 
overlays                 0/512             0/180224   ( 0.0%) 
LDR lightdata         [variable]      583988/0        ( 0.0%) 
HDR lightdata         [variable]           0/0        ( 0.0%) 
visdata               [variable]         130/16777216 ( 0.0%) 
entdata               [variable]       51475/393216   (13.1%) 
LDR ambient table      206/65536         824/262144   ( 0.3%) 
HDR ambient table      206/65536         824/262144   ( 0.3%) 
LDR leaf ambient       154/65536        4312/1835008  ( 0.2%) 
HDR leaf ambient       206/65536        5768/1835008  ( 0.3%) 
occluders                0/0               0/0        ( 0.0%) 
occluder polygons        0/0               0/0        ( 0.0%) 
occluder vert ind        0/0               0/0        ( 0.0%) 
detail props          [variable]           1/12       ( 8.3%) 
static props          [variable]           1/12       ( 8.3%) 
pakfile               [variable]       74778/0        ( 0.0%) 
physics               [variable]       17179/4194304  ( 0.4%) 
physics terrain       [variable]           2/1048576  ( 0.0%) 

Level flags = 1

Total triangle count: 256
Writing d:\steamlibrary\steamapps\common\portal 2\sdk_content\maps\custom maps\cd_special_stage\cd_special_stage.bsp
0 seconds elapsed



Using shader api: shaderapiempty.dll
materialPath: D:\SteamLibrary\steamapps\common\Portal 2\portal2\materials
Loading D:\SteamLibrary\steamapps\common\Portal 2\sdk_content\maps\custom maps\cd_special_stage\cd_special_stage.vmf
ConVarRef gpu_level doesn't point to an existing ConVar
fixing up env_cubemap materials on brush sides...
0...1...2...3...4...5...6...7...8...9...100...1...2...3...4...5...6...7...8...9...10Processing areas...done (0)
Building Faces...done (0)
FixTjuncs...
PruneNodes...
WriteBSP...
done (0)
writing D:\SteamLibrary\steamapps\common\Portal 2\sdk_content\maps\custom maps\cd_special_stage\cd_special_stage.prt...Building visibility clusters...
done (0)
Finding displacement neighbors...
Finding lightmap sample positions...
Displacement Alpha : 0...1...2...3...4...5...6...7...8...9...10
Building Physics collision data...
done (0) (17179 bytes)
Placing detail props : 0...1...2...3...4...5...6...7...8...9...10
Water found with no water_lod_control entity, creating a default one.
Compacting texture/material tables...
Reduced 42 texinfos to 22
Reduced 8 texdatas to 7 (206 bytes to 153)
Writing D:\SteamLibrary\steamapps\common\Portal 2\sdk_content\maps\custom maps\cd_special_stage\cd_special_stage.bsp

nummapplanes:     (   188 / 65536 )
nummapbrushes:    (    35 /  8192 )
nummapbrushsides: (   210 / 65536 )
num_map_overlays: (     0 /   512 )
nummodels:        (    23 /  1024 )
num_entities:     (   164 / 16384 )

0 seconds elapsed



24 threads
reading d:\steamlibrary\steamapps\common\portal 2\sdk_content\maps\custom maps\cd_special_stage\cd_special_stage.bsp
reading d:\steamlibrary\steamapps\common\portal 2\sdk_content\maps\custom maps\cd_special_stage\cd_special_stage.prt
   9 portalclusters
  12 numportals
0...1...2...3...4...5...6...7...8...9...100...1...2...3...4...5...6...7...8...9...10Optimized: 0 visible clusters (0.00%)
Total clusters visible: 65
Average clusters visible: 7
Building PAS...
Average clusters audible: 7
visdatasize:130  compressed from 144
writing d:\steamlibrary\steamapps\common\portal 2\sdk_content\maps\custom maps\cd_special_stage\cd_special_stage.bsp
0 seconds elapsed



[Reading texlights from 'lights.rad']
[59 texlights parsed from 'lights.rad']

Loading d:\steamlibrary\steamapps\common\portal 2\sdk_content\maps\custom maps\cd_special_stage\cd_special_stage.bsp
123 faces
69793 square feet [10050194.00 square inches]
0 Displacements
0 Square Feet [0.00 Square Inches]
123 patches before subdivision
6625 patches after subdivision
0 direct lights
0...1...2...3...4...5...6...7...8...9...100...1...2...3...4...5...6...7...8...9...10transfers 826005, max 348
transfer lists:   6.3 megs
0...1...2...3...4...5...6...7...8...9...10	Bounce #1 added RGB(0, 0, 0)
Build Patch/Sample Hash Table(s).....Done<0.0008 sec>
0...1...2...3...4...5...6...7...8...9...10FinalLightFace Done
0 of 0 (0% of) surface lights went in leaf ambient cubes.
0...1...2...3...4...5...6...7...8...9...10Writing leaf ambient...done
Ready to Finish

Object names       Objects/Maxobjs  Memory / Maxmem  Fullness 
------------       ---------------  ---------------  -------- 
models                  23/1024         1104/49152    ( 2.2%) 
brushes                 35/8192          420/98304    ( 0.4%) 
brushsides             210/65536        1680/524288   ( 0.3%) 
planes                 188/65536        3760/1310720  ( 0.3%) 
vertexes               147/65536        1764/786432   ( 0.2%) 
nodes                  182/65536        5824/2097152  ( 0.3%) 
texinfos                22/12288        1584/884736   ( 0.2%) 
texdata                  7/2048          224/65536    ( 0.3%) 
dispinfos                0/0               0/0        ( 0.0%) 
disp_verts               0/0               0/0        ( 0.0%) 
disp_tris                0/0               0/0        ( 0.0%) 
disp_multiblend          0/0               0/0        ( 0.0%) 
disp_lmsamples           0/0               0/0        ( 0.0%) 
faces                  123/65536        6888/3670016  ( 0.2%) 
hdr faces                0/65536           0/3670016  ( 0.0%) 
origfaces               64/65536        3584/3670016  ( 0.1%) 
facebrushes              0/0               0/0        ( 0.0%) 
facebrushlists         123/0             492/0        ( 0.0%) 
leaves                 206/65536        6592/2097152  ( 0.3%) 
leaffaces              123/65536         246/131072   ( 0.2%) 
leafbrushes             56/65536         112/131072   ( 0.1%) 
areas                    3/256            24/2048     ( 1.2%) 
surfedges              758/512000       3032/2048000  ( 0.1%) 
edges                  390/256000       1560/1024000  ( 0.2%) 
LDR worldlights          0/8192            0/819200   ( 0.0%) 
HDR worldlights          0/8192            0/819200   ( 0.0%) 
leafwaterdata            1/32768          12/393216   ( 0.0%) 
waterstrips              0/32768           0/327680   ( 0.0%) 
waterverts               0/65536           0/786432   ( 0.0%) 
waterindices             0/65536           0/131072   ( 0.0%) 
cubemapsamples           0/1024            0/16384    ( 0.0%) 
overlays                 0/512             0/180224   ( 0.0%) 
LDR lightdata         [variable]      583988/0        ( 0.0%) 
HDR lightdata         [variable]           0/0        ( 0.0%) 
visdata               [variable]         130/16777216 ( 0.0%) 
entdata               [variable]       51526/393216   (13.1%) 
LDR ambient table      206/65536         824/262144   ( 0.3%) 
HDR ambient table      206/65536         824/262144   ( 0.3%) 
LDR leaf ambient       154/65536        4312/1835008  ( 0.2%) 
HDR leaf ambient       206/65536        5768/1835008  ( 0.3%) 
occluders                0/0               0/0        ( 0.0%) 
occluder polygons        0/0               0/0        ( 0.0%) 
occluder vert ind        0/0               0/0        ( 0.0%) 
detail props          [variable]           1/12       ( 8.3%) 
static props          [variable]           1/12       ( 8.3%) 
pakfile               [variable]       74778/0        ( 0.0%) 
physics               [variable]       17179/4194304  ( 0.4%) 
physics terrain       [variable]           2/1048576  ( 0.0%) 

Level flags = 1

Total triangle count: 256
Writing d:\steamlibrary\steamapps\common\portal 2\sdk_content\maps\custom maps\cd_special_stage\cd_special_stage.bsp
0 seconds elapsed



Using shader api: shaderapiempty.dll
materialPath: D:\SteamLibrary\steamapps\common\Portal 2\portal2\materials
Loading D:\SteamLibrary\steamapps\common\Portal 2\sdk_content\maps\custom maps\cd_special_stage\cd_special_stage.vmf
ConVarRef gpu_level doesn't point to an existing ConVar
fixing up env_cubemap materials on brush sides...
0...1...2...3...4...5...6...7...8...9...100...1...2...3...4...5...6...7...8...9...10Processing areas...done (0)
Building Faces...done (0)
FixTjuncs...
PruneNodes...
WriteBSP...
done (0)
writing D:\SteamLibrary\steamapps\common\Portal 2\sdk_content\maps\custom maps\cd_special_stage\cd_special_stage.prt...Building visibility clusters...
done (0)
Finding displacement neighbors...
Finding lightmap sample positions...
Displacement Alpha : 0...1...2...3...4...5...6...7...8...9...10
Building Physics collision data...
done (0) (17179 bytes)
Placing detail props : 0...1...2...3...4...5...6...7...8...9...10
Water found with no water_lod_control entity, creating a default one.
Compacting texture/material tables...
Reduced 42 texinfos to 22
Reduced 8 texdatas to 7 (206 bytes to 153)
Writing D:\SteamLibrary\steamapps\common\Portal 2\sdk_content\maps\custom maps\cd_special_stage\cd_special_stage.bsp

nummapplanes:     (   188 / 65536 )
nummapbrushes:    (    35 /  8192 )
nummapbrushsides: (   210 / 65536 )
num_map_overlays: (     0 /   512 )
nummodels:        (    23 /  1024 )
num_entities:     (   164 / 16384 )

0 seconds elapsed



24 threads
reading d:\steamlibrary\steamapps\common\portal 2\sdk_content\maps\custom maps\cd_special_stage\cd_special_stage.bsp
reading d:\steamlibrary\steamapps\common\portal 2\sdk_content\maps\custom maps\cd_special_stage\cd_special_stage.prt
   9 portalclusters
  12 numportals
0...1...2...3...4...5...6...7...8...9...100...1...2...3...4...5...6...7...8...9...10Optimized: 0 visible clusters (0.00%)
Total clusters visible: 65
Average clusters visible: 7
Building PAS...
Average clusters audible: 7
visdatasize:130  compressed from 144
writing d:\steamlibrary\steamapps\common\portal 2\sdk_content\maps\custom maps\cd_special_stage\cd_special_stage.bsp
0 seconds elapsed



[Reading texlights from 'lights.rad']
[59 texlights parsed from 'lights.rad']

Loading d:\steamlibrary\steamapps\common\portal 2\sdk_content\maps\custom maps\cd_special_stage\cd_special_stage.bsp
123 faces
69793 square feet [10050194.00 square inches]
0 Displacements
0 Square Feet [0.00 Square Inches]
123 patches before subdivision
6625 patches after subdivision
0 direct lights
0...1...2...3...4...5...6...7...8...9...100...1...2...3...4...5...6...7...8...9...10transfers 826005, max 348
transfer lists:   6.3 megs
0...1...2...3...4...5...6...7...8...9...10	Bounce #1 added RGB(0, 0, 0)
Build Patch/Sample Hash Table(s).....Done<0.0007 sec>
0...1...2...3...4...5...6...7...8...9...10FinalLightFace Done
0 of 0 (0% of) surface lights went in leaf ambient cubes.
0...1...2...3...4...5...6...7...8...9...10Writing leaf ambient...done
Ready to Finish

Object names       Objects/Maxobjs  Memory / Maxmem  Fullness 
------------       ---------------  ---------------  -------- 
models                  23/1024         1104/49152    ( 2.2%) 
brushes                 35/8192          420/98304    ( 0.4%) 
brushsides             210/65536        1680/524288   ( 0.3%) 
planes                 188/65536        3760/1310720  ( 0.3%) 
vertexes               147/65536        1764/786432   ( 0.2%) 
nodes                  182/65536        5824/2097152  ( 0.3%) 
texinfos                22/12288        1584/884736   ( 0.2%) 
texdata                  7/2048          224/65536    ( 0.3%) 
dispinfos                0/0               0/0        ( 0.0%) 
disp_verts               0/0               0/0        ( 0.0%) 
disp_tris                0/0               0/0        ( 0.0%) 
disp_multiblend          0/0               0/0        ( 0.0%) 
disp_lmsamples           0/0               0/0        ( 0.0%) 
faces                  123/65536        6888/3670016  ( 0.2%) 
hdr faces                0/65536           0/3670016  ( 0.0%) 
origfaces               64/65536        3584/3670016  ( 0.1%) 
facebrushes              0/0               0/0        ( 0.0%) 
facebrushlists         123/0             492/0        ( 0.0%) 
leaves                 206/65536        6592/2097152  ( 0.3%) 
leaffaces              123/65536         246/131072   ( 0.2%) 
leafbrushes             56/65536         112/131072   ( 0.1%) 
areas                    3/256            24/2048     ( 1.2%) 
surfedges              758/512000       3032/2048000  ( 0.1%) 
edges                  390/256000       1560/1024000  ( 0.2%) 
LDR worldlights          0/8192            0/819200   ( 0.0%) 
HDR worldlights          0/8192            0/819200   ( 0.0%) 
leafwaterdata            1/32768          12/393216   ( 0.0%) 
waterstrips              0/32768           0/327680   ( 0.0%) 
waterverts               0/65536           0/786432   ( 0.0%) 
waterindices             0/65536           0/131072   ( 0.0%) 
cubemapsamples           0/1024            0/16384    ( 0.0%) 
overlays                 0/512             0/180224   ( 0.0%) 
LDR lightdata         [variable]      583988/0        ( 0.0%) 
HDR lightdata         [variable]           0/0        ( 0.0%) 
visdata               [variable]         130/16777216 ( 0.0%) 
entdata               [variable]       51643/393216   (13.1%) 
LDR ambient table      206/65536         824/262144   ( 0.3%) 
HDR ambient table      206/65536         824/262144   ( 0.3%) 
LDR leaf ambient       154/65536        4312/1835008  ( 0.2%) 
HDR leaf ambient       206/65536        5768/1835008  ( 0.3%) 
occluders                0/0               0/0        ( 0.0%) 
occluder polygons        0/0               0/0        ( 0.0%) 
occluder vert ind        0/0               0/0        ( 0.0%) 
detail props          [variable]           1/12       ( 8.3%) 
static props          [variable]           1/12       ( 8.3%) 
pakfile               [variable]       74778/0        ( 0.0%) 
physics               [variable]       17179/4194304  ( 0.4%) 
physics terrain       [variable]           2/1048576  ( 0.0%) 

Level flags = 1

Total triangle count: 256
Writing d:\steamlibrary\steamapps\common\portal 2\sdk_content\maps\custom maps\cd_special_stage\cd_special_stage.bsp
0 seconds elapsed



Using shader api: shaderapiempty.dll
materialPath: D:\SteamLibrary\steamapps\common\Portal 2\portal2\materials
Loading D:\SteamLibrary\steamapps\common\Portal 2\sdk_content\maps\custom maps\cd_special_stage\cd_special_stage.vmf
ConVarRef gpu_level doesn't point to an existing ConVar
fixing up env_cubemap materials on brush sides...
0...1...2...3...4...5...6...7...8...9...100...1...2...3...4...5...6...7...8...9...10Processing areas...done (0)
Building Faces...done (0)
FixTjuncs...
PruneNodes...
WriteBSP...
done (0)
writing D:\SteamLibrary\steamapps\common\Portal 2\sdk_content\maps\custom maps\cd_special_stage\cd_special_stage.prt...Building visibility clusters...
done (0)
Finding displacement neighbors...
Finding lightmap sample positions...
Displacement Alpha : 0...1...2...3...4...5...6...7...8...9...10
Building Physics collision data...
done (0) (17179 bytes)
Placing detail props : 0...1...2...3...4...5...6...7...8...9...10
Water found with no water_lod_control entity, creating a default one.
Compacting texture/material tables...
Reduced 42 texinfos to 22
Reduced 8 texdatas to 7 (206 bytes to 153)
Writing D:\SteamLibrary\steamapps\common\Portal 2\sdk_content\maps\custom maps\cd_special_stage\cd_special_stage.bsp

nummapplanes:     (   188 / 65536 )
nummapbrushes:    (    35 /  8192 )
nummapbrushsides: (   210 / 65536 )
num_map_overlays: (     0 /   512 )
nummodels:        (    23 /  1024 )
num_entities:     (   164 / 16384 )

0 seconds elapsed



24 threads
reading d:\steamlibrary\steamapps\common\portal 2\sdk_content\maps\custom maps\cd_special_stage\cd_special_stage.bsp
reading d:\steamlibrary\steamapps\common\portal 2\sdk_content\maps\custom maps\cd_special_stage\cd_special_stage.prt
   9 portalclusters
  12 numportals
0...1...2...3...4...5...6...7...8...9...100...1...2...3...4...5...6...7...8...9...10Optimized: 0 visible clusters (0.00%)
Total clusters visible: 65
Average clusters visible: 7
Building PAS...
Average clusters audible: 7
visdatasize:130  compressed from 144
writing d:\steamlibrary\steamapps\common\portal 2\sdk_content\maps\custom maps\cd_special_stage\cd_special_stage.bsp
0 seconds elapsed



[Reading texlights from 'lights.rad']
[59 texlights parsed from 'lights.rad']

Loading d:\steamlibrary\steamapps\common\portal 2\sdk_content\maps\custom maps\cd_special_stage\cd_special_stage.bsp
123 faces
69793 square feet [10050194.00 square inches]
0 Displacements
0 Square Feet [0.00 Square Inches]
123 patches before subdivision
6625 patches after subdivision
0 direct lights
0...1...2...3...4...5...6...7...8...9...100...1...2...3...4...5...6...7...8...9...10transfers 826005, max 348
transfer lists:   6.3 megs
0...1...2...3...4...5...6...7...8...9...10	Bounce #1 added RGB(0, 0, 0)
Build Patch/Sample Hash Table(s).....Done<0.0008 sec>
0...1...2...3...4...5...6...7...8...9...10FinalLightFace Done
0 of 0 (0% of) surface lights went in leaf ambient cubes.
0...1...2...3...4...5...6...7...8...9...10Writing leaf ambient...done
Ready to Finish

Object names       Objects/Maxobjs  Memory / Maxmem  Fullness 
------------       ---------------  ---------------  -------- 
models                  23/1024         1104/49152    ( 2.2%) 
brushes                 35/8192          420/98304    ( 0.4%) 
brushsides             210/65536        1680/524288   ( 0.3%) 
planes                 188/65536        3760/1310720  ( 0.3%) 
vertexes               147/65536        1764/786432   ( 0.2%) 
nodes                  182/65536        5824/2097152  ( 0.3%) 
texinfos                22/12288        1584/884736   ( 0.2%) 
texdata                  7/2048          224/65536    ( 0.3%) 
dispinfos                0/0               0/0        ( 0.0%) 
disp_verts               0/0               0/0        ( 0.0%) 
disp_tris                0/0               0/0        ( 0.0%) 
disp_multiblend          0/0               0/0        ( 0.0%) 
disp_lmsamples           0/0               0/0        ( 0.0%) 
faces                  123/65536        6888/3670016  ( 0.2%) 
hdr faces                0/65536           0/3670016  ( 0.0%) 
origfaces               64/65536        3584/3670016  ( 0.1%) 
facebrushes              0/0               0/0        ( 0.0%) 
facebrushlists         123/0             492/0        ( 0.0%) 
leaves                 206/65536        6592/2097152  ( 0.3%) 
leaffaces              123/65536         246/131072   ( 0.2%) 
leafbrushes             56/65536         112/131072   ( 0.1%) 
areas                    3/256            24/2048     ( 1.2%) 
surfedges              758/512000       3032/2048000  ( 0.1%) 
edges                  390/256000       1560/1024000  ( 0.2%) 
LDR worldlights          0/8192            0/819200   ( 0.0%) 
HDR worldlights          0/8192            0/819200   ( 0.0%) 
leafwaterdata            1/32768          12/393216   ( 0.0%) 
waterstrips              0/32768           0/327680   ( 0.0%) 
waterverts               0/65536           0/786432   ( 0.0%) 
waterindices             0/65536           0/131072   ( 0.0%) 
cubemapsamples           0/1024            0/16384    ( 0.0%) 
overlays                 0/512             0/180224   ( 0.0%) 
LDR lightdata         [variable]      583988/0        ( 0.0%) 
HDR lightdata         [variable]           0/0        ( 0.0%) 
visdata               [variable]         130/16777216 ( 0.0%) 
entdata               [variable]       51643/393216   (13.1%) 
LDR ambient table      206/65536         824/262144   ( 0.3%) 
HDR ambient table      206/65536         824/262144   ( 0.3%) 
LDR leaf ambient       154/65536        4312/1835008  ( 0.2%) 
HDR leaf ambient       206/65536        5768/1835008  ( 0.3%) 
occluders                0/0               0/0        ( 0.0%) 
occluder polygons        0/0               0/0        ( 0.0%) 
occluder vert ind        0/0               0/0        ( 0.0%) 
detail props          [variable]           1/12       ( 8.3%) 
static props          [variable]           1/12       ( 8.3%) 
pakfile               [variable]       74778/0        ( 0.0%) 
physics               [variable]       17179/4194304  ( 0.4%) 
physics terrain       [variable]           2/1048576  ( 0.0%) 

Level flags = 1

Total triangle count: 256
Writing d:\steamlibrary\steamapps\common\portal 2\sdk_content\maps\custom maps\cd_special_stage\cd_special_stage.bsp
0 seconds elapsed



Using shader api: shaderapiempty.dll
materialPath: D:\SteamLibrary\steamapps\common\Portal 2\portal2\materials
Loading D:\SteamLibrary\steamapps\common\Portal 2\sdk_content\maps\custom maps\cd_special_stage\cd_special_stage.vmf
ConVarRef gpu_level doesn't point to an existing ConVar
fixing up env_cubemap materials on brush sides...
0...1...2...3...4...5...6...7...8...9...100...1...2...3...4...5...6...7...8...9...10Processing areas...done (0)
Building Faces...done (0)
FixTjuncs...
PruneNodes...
WriteBSP...
done (0)
writing D:\SteamLibrary\steamapps\common\Portal 2\sdk_content\maps\custom maps\cd_special_stage\cd_special_stage.prt...Building visibility clusters...
done (0)
Finding displacement neighbors...
Finding lightmap sample positions...
Displacement Alpha : 0...1...2...3...4...5...6...7...8...9...10
Building Physics collision data...
done (0) (23316 bytes)
Placing detail props : 0...1...2...3...4...5...6...7...8...9...10
Water found with no water_lod_control entity, creating a default one.
Compacting texture/material tables...
Reduced 65 texinfos to 44
Reduced 10 texdatas to 9 (246 bytes to 193)
Writing D:\SteamLibrary\steamapps\common\Portal 2\sdk_content\maps\custom maps\cd_special_stage\cd_special_stage.bsp

nummapplanes:     (   256 / 65536 )
nummapbrushes:    (    49 /  8192 )
nummapbrushsides: (   294 / 65536 )
num_map_overlays: (     0 /   512 )
nummodels:        (    29 /  1024 )
num_entities:     (   174 / 16384 )

0 seconds elapsed



24 threads
reading d:\steamlibrary\steamapps\common\portal 2\sdk_content\maps\custom maps\cd_special_stage\cd_special_stage.bsp
reading d:\steamlibrary\steamapps\common\portal 2\sdk_content\maps\custom maps\cd_special_stage\cd_special_stage.prt
  19 portalclusters
  36 numportals
0...1...2...3...4...5...6...7...8...9...100...1...2...3...4...5...6...7...8...9...10Optimized: 0 visible clusters (0.00%)
Total clusters visible: 291
Average clusters visible: 15
Building PAS...
Average clusters audible: 15
visdatasize:270  compressed from 304
writing d:\steamlibrary\steamapps\common\portal 2\sdk_content\maps\custom maps\cd_special_stage\cd_special_stage.bsp
0 seconds elapsed



[Reading texlights from 'lights.rad']
[59 texlights parsed from 'lights.rad']

Loading d:\steamlibrary\steamapps\common\portal 2\sdk_content\maps\custom maps\cd_special_stage\cd_special_stage.bsp
205 faces
74642 square feet [10748474.00 square inches]
0 Displacements
0 Square Feet [0.00 Square Inches]
205 patches before subdivision
8395 patches after subdivision
0 direct lights
0...1...2...3...4...5...6...7...8...9...100...1...2...3...4...5...6...7...8...9...10transfers 1136800, max 369
transfer lists:   8.7 megs
0...1...2...3...4...5...6...7...8...9...10	Bounce #1 added RGB(0, 0, 0)
Build Patch/Sample Hash Table(s).....Done<0.0008 sec>
0...1...2...3...4...5...6...7...8...9...10FinalLightFace Done
0 of 0 (0% of) surface lights went in leaf ambient cubes.
0...1...2...3...4...5...6...7...8...9...10Writing leaf ambient...done
Ready to Finish

Object names       Objects/Maxobjs  Memory / Maxmem  Fullness 
------------       ---------------  ---------------  -------- 
models                  29/1024         1392/49152    ( 2.8%) 
brushes                 49/8192          588/98304    ( 0.6%) 
brushsides             294/65536        2352/524288   ( 0.4%) 
planes                 256/65536        5120/1310720  ( 0.4%) 
vertexes               235/65536        2820/786432   ( 0.4%) 
nodes                  252/65536        8064/2097152  ( 0.4%) 
texinfos                44/12288        3168/884736   ( 0.4%) 
texdata                  9/2048          288/65536    ( 0.4%) 
dispinfos                0/0               0/0        ( 0.0%) 
disp_verts               0/0               0/0        ( 0.0%) 
disp_tris                0/0               0/0        ( 0.0%) 
disp_multiblend          0/0               0/0        ( 0.0%) 
disp_lmsamples           0/0               0/0        ( 0.0%) 
faces                  205/65536       11480/3670016  ( 0.3%) 
hdr faces                0/65536           0/3670016  ( 0.0%) 
origfaces              116/65536        6496/3670016  ( 0.2%) 
facebrushes              0/0               0/0        ( 0.0%) 
facebrushlists         205/0             820/0        ( 0.0%) 
leaves                 282/65536        9024/2097152  ( 0.4%) 
leaffaces              205/65536         410/131072   ( 0.3%) 
leafbrushes             89/65536         178/131072   ( 0.1%) 
areas                    4/256            32/2048     ( 1.6%) 
surfedges             1320/512000       5280/2048000  ( 0.3%) 
edges                  683/256000       2732/1024000  ( 0.3%) 
LDR worldlights          0/8192            0/819200   ( 0.0%) 
HDR worldlights          0/8192            0/819200   ( 0.0%) 
leafwaterdata            1/32768          12/393216   ( 0.0%) 
waterstrips              6/32768          60/327680   ( 0.0%) 
waterverts               0/65536           0/786432   ( 0.0%) 
waterindices            72/65536         144/131072   ( 0.1%) 
cubemapsamples           0/1024            0/16384    ( 0.0%) 
overlays                 0/512             0/180224   ( 0.0%) 
LDR lightdata         [variable]      602596/0        ( 0.0%) 
HDR lightdata         [variable]           0/0        ( 0.0%) 
visdata               [variable]         270/16777216 ( 0.0%) 
entdata               [variable]       54879/393216   (14.0%) 
LDR ambient table      282/65536        1128/262144   ( 0.4%) 
HDR ambient table      282/65536        1128/262144   ( 0.4%) 
LDR leaf ambient       200/65536        5600/1835008  ( 0.3%) 
HDR leaf ambient       282/65536        7896/1835008  ( 0.4%) 
occluders                0/0               0/0        ( 0.0%) 
occluder polygons        0/0               0/0        ( 0.0%) 
occluder vert ind        0/0               0/0        ( 0.0%) 
detail props          [variable]           1/12       ( 8.3%) 
static props          [variable]           1/12       ( 8.3%) 
pakfile               [variable]       74778/0        ( 0.0%) 
physics               [variable]       23316/4194304  ( 0.6%) 
physics terrain       [variable]           2/1048576  ( 0.0%) 

Level flags = 1

Total triangle count: 446
Writing d:\steamlibrary\steamapps\common\portal 2\sdk_content\maps\custom maps\cd_special_stage\cd_special_stage.bsp
0 seconds elapsed



Using shader api: shaderapiempty.dll
materialPath: D:\SteamLibrary\steamapps\common\Portal 2\portal2\materials
Loading D:\SteamLibrary\steamapps\common\Portal 2\sdk_content\maps\custom maps\cd_special_stage\cd_special_stage.vmf
ConVarRef gpu_level doesn't point to an existing ConVar
fixing up env_cubemap materials on brush sides...
0...1...2...3...4...5...6...7...8...9...100...1...2...3...4...5...6...7...8...9...10Processing areas...done (0)
Building Faces...done (0)
FixTjuncs...
PruneNodes...
WriteBSP...
done (0)
writing D:\SteamLibrary\steamapps\common\Portal 2\sdk_content\maps\custom maps\cd_special_stage\cd_special_stage.prt...Building visibility clusters...
done (0)
Finding displacement neighbors...
Finding lightmap sample positions...
Displacement Alpha : 0...1...2...3...4...5...6...7...8...9...10
Building Physics collision data...
done (0) (25516 bytes)
Placing detail props : 0...1...2...3...4...5...6...7...8...9...10
Water found with no water_lod_control entity, creating a default one.
Compacting texture/material tables...
Reduced 74 texinfos to 53
Reduced 10 texdatas to 9 (246 bytes to 193)
Writing D:\SteamLibrary\steamapps\common\Portal 2\sdk_content\maps\custom maps\cd_special_stage\cd_special_stage.bsp

nummapplanes:     (   276 / 65536 )
nummapbrushes:    (    53 /  8192 )
nummapbrushsides: (   318 / 65536 )
num_map_overlays: (     0 /   512 )
nummodels:        (    33 /  1024 )
num_entities:     (   181 / 16384 )

0 seconds elapsed



24 threads
reading d:\steamlibrary\steamapps\common\portal 2\sdk_content\maps\custom maps\cd_special_stage\cd_special_stage.bsp
reading d:\steamlibrary\steamapps\common\portal 2\sdk_content\maps\custom maps\cd_special_stage\cd_special_stage.prt
  19 portalclusters
  36 numportals
0...1...2...3...4...5...6...7...8...9...100...1...2...3...4...5...6...7...8...9...10Optimized: 0 visible clusters (0.00%)
Total clusters visible: 291
Average clusters visible: 15
Building PAS...
Average clusters audible: 15
visdatasize:270  compressed from 304
writing d:\steamlibrary\steamapps\common\portal 2\sdk_content\maps\custom maps\cd_special_stage\cd_special_stage.bsp
0 seconds elapsed



[Reading texlights from 'lights.rad']
[59 texlights parsed from 'lights.rad']

Loading d:\steamlibrary\steamapps\common\portal 2\sdk_content\maps\custom maps\cd_special_stage\cd_special_stage.bsp
229 faces
74848 square feet [10778234.00 square inches]
0 Displacements
0 Square Feet [0.00 Square Inches]
229 patches before subdivision
8419 patches after subdivision
0 direct lights
0...1...2...3...4...5...6...7...8...9...100...1...2...3...4...5...6...7...8...9...10transfers 1142105, max 369
transfer lists:   8.7 megs
0...1...2...3...4...5...6...7...8...9...10	Bounce #1 added RGB(0, 0, 0)
Build Patch/Sample Hash Table(s).....Done<0.0008 sec>
0...1...2...3...4...5...6...7...8...9...10FinalLightFace Done
0 of 0 (0% of) surface lights went in leaf ambient cubes.
0...1...2...3...4...5...6...7...8...9...10Writing leaf ambient...done
Ready to Finish

Object names       Objects/Maxobjs  Memory / Maxmem  Fullness 
------------       ---------------  ---------------  -------- 
models                  33/1024         1584/49152    ( 3.2%) 
brushes                 53/8192          636/98304    ( 0.6%) 
brushsides             318/65536        2544/524288   ( 0.5%) 
planes                 276/65536        5520/1310720  ( 0.4%) 
vertexes               267/65536        3204/786432   ( 0.4%) 
nodes                  276/65536        8832/2097152  ( 0.4%) 
texinfos                53/12288        3816/884736   ( 0.4%) 
texdata                  9/2048          288/65536    ( 0.4%) 
dispinfos                0/0               0/0        ( 0.0%) 
disp_verts               0/0               0/0        ( 0.0%) 
disp_tris                0/0               0/0        ( 0.0%) 
disp_multiblend          0/0               0/0        ( 0.0%) 
disp_lmsamples           0/0               0/0        ( 0.0%) 
faces                  229/65536       12824/3670016  ( 0.3%) 
hdr faces                0/65536           0/3670016  ( 0.0%) 
origfaces              140/65536        7840/3670016  ( 0.2%) 
facebrushes              0/0               0/0        ( 0.0%) 
facebrushlists         229/0             916/0        ( 0.0%) 
leaves                 310/65536        9920/2097152  ( 0.5%) 
leaffaces              229/65536         458/131072   ( 0.3%) 
leafbrushes             93/65536         186/131072   ( 0.1%) 
areas                    4/256            32/2048     ( 1.6%) 
surfedges             1512/512000       6048/2048000  ( 0.3%) 
edges                  779/256000       3116/1024000  ( 0.3%) 
LDR worldlights          0/8192            0/819200   ( 0.0%) 
HDR worldlights          0/8192            0/819200   ( 0.0%) 
leafwaterdata            1/32768          12/393216   ( 0.0%) 
waterstrips              6/32768          60/327680   ( 0.0%) 
waterverts               0/65536           0/786432   ( 0.0%) 
waterindices            72/65536         144/131072   ( 0.1%) 
cubemapsamples           0/1024            0/16384    ( 0.0%) 
overlays                 0/512             0/180224   ( 0.0%) 
LDR lightdata         [variable]      602596/0        ( 0.0%) 
HDR lightdata         [variable]           0/0        ( 0.0%) 
visdata               [variable]         270/16777216 ( 0.0%) 
entdata               [variable]       56812/393216   (14.4%) 
LDR ambient table      310/65536        1240/262144   ( 0.5%) 
HDR ambient table      310/65536        1240/262144   ( 0.5%) 
LDR leaf ambient       224/65536        6272/1835008  ( 0.3%) 
HDR leaf ambient       310/65536        8680/1835008  ( 0.5%) 
occluders                0/0               0/0        ( 0.0%) 
occluder polygons        0/0               0/0        ( 0.0%) 
occluder vert ind        0/0               0/0        ( 0.0%) 
detail props          [variable]           1/12       ( 8.3%) 
static props          [variable]           1/12       ( 8.3%) 
pakfile               [variable]       74778/0        ( 0.0%) 
physics               [variable]       25516/4194304  ( 0.6%) 
physics terrain       [variable]           2/1048576  ( 0.0%) 

Level flags = 1

Total triangle count: 494
Writing d:\steamlibrary\steamapps\common\portal 2\sdk_content\maps\custom maps\cd_special_stage\cd_special_stage.bsp
0 seconds elapsed



Using shader api: shaderapiempty.dll
materialPath: D:\SteamLibrary\steamapps\common\Portal 2\portal2\materials
Loading D:\SteamLibrary\steamapps\common\Portal 2\sdk_content\maps\custom maps\cd_special_stage\cd_special_stage.vmf
ConVarRef gpu_level doesn't point to an existing ConVar
fixing up env_cubemap materials on brush sides...
0...1...2...3...4...5...6...7...8...9...100...1...2...3...4...5...6...7...8...9...10Processing areas...done (0)
Building Faces...done (0)
Chop Details...done (0)
Find Visible Detail Sides...done (0)
Merging details...done (0)
FixTjuncs...
PruneNodes...
WriteBSP...
done (0)
writing D:\SteamLibrary\steamapps\common\Portal 2\sdk_content\maps\custom maps\cd_special_stage\cd_special_stage.prt...Building visibility clusters...
done (0)
Finding displacement neighbors...
Finding lightmap sample positions...
Displacement Alpha : 0...1...2...3...4...5...6...7...8...9...10
Building Physics collision data...
done (0) (27938 bytes)
Placing detail props : 0...1...2...3...4...5...6...7...8...9...10
Water found with no water_lod_control entity, creating a default one.
Compacting texture/material tables...
Reduced 74 texinfos to 53
Reduced 10 texdatas to 9 (246 bytes to 193)
Writing D:\SteamLibrary\steamapps\common\Portal 2\sdk_content\maps\custom maps\cd_special_stage\cd_special_stage.bsp

nummapplanes:     (   298 / 65536 )
nummapbrushes:    (    59 /  8192 )
nummapbrushsides: (   354 / 65536 )
num_map_overlays: (     0 /   512 )
nummodels:        (    33 /  1024 )
num_entities:     (   181 / 16384 )

0 seconds elapsed



24 threads
reading d:\steamlibrary\steamapps\common\portal 2\sdk_content\maps\custom maps\cd_special_stage\cd_special_stage.bsp
reading d:\steamlibrary\steamapps\common\portal 2\sdk_content\maps\custom maps\cd_special_stage\cd_special_stage.prt
  33 portalclusters
  68 numportals
0...1...2...3...4...5...6...7...8...9...100...1...2...3...4...5...6...7...8...9...10Optimized: 0 visible clusters (0.00%)
Total clusters visible: 963
Average clusters visible: 29
Building PAS...
Average clusters audible: 29
visdatasize:656  compressed from 528
writing d:\steamlibrary\steamapps\common\portal 2\sdk_content\maps\custom maps\cd_special_stage\cd_special_stage.bsp
0 seconds elapsed



[Reading texlights from 'lights.rad']
[59 texlights parsed from 'lights.rad']

Loading d:\steamlibrary\steamapps\common\portal 2\sdk_content\maps\custom maps\cd_special_stage\cd_special_stage.bsp
281 faces
118056 square feet [17000146.00 square inches]
0 Displacements
0 Square Feet [0.00 Square Inches]
281 patches before subdivision
11279 patches after subdivision
0 direct lights
0...1...2...3...4...5...6...7...8...9...100...1...2...3...4...5...6...7...8...9...10transfers 1715769, max 420
transfer lists:  13.1 megs
0...1...2...3...4...5...6...7...8...9...10	Bounce #1 added RGB(0, 0, 0)
Build Patch/Sample Hash Table(s).....Done<0.0012 sec>
0...1...2...3...4...5...6...7...8...9...10FinalLightFace Done
0 of 0 (0% of) surface lights went in leaf ambient cubes.
0...1...2...3...4...5...6...7...8...9...10Writing leaf ambient...done
Ready to Finish

Object names       Objects/Maxobjs  Memory / Maxmem  Fullness 
------------       ---------------  ---------------  -------- 
models                  33/1024         1584/49152    ( 3.2%) 
brushes                 59/8192          708/98304    ( 0.7%) 
brushsides             354/65536        2832/524288   ( 0.5%) 
planes                 298/65536        5960/1310720  ( 0.5%) 
vertexes               318/65536        3816/786432   ( 0.5%) 
nodes                  313/65536       10016/2097152  ( 0.5%) 
texinfos                53/12288        3816/884736   ( 0.4%) 
texdata                  9/2048          288/65536    ( 0.4%) 
dispinfos                0/0               0/0        ( 0.0%) 
disp_verts               0/0               0/0        ( 0.0%) 
disp_tris                0/0               0/0        ( 0.0%) 
disp_multiblend          0/0               0/0        ( 0.0%) 
disp_lmsamples           0/0               0/0        ( 0.0%) 
faces                  281/65536       15736/3670016  ( 0.4%) 
hdr faces                0/65536           0/3670016  ( 0.0%) 
origfaces              147/65536        8232/3670016  ( 0.2%) 
facebrushes              4/0               8/0        ( 0.0%) 
facebrushlists         281/0            1124/0        ( 0.0%) 
leaves                 347/65536       11104/2097152  ( 0.5%) 
leaffaces              287/65536         574/131072   ( 0.4%) 
leafbrushes            166/65536         332/131072   ( 0.3%) 
areas                    4/256            32/2048     ( 1.6%) 
surfedges             1758/512000       7032/2048000  ( 0.3%) 
edges                  920/256000       3680/1024000  ( 0.4%) 
LDR worldlights          0/8192            0/819200   ( 0.0%) 
HDR worldlights          0/8192            0/819200   ( 0.0%) 
leafwaterdata            1/32768          12/393216   ( 0.0%) 
waterstrips             12/32768         120/327680   ( 0.0%) 
waterverts               0/65536           0/786432   ( 0.0%) 
waterindices           144/65536         288/131072   ( 0.2%) 
cubemapsamples           0/1024            0/16384    ( 0.0%) 
overlays                 0/512             0/180224   ( 0.0%) 
LDR lightdata         [variable]      853164/0        ( 0.0%) 
HDR lightdata         [variable]           0/0        ( 0.0%) 
visdata               [variable]         656/16777216 ( 0.0%) 
entdata               [variable]       56810/393216   (14.4%) 
LDR ambient table      347/65536        1388/262144   ( 0.5%) 
HDR ambient table      347/65536        1388/262144   ( 0.5%) 
LDR leaf ambient       238/65536        6664/1835008  ( 0.4%) 
HDR leaf ambient       347/65536        9716/1835008  ( 0.5%) 
occluders                0/0               0/0        ( 0.0%) 
occluder polygons        0/0               0/0        ( 0.0%) 
occluder vert ind        0/0               0/0        ( 0.0%) 
detail props          [variable]           1/12       ( 8.3%) 
static props          [variable]           1/12       ( 8.3%) 
pakfile               [variable]       74778/0        ( 0.0%) 
physics               [variable]       27938/4194304  ( 0.7%) 
physics terrain       [variable]           2/1048576  ( 0.0%) 

Level flags = 1

Total triangle count: 608
Writing d:\steamlibrary\steamapps\common\portal 2\sdk_content\maps\custom maps\cd_special_stage\cd_special_stage.bsp
0 seconds elapsed
